 0.00000000e+00  0.00000000e+00  0.00000000e+00  0.00000000e+00  0.00000000e+00  0.00000000e+00  0.00000000e+00  0.00000000e+00 
 2.00000000e-09  0.00000000e+00  2.00000000e-09  0.00000000e+00  2.00000000e-09  0.00000000e+00  2.00000000e-09  0.00000000e+00 
 4.00000000e-09  0.00000000e+00  4.00000000e-09  0.00000000e+00  4.00000000e-09  0.00000000e+00  4.00000000e-09  0.00000000e+00 
 8.00000000e-09  0.00000000e+00  8.00000000e-09  0.00000000e+00  8.00000000e-09  0.00000000e+00  8.00000000e-09  0.00000000e+00 
 1.60000000e-08  0.00000000e+00  1.60000000e-08  0.00000000e+00  1.60000000e-08  0.00000000e+00  1.60000000e-08  0.00000000e+00 
 3.20000000e-08  0.00000000e+00  3.20000000e-08  0.00000000e+00  3.20000000e-08  0.00000000e+00  3.20000000e-08  0.00000000e+00 
 6.40000000e-08  0.00000000e+00  6.40000000e-08  0.00000000e+00  6.40000000e-08  0.00000000e+00  6.40000000e-08  0.00000000e+00 
 1.28000000e-07  0.00000000e+00  1.28000000e-07  0.00000000e+00  1.28000000e-07  0.00000000e+00  1.28000000e-07  0.00000000e+00 
 2.56000000e-07  0.00000000e+00  2.56000000e-07  0.00000000e+00  2.56000000e-07  0.00000000e+00  2.56000000e-07  0.00000000e+00 
 4.56000000e-07  0.00000000e+00  4.56000000e-07  0.00000000e+00  4.56000000e-07  0.00000000e+00  4.56000000e-07  0.00000000e+00 
 6.56000000e-07  0.00000000e+00  6.56000000e-07  0.00000000e+00  6.56000000e-07  0.00000000e+00  6.56000000e-07  0.00000000e+00 
 8.56000000e-07  0.00000000e+00  8.56000000e-07  0.00000000e+00  8.56000000e-07  0.00000000e+00  8.56000000e-07  0.00000000e+00 
 1.05600000e-06  0.00000000e+00  1.05600000e-06  0.00000000e+00  1.05600000e-06  0.00000000e+00  1.05600000e-06  0.00000000e+00 
 1.25600000e-06  0.00000000e+00  1.25600000e-06  0.00000000e+00  1.25600000e-06  0.00000000e+00  1.25600000e-06  0.00000000e+00 
 1.45600000e-06  0.00000000e+00  1.45600000e-06  0.00000000e+00  1.45600000e-06  0.00000000e+00  1.45600000e-06  0.00000000e+00 
 1.65600000e-06  0.00000000e+00  1.65600000e-06  0.00000000e+00  1.65600000e-06  0.00000000e+00  1.65600000e-06  0.00000000e+00 
 1.85600000e-06  0.00000000e+00  1.85600000e-06  0.00000000e+00  1.85600000e-06  0.00000000e+00  1.85600000e-06  0.00000000e+00 
 2.05600000e-06  0.00000000e+00  2.05600000e-06  0.00000000e+00  2.05600000e-06  0.00000000e+00  2.05600000e-06  0.00000000e+00 
 2.25600000e-06  0.00000000e+00  2.25600000e-06  0.00000000e+00  2.25600000e-06  0.00000000e+00  2.25600000e-06  0.00000000e+00 
 2.45600000e-06  0.00000000e+00  2.45600000e-06  0.00000000e+00  2.45600000e-06  0.00000000e+00  2.45600000e-06  0.00000000e+00 
 2.65600000e-06  0.00000000e+00  2.65600000e-06  0.00000000e+00  2.65600000e-06  0.00000000e+00  2.65600000e-06  0.00000000e+00 
 2.85600000e-06  0.00000000e+00  2.85600000e-06  0.00000000e+00  2.85600000e-06  0.00000000e+00  2.85600000e-06  0.00000000e+00 
 3.05600000e-06  0.00000000e+00  3.05600000e-06  0.00000000e+00  3.05600000e-06  0.00000000e+00  3.05600000e-06  0.00000000e+00 
 3.25600000e-06  0.00000000e+00  3.25600000e-06  0.00000000e+00  3.25600000e-06  0.00000000e+00  3.25600000e-06  0.00000000e+00 
 3.45600000e-06  0.00000000e+00  3.45600000e-06  0.00000000e+00  3.45600000e-06  0.00000000e+00  3.45600000e-06  0.00000000e+00 
 3.65600000e-06  0.00000000e+00  3.65600000e-06  0.00000000e+00  3.65600000e-06  0.00000000e+00  3.65600000e-06  0.00000000e+00 
 3.85600000e-06  0.00000000e+00  3.85600000e-06  0.00000000e+00  3.85600000e-06  0.00000000e+00  3.85600000e-06  0.00000000e+00 
 4.05600000e-06  0.00000000e+00  4.05600000e-06  0.00000000e+00  4.05600000e-06  0.00000000e+00  4.05600000e-06  0.00000000e+00 
 4.25600000e-06  0.00000000e+00  4.25600000e-06  0.00000000e+00  4.25600000e-06  0.00000000e+00  4.25600000e-06  0.00000000e+00 
 4.45600000e-06  0.00000000e+00  4.45600000e-06  0.00000000e+00  4.45600000e-06  0.00000000e+00  4.45600000e-06  0.00000000e+00 
 4.65600000e-06  0.00000000e+00  4.65600000e-06  0.00000000e+00  4.65600000e-06  0.00000000e+00  4.65600000e-06  0.00000000e+00 
 4.85600000e-06  0.00000000e+00  4.85600000e-06  0.00000000e+00  4.85600000e-06  0.00000000e+00  4.85600000e-06  0.00000000e+00 
 5.05600000e-06  0.00000000e+00  5.05600000e-06  0.00000000e+00  5.05600000e-06  0.00000000e+00  5.05600000e-06  0.00000000e+00 
 5.25600000e-06  0.00000000e+00  5.25600000e-06  0.00000000e+00  5.25600000e-06  0.00000000e+00  5.25600000e-06  0.00000000e+00 
 5.45600000e-06  0.00000000e+00  5.45600000e-06  0.00000000e+00  5.45600000e-06  0.00000000e+00  5.45600000e-06  0.00000000e+00 
 5.65600000e-06  0.00000000e+00  5.65600000e-06  0.00000000e+00  5.65600000e-06  0.00000000e+00  5.65600000e-06  0.00000000e+00 
 5.85600000e-06  0.00000000e+00  5.85600000e-06  0.00000000e+00  5.85600000e-06  0.00000000e+00  5.85600000e-06  0.00000000e+00 
 6.05600000e-06  0.00000000e+00  6.05600000e-06  0.00000000e+00  6.05600000e-06  0.00000000e+00  6.05600000e-06  0.00000000e+00 
 6.25600000e-06  0.00000000e+00  6.25600000e-06  0.00000000e+00  6.25600000e-06  0.00000000e+00  6.25600000e-06  0.00000000e+00 
 6.45600000e-06  0.00000000e+00  6.45600000e-06  0.00000000e+00  6.45600000e-06  0.00000000e+00  6.45600000e-06  0.00000000e+00 
 6.65600000e-06  0.00000000e+00  6.65600000e-06  0.00000000e+00  6.65600000e-06  0.00000000e+00  6.65600000e-06  0.00000000e+00 
 6.85600000e-06  0.00000000e+00  6.85600000e-06  0.00000000e+00  6.85600000e-06  0.00000000e+00  6.85600000e-06  0.00000000e+00 
 7.05600000e-06  0.00000000e+00  7.05600000e-06  0.00000000e+00  7.05600000e-06  0.00000000e+00  7.05600000e-06  0.00000000e+00 
 7.25600000e-06  0.00000000e+00  7.25600000e-06  0.00000000e+00  7.25600000e-06  0.00000000e+00  7.25600000e-06  0.00000000e+00 
 7.45600000e-06  0.00000000e+00  7.45600000e-06  0.00000000e+00  7.45600000e-06  0.00000000e+00  7.45600000e-06  0.00000000e+00 
 7.65600000e-06  0.00000000e+00  7.65600000e-06  0.00000000e+00  7.65600000e-06  0.00000000e+00  7.65600000e-06  0.00000000e+00 
 7.85600000e-06  0.00000000e+00  7.85600000e-06  0.00000000e+00  7.85600000e-06  0.00000000e+00  7.85600000e-06  0.00000000e+00 
 8.05600000e-06  0.00000000e+00  8.05600000e-06  0.00000000e+00  8.05600000e-06  0.00000000e+00  8.05600000e-06  0.00000000e+00 
 8.25600000e-06  0.00000000e+00  8.25600000e-06  0.00000000e+00  8.25600000e-06  0.00000000e+00  8.25600000e-06  0.00000000e+00 
 8.45600000e-06  0.00000000e+00  8.45600000e-06  0.00000000e+00  8.45600000e-06  0.00000000e+00  8.45600000e-06  0.00000000e+00 
 8.65600000e-06  0.00000000e+00  8.65600000e-06  0.00000000e+00  8.65600000e-06  0.00000000e+00  8.65600000e-06  0.00000000e+00 
 8.85600000e-06  0.00000000e+00  8.85600000e-06  0.00000000e+00  8.85600000e-06  0.00000000e+00  8.85600000e-06  0.00000000e+00 
 9.05600000e-06  0.00000000e+00  9.05600000e-06  0.00000000e+00  9.05600000e-06  0.00000000e+00  9.05600000e-06  0.00000000e+00 
 9.25600000e-06  0.00000000e+00  9.25600000e-06  0.00000000e+00  9.25600000e-06  0.00000000e+00  9.25600000e-06  0.00000000e+00 
 9.45600000e-06  0.00000000e+00  9.45600000e-06  0.00000000e+00  9.45600000e-06  0.00000000e+00  9.45600000e-06  0.00000000e+00 
 9.65600000e-06  0.00000000e+00  9.65600000e-06  0.00000000e+00  9.65600000e-06  0.00000000e+00  9.65600000e-06  0.00000000e+00 
 9.82800000e-06  0.00000000e+00  9.82800000e-06  0.00000000e+00  9.82800000e-06  0.00000000e+00  9.82800000e-06  0.00000000e+00 
 1.00000000e-05  0.00000000e+00  1.00000000e-05  0.00000000e+00  1.00000000e-05  0.00000000e+00  1.00000000e-05  0.00000000e+00 
 1.00026880e-05  1.03993174e-07  1.00026880e-05  5.37600000e-03  1.00026880e-05  3.26932120e-04  1.00026880e-05  1.77979897e-05 
 1.00080640e-05  9.24224653e-07  1.00080640e-05  1.61280000e-02  1.00080640e-05  1.63462297e-03  1.00080640e-05  1.20708231e-04 
 1.00151505e-05  6.39622401e-06  1.00151505e-05  3.03009784e-02  1.00151505e-05  5.35595873e-03  1.00151505e-05  5.72071125e-04 
 1.00219101e-05  2.21643659e-05  1.00219101e-05  4.38202841e-02  1.00219101e-05  1.10215678e-02  1.00219101e-05  1.51020190e-03 
 1.00312290e-05  7.85761411e-05  1.00312290e-05  6.24579605e-02  1.00312290e-05  2.22144171e-02  1.00312290e-05  3.88673021e-03 
 1.00431842e-05  2.52492479e-04  1.00431842e-05  8.63683047e-02  1.00431842e-05  4.22967465e-02  1.00431842e-05  9.11748840e-03 
 1.00603979e-05  8.38161447e-04  1.00603979e-05  1.20795745e-01  1.00603979e-05  8.24242162e-02  1.00603979e-05  2.15258846e-02 
 1.00846140e-05  2.72053686e-03  1.00846140e-05  1.69228030e-01  1.00846140e-05  1.60897296e-01  1.00846140e-05  4.94313972e-02 
 1.01206797e-05  9.03502696e-03  1.01206797e-05  2.41359422e-01  1.01206797e-05  3.23611943e-01  1.01206797e-05  1.14022429e-01 
 1.01746474e-05  2.98656233e-02  1.01746474e-05  3.49294736e-01  1.01746474e-05  6.60448062e-01  1.01746474e-05  2.59444502e-01 
 1.02600867e-05  1.00477925e-01  1.02600867e-05  5.20173399e-01  1.02600867e-05  1.37479842e+00  1.02600867e-05  5.88645213e-01 
 1.04057294e-05  3.42261209e-01  1.04057294e-05  8.11458714e-01  1.04057294e-05  2.83921695e+00  1.04057294e-05  1.30265384e+00 
 1.06057294e-05  8.72090272e-01  1.06057294e-05  1.21145871e+00  1.06057294e-05  4.66838182e+00  1.06057294e-05  2.24404049e+00 
 1.08057294e-05  1.48060574e+00  1.08057294e-05  1.61145871e+00  1.08057294e-05  5.73199587e+00  1.08057294e-05  2.82773546e+00 
 1.10000000e-05  1.98505362e+00  1.10000000e-05  2.00000000e+00  1.10000000e-05  6.05215020e+00  1.10000000e-05  3.02064569e+00 
 1.10200000e-05  2.02718553e+00  1.10200000e-05  2.00000000e+00  1.10200000e-05  6.03982172e+00  1.10200000e-05  3.02029577e+00 
 1.10600000e-05  2.10689885e+00  1.10600000e-05  2.00000000e+00  1.10600000e-05  5.97909568e+00  1.10600000e-05  3.00547061e+00 
 1.11400000e-05  2.23377592e+00  1.11400000e-05  2.00000000e+00  1.11400000e-05  5.67068729e+00  1.11400000e-05  2.88543852e+00 
 1.13000000e-05  2.33221538e+00  1.13000000e-05  2.00000000e+00  1.13000000e-05  4.64608192e+00  1.13000000e-05  2.40505229e+00 
 1.15000000e-05  2.20393225e+00  1.15000000e-05  2.00000000e+00  1.15000000e-05  3.43289544e+00  1.15000000e-05  1.77339991e+00 
 1.17000000e-05  1.96125050e+00  1.17000000e-05  2.00000000e+00  1.17000000e-05  3.05903193e+00  1.17000000e-05  1.52681291e+00 
 1.19000000e-05  1.80789039e+00  1.19000000e-05  2.00000000e+00  1.19000000e-05  3.58118736e+00  1.19000000e-05  1.74524227e+00 
 1.21000000e-05  1.83166239e+00  1.21000000e-05  2.00000000e+00  1.21000000e-05  4.39649830e+00  1.21000000e-05  2.15373267e+00 
 1.23000000e-05  1.97060166e+00  1.23000000e-05  2.00000000e+00  1.23000000e-05  4.84365563e+00  1.23000000e-05  2.40997171e+00 
 1.25000000e-05  2.09549989e+00  1.25000000e-05  2.00000000e+00  1.25000000e-05  4.69388883e+00  1.25000000e-05  2.36802812e+00 
 1.27000000e-05  2.11997741e+00  1.27000000e-05  2.00000000e+00  1.27000000e-05  4.20618228e+00  1.27000000e-05  2.13358494e+00 
 1.29000000e-05  2.05183443e+00  1.29000000e-05  2.00000000e+00  1.29000000e-05  3.81728618e+00  1.29000000e-05  1.92421145e+00 
 1.31000000e-05  1.96359075e+00  1.31000000e-05  2.00000000e+00  1.31000000e-05  3.78221565e+00  1.31000000e-05  1.88431638e+00 
 1.33000000e-05  1.92387749e+00  1.33000000e-05  2.00000000e+00  1.33000000e-05  4.03663550e+00  1.33000000e-05  1.99972033e+00 
 1.35000000e-05  1.94900341e+00  1.35000000e-05  2.00000000e+00  1.35000000e-05  4.32404612e+00  1.35000000e-05  2.14799914e+00 
 1.37000000e-05  2.00445865e+00  1.37000000e-05  2.00000000e+00  1.37000000e-05  4.42913753e+00  1.37000000e-05  2.21405942e+00 
 1.39000000e-05  2.04263210e+00  1.39000000e-05  2.00000000e+00  1.39000000e-05  4.32239938e+00  1.39000000e-05  2.17114927e+00 
 1.41000000e-05  2.04041176e+00  1.41000000e-05  2.00000000e+00  1.41000000e-05  4.13432602e+00  1.41000000e-05  2.07775924e+00 
 1.43000000e-05  2.00962416e+00  1.43000000e-05  2.00000000e+00  1.43000000e-05  4.02093809e+00  1.43000000e-05  2.01391791e+00 
 1.45000000e-05  1.97967181e+00  1.45000000e-05  2.00000000e+00  1.45000000e-05  4.04497286e+00  1.45000000e-05  2.01811435e+00 
 1.47000000e-05  1.97191113e+00  1.47000000e-05  2.00000000e+00  1.47000000e-05  4.15432822e+00  1.47000000e-05  2.07009947e+00 
 1.49000000e-05  1.98631144e+00  1.49000000e-05  2.00000000e+00  1.49000000e-05  4.24865718e+00  1.49000000e-05  2.12034026e+00 
 1.51000000e-05  2.00689233e+00  1.51000000e-05  2.00000000e+00  1.51000000e-05  4.26384066e+00  1.51000000e-05  2.13310124e+00 
 1.53000000e-05  2.01726913e+00  1.53000000e-05  2.00000000e+00  1.53000000e-05  4.20898503e+00  1.53000000e-05  2.10868350e+00 
 1.55000000e-05  2.01255345e+00  1.55000000e-05  2.00000000e+00  1.55000000e-05  4.14132422e+00  1.55000000e-05  2.07408319e+00 
 1.57000000e-05  1.99996233e+00  1.57000000e-05  2.00000000e+00  1.57000000e-05  4.11282122e+00  1.57000000e-05  2.05679331e+00 
 1.59000000e-05  1.99055636e+00  1.59000000e-05  2.00000000e+00  1.59000000e-05  4.13408555e+00  1.59000000e-05  2.06488083e+00 
 1.61000000e-05  1.99030205e+00  1.61000000e-05  2.00000000e+00  1.61000000e-05  4.17720428e+00  1.61000000e-05  2.08609662e+00 
 1.63000000e-05  1.99706532e+00  1.63000000e-05  2.00000000e+00  1.63000000e-05  4.20559524e+00  1.63000000e-05  2.10183967e+00 
 1.65000000e-05  2.00419928e+00  1.65000000e-05  2.00000000e+00  1.65000000e-05  4.20254394e+00  1.65000000e-05  2.10215954e+00 
 1.67000000e-05  2.00647310e+00  1.67000000e-05  2.00000000e+00  1.67000000e-05  4.17820868e+00  1.67000000e-05  2.09073104e+00 
 1.69000000e-05  2.00348004e+00  1.69000000e-05  2.00000000e+00  1.69000000e-05  4.15550173e+00  1.69000000e-05  2.07875819e+00 
 1.71000000e-05  1.99870890e+00  1.71000000e-05  2.00000000e+00  1.71000000e-05  4.15036146e+00  1.71000000e-05  2.07500017e+00 
 1.73000000e-05  1.99604546e+00  1.73000000e-05  2.00000000e+00  1.73000000e-05  4.16204137e+00  1.73000000e-05  2.08008302e+00 
 1.75000000e-05  1.99687391e+00  1.75000000e-05  2.00000000e+00  1.75000000e-05  4.17787221e+00  1.75000000e-05  2.08810823e+00 
 1.77000000e-05  1.99971358e+00  1.77000000e-05  2.00000000e+00  1.77000000e-05  4.18540361e+00  1.77000000e-05  2.09255204e+00 
 1.79000000e-05  2.00201044e+00  1.79000000e-05  2.00000000e+00  1.79000000e-05  4.18131381e+00  1.79000000e-05  2.09112141e+00 
 1.81000000e-05  2.00224804e+00  1.81000000e-05  2.00000000e+00  1.81000000e-05  4.17149026e+00  1.81000000e-05  2.08633389e+00 
 1.83000000e-05  2.00077668e+00  1.83000000e-05  2.00000000e+00  1.83000000e-05  4.16445841e+00  1.83000000e-05  2.08248681e+00 
 1.85000000e-05  1.99908856e+00  1.85000000e-05  2.00000000e+00  1.85000000e-05  4.16457485e+00  1.85000000e-05  2.08211223e+00 
 1.87000000e-05  1.99845414e+00  1.87000000e-05  2.00000000e+00  1.87000000e-05  4.16994579e+00  1.87000000e-05  2.08460064e+00 
 1.89000000e-05  1.99906344e+00  1.89000000e-05  2.00000000e+00  1.89000000e-05  4.17537333e+00  1.89000000e-05  2.08743530e+00 
 1.91000000e-05  2.00016282e+00  1.91000000e-05  2.00000000e+00  1.91000000e-05  4.17693491e+00  1.91000000e-05  2.08848737e+00 
 1.93000000e-05  2.00083655e+00  1.93000000e-05  2.00000000e+00  1.93000000e-05  4.17448494e+00  1.93000000e-05  2.08745064e+00 
 1.95000000e-05  2.00070728e+00  1.95000000e-05  2.00000000e+00  1.95000000e-05  4.17080329e+00  1.95000000e-05  2.08560051e+00 
 1.97000000e-05  2.00007140e+00  1.97000000e-05  2.00000000e+00  1.97000000e-05  4.16885289e+00  1.97000000e-05  2.08447516e+00 
 1.99000000e-05  1.99951507e+00  1.99000000e-05  2.00000000e+00  1.99000000e-05  4.16959981e+00  1.99000000e-05  2.08470142e+00 
 2.01000000e-05  1.99941875e+00  2.01000000e-05  2.00000000e+00  2.01000000e-05  4.17182326e+00  2.01000000e-05  2.08577413e+00 
 2.03000000e-05  1.99973532e+00  2.03000000e-05  2.00000000e+00  2.03000000e-05  4.17354833e+00  2.03000000e-05  2.08670654e+00 
 2.05000000e-05  2.00013228e+00  2.05000000e-05  2.00000000e+00  2.05000000e-05  4.17365904e+00  2.05000000e-05  2.08686277e+00 
 2.07000000e-05  2.00030344e+00  2.07000000e-05  2.00000000e+00  2.07000000e-05  4.17248442e+00  2.07000000e-05  2.08632686e+00 
 2.09000000e-05  2.00018272e+00  2.09000000e-05  2.00000000e+00  2.09000000e-05  4.17119573e+00  2.09000000e-05  2.08565994e+00 
 2.11000000e-05  1.99993096e+00  2.11000000e-05  2.00000000e+00  2.11000000e-05  4.17074980e+00  2.11000000e-05  2.08537542e+00 
 2.13000000e-05  1.99976261e+00  2.13000000e-05  2.00000000e+00  2.13000000e-05  4.17125435e+00  2.13000000e-05  2.08558135e+00 
 2.15000000e-05  1.99977779e+00  2.15000000e-05  2.00000000e+00  2.15000000e-05  4.17210541e+00  2.15000000e-05  2.08600527e+00 
 2.17000000e-05  1.99991909e+00  2.17000000e-05  2.00000000e+00  2.17000000e-05  4.17260241e+00  2.17000000e-05  2.08628672e+00 
 2.19000000e-05  2.00005283e+00  2.19000000e-05  2.00000000e+00  2.19000000e-05  4.17247713e+00  2.19000000e-05  2.08625912e+00 
 2.21000000e-05  2.00008463e+00  2.21000000e-05  2.00000000e+00  2.21000000e-05  4.17197734e+00  2.21000000e-05  2.08602059e+00 
 2.23000000e-05  2.00001739e+00  2.23000000e-05  2.00000000e+00  2.23000000e-05  4.17155775e+00  2.23000000e-05  2.08579630e+00 
 2.25000000e-05  1.99992462e+00  2.25000000e-05  2.00000000e+00  2.25000000e-05  4.17150019e+00  2.25000000e-05  2.08574414e+00 
 2.27000000e-05  1.99987957e+00  2.27000000e-05  2.00000000e+00  2.27000000e-05  4.17175444e+00  2.27000000e-05  2.08585810e+00 
 2.29000000e-05  1.99990261e+00  2.29000000e-05  2.00000000e+00  2.29000000e-05  4.17205847e+00  2.29000000e-05  2.08601405e+00 
 2.31000000e-05  1.99995990e+00  2.31000000e-05  2.00000000e+00  2.31000000e-05  4.17218075e+00  2.31000000e-05  2.08608906e+00 
 2.33000000e-05  2.00000152e+00  2.33000000e-05  2.00000000e+00  2.33000000e-05  4.17207925e+00  2.33000000e-05  2.08604962e+00 
 2.35000000e-05  2.00000147e+00  2.35000000e-05  2.00000000e+00  2.35000000e-05  4.17188372e+00  2.35000000e-05  2.08595310e+00 
 2.37000000e-05  1.99997033e+00  2.37000000e-05  2.00000000e+00  2.37000000e-05  4.17175876e+00  2.37000000e-05  2.08588346e+00 
 2.39000000e-05  1.99993840e+00  2.39000000e-05  2.00000000e+00  2.39000000e-05  4.17177649e+00  2.39000000e-05  2.08588404e+00 
 2.41000000e-05  1.99992887e+00  2.41000000e-05  2.00000000e+00  2.41000000e-05  4.17188800e+00  2.41000000e-05  2.08593664e+00 
 2.43000000e-05  1.99994293e+00  2.43000000e-05  2.00000000e+00  2.43000000e-05  4.17198927e+00  2.43000000e-05  2.08599021e+00 
 2.45000000e-05  1.99996448e+00  2.45000000e-05  2.00000000e+00  2.45000000e-05  4.17200995e+00  2.45000000e-05  2.08600594e+00 
 2.47000000e-05  1.99997611e+00  2.47000000e-05  2.00000000e+00  2.47000000e-05  4.17195557e+00  2.47000000e-05  2.08598207e+00 
 2.49000000e-05  1.99997196e+00  2.49000000e-05  2.00000000e+00  2.49000000e-05  4.17188428e+00  2.49000000e-05  2.08594583e+00 
 2.51000000e-05  1.99995901e+00  2.51000000e-05  2.00000000e+00  2.51000000e-05  4.17185171e+00  2.51000000e-05  2.08592643e+00 
 2.53000000e-05  1.99994881e+00  2.53000000e-05  2.00000000e+00  2.53000000e-05  4.17187149e+00  2.53000000e-05  2.08593359e+00 
 2.55000000e-05  1.99994802e+00  2.55000000e-05  2.00000000e+00  2.55000000e-05  4.17191614e+00  2.55000000e-05  2.08595542e+00 
 2.57000000e-05  1.99995481e+00  2.57000000e-05  2.00000000e+00  2.57000000e-05  4.17194720e+00  2.57000000e-05  2.08597249e+00 
 2.59000000e-05  1.99996239e+00  2.59000000e-05  2.00000000e+00  2.59000000e-05  4.17194575e+00  2.59000000e-05  2.08597372e+00 
 2.61000000e-05  1.99996509e+00  2.61000000e-05  2.00000000e+00  2.61000000e-05  4.17192107e+00  2.61000000e-05  2.08596222e+00 
 2.63000000e-05  1.99996220e+00  2.63000000e-05  2.00000000e+00  2.63000000e-05  4.17189680e+00  2.63000000e-05  2.08594951e+00 
 2.65000000e-05  1.99995722e+00  2.65000000e-05  2.00000000e+00  2.65000000e-05  4.17189033e+00  2.65000000e-05  2.08594504e+00 
 2.67000000e-05  1.99995427e+00  2.67000000e-05  2.00000000e+00  2.67000000e-05  4.17190180e+00  2.67000000e-05  2.08594994e+00 
 2.69000000e-05  1.99995495e+00  2.69000000e-05  2.00000000e+00  2.69000000e-05  4.17191841e+00  2.69000000e-05  2.08595832e+00 
 2.71000000e-05  1.99995786e+00  2.71000000e-05  2.00000000e+00  2.71000000e-05  4.17192690e+00  2.71000000e-05  2.08596325e+00 
 2.73000000e-05  1.99996033e+00  2.73000000e-05  2.00000000e+00  2.73000000e-05  4.17192321e+00  2.73000000e-05  2.08596207e+00 
 2.75000000e-05  1.99996070e+00  2.75000000e-05  2.00000000e+00  2.75000000e-05  4.17191309e+00  2.75000000e-05  2.08595716e+00 
 2.77000000e-05  1.99995924e+00  2.77000000e-05  2.00000000e+00  2.77000000e-05  4.17190544e+00  2.77000000e-05  2.08595301e+00 
 2.79000000e-05  1.99995745e+00  2.79000000e-05  2.00000000e+00  2.79000000e-05  4.17190516e+00  2.79000000e-05  2.08595242e+00 
 2.81000000e-05  1.99995672e+00  2.81000000e-05  2.00000000e+00  2.81000000e-05  4.17191057e+00  2.81000000e-05  2.08595490e+00 
 2.83000000e-05  1.99995729e+00  2.83000000e-05  2.00000000e+00  2.83000000e-05  4.17191635e+00  2.83000000e-05  2.08595790e+00 
 2.85000000e-05  1.99995844e+00  2.85000000e-05  2.00000000e+00  2.85000000e-05  4.17191823e+00  2.85000000e-05  2.08595912e+00 
 2.87000000e-05  1.99995918e+00  2.87000000e-05  2.00000000e+00  2.87000000e-05  4.17191585e+00  2.87000000e-05  2.08595814e+00 
 2.89000000e-05  1.99995909e+00  2.89000000e-05  2.00000000e+00  2.89000000e-05  4.17191200e+00  2.89000000e-05  2.08595621e+00 
 2.91000000e-05  1.99995844e+00  2.91000000e-05  2.00000000e+00  2.91000000e-05  4.17190983e+00  2.91000000e-05  2.08595497e+00 
 2.93000000e-05  1.99995784e+00  2.93000000e-05  2.00000000e+00  2.93000000e-05  4.17191047e+00  2.93000000e-05  2.08595514e+00 
 2.95000000e-05  1.99995771e+00  2.95000000e-05  2.00000000e+00  2.95000000e-05  4.17191275e+00  2.95000000e-05  2.08595623e+00 
 2.97000000e-05  1.99995803e+00  2.97000000e-05  2.00000000e+00  2.97000000e-05  4.17191462e+00  2.97000000e-05  2.08595723e+00 
 2.99000000e-05  1.99995844e+00  2.99000000e-05  2.00000000e+00  2.99000000e-05  4.17191483e+00  2.99000000e-05  2.08595744e+00 
 3.01000000e-05  1.99995864e+00  3.01000000e-05  2.00000000e+00  3.01000000e-05  4.17191365e+00  3.01000000e-05  2.08595691e+00 
 3.03000000e-05  1.99995853e+00  3.03000000e-05  2.00000000e+00  3.03000000e-05  4.17191228e+00  3.03000000e-05  2.08595621e+00 
 3.05000000e-05  1.99995827e+00  3.05000000e-05  2.00000000e+00  3.05000000e-05  4.17191176e+00  3.05000000e-05  2.08595588e+00 
 3.07000000e-05  1.99995808e+00  3.07000000e-05  2.00000000e+00  3.07000000e-05  4.17191224e+00  3.07000000e-05  2.08595608e+00 
 3.09000000e-05  1.99995809e+00  3.09000000e-05  2.00000000e+00  3.09000000e-05  4.17191313e+00  3.09000000e-05  2.08595651e+00 
 3.11000000e-05  1.99995823e+00  3.11000000e-05  2.00000000e+00  3.11000000e-05  4.17191368e+00  3.11000000e-05  2.08595682e+00 
 3.13000000e-05  1.99995837e+00  3.13000000e-05  2.00000000e+00  3.13000000e-05  4.17191358e+00  3.13000000e-05  2.08595681e+00 
 3.15000000e-05  1.99995841e+00  3.15000000e-05  2.00000000e+00  3.15000000e-05  4.17191307e+00  3.15000000e-05  2.08595657e+00 
 3.17000000e-05  1.99995835e+00  3.17000000e-05  2.00000000e+00  3.17000000e-05  4.17191262e+00  3.17000000e-05  2.08595633e+00 
 3.19000000e-05  1.99995825e+00  3.19000000e-05  2.00000000e+00  3.19000000e-05  4.17191254e+00  3.19000000e-05  2.08595626e+00 
 3.21000000e-05  1.99995820e+00  3.21000000e-05  2.00000000e+00  3.21000000e-05  4.17191279e+00  3.21000000e-05  2.08595638e+00 
 3.23000000e-05  1.99995822e+00  3.23000000e-05  2.00000000e+00  3.23000000e-05  4.17191311e+00  3.23000000e-05  2.08595654e+00 
 3.25000000e-05  1.99995828e+00  3.25000000e-05  2.00000000e+00  3.25000000e-05  4.17191325e+00  3.25000000e-05  2.08595662e+00 
 3.27000000e-05  1.99995832e+00  3.27000000e-05  2.00000000e+00  3.27000000e-05  4.17191316e+00  3.27000000e-05  2.08595659e+00 
 3.29000000e-05  1.99995833e+00  3.29000000e-05  2.00000000e+00  3.29000000e-05  4.17191295e+00  3.29000000e-05  2.08595649e+00 
 3.31000000e-05  1.99995830e+00  3.31000000e-05  2.00000000e+00  3.31000000e-05  4.17191282e+00  3.31000000e-05  2.08595641e+00 
 3.33000000e-05  1.99995826e+00  3.33000000e-05  2.00000000e+00  3.33000000e-05  4.17191283e+00  3.33000000e-05  2.08595641e+00 
 3.35000000e-05  1.99995825e+00  3.35000000e-05  2.00000000e+00  3.35000000e-05  4.17191294e+00  3.35000000e-05  2.08595646e+00 
 3.37000000e-05  1.99995826e+00  3.37000000e-05  2.00000000e+00  3.37000000e-05  4.17191305e+00  3.37000000e-05  2.08595652e+00 
 3.39000000e-05  1.99995829e+00  3.39000000e-05  2.00000000e+00  3.39000000e-05  4.17191308e+00  3.39000000e-05  2.08595654e+00 
 3.41000000e-05  1.99995830e+00  3.41000000e-05  2.00000000e+00  3.41000000e-05  4.17191302e+00  3.41000000e-05  2.08595652e+00 
 3.43000000e-05  1.99995830e+00  3.43000000e-05  2.00000000e+00  3.43000000e-05  4.17191295e+00  3.43000000e-05  2.08595648e+00 
 3.45000000e-05  1.99995828e+00  3.45000000e-05  2.00000000e+00  3.45000000e-05  4.17191291e+00  3.45000000e-05  2.08595646e+00 
 3.47000000e-05  1.99995827e+00  3.47000000e-05  2.00000000e+00  3.47000000e-05  4.17191293e+00  3.47000000e-05  2.08595646e+00 
 3.49000000e-05  1.99995827e+00  3.49000000e-05  2.00000000e+00  3.49000000e-05  4.17191297e+00  3.49000000e-05  2.08595648e+00 
 3.51000000e-05  1.99995828e+00  3.51000000e-05  2.00000000e+00  3.51000000e-05  4.17191301e+00  3.51000000e-05  2.08595650e+00 
 3.53000000e-05  1.99995828e+00  3.53000000e-05  2.00000000e+00  3.53000000e-05  4.17191301e+00  3.53000000e-05  2.08595651e+00 
 3.55000000e-05  1.99995829e+00  3.55000000e-05  2.00000000e+00  3.55000000e-05  4.17191298e+00  3.55000000e-05  2.08595649e+00 
 3.57000000e-05  1.99995829e+00  3.57000000e-05  2.00000000e+00  3.57000000e-05  4.17191296e+00  3.57000000e-05  2.08595648e+00 
 3.59000000e-05  1.99995828e+00  3.59000000e-05  2.00000000e+00  3.59000000e-05  4.17191295e+00  3.59000000e-05  2.08595648e+00 
 3.61000000e-05  1.99995828e+00  3.61000000e-05  2.00000000e+00  3.61000000e-05  4.17191296e+00  3.61000000e-05  2.08595648e+00 
 3.63000000e-05  1.99995828e+00  3.63000000e-05  2.00000000e+00  3.63000000e-05  4.17191298e+00  3.63000000e-05  2.08595649e+00 
 3.65000000e-05  1.99995828e+00  3.65000000e-05  2.00000000e+00  3.65000000e-05  4.17191299e+00  3.65000000e-05  2.08595649e+00 
 3.67000000e-05  1.99995828e+00  3.67000000e-05  2.00000000e+00  3.67000000e-05  4.17191299e+00  3.67000000e-05  2.08595649e+00 
 3.69000000e-05  1.99995828e+00  3.69000000e-05  2.00000000e+00  3.69000000e-05  4.17191297e+00  3.69000000e-05  2.08595649e+00 
 3.71000000e-05  1.99995828e+00  3.71000000e-05  2.00000000e+00  3.71000000e-05  4.17191297e+00  3.71000000e-05  2.08595648e+00 
 3.73000000e-05  1.99995828e+00  3.73000000e-05  2.00000000e+00  3.73000000e-05  4.17191297e+00  3.73000000e-05  2.08595648e+00 
 3.75000000e-05  1.99995828e+00  3.75000000e-05  2.00000000e+00  3.75000000e-05  4.17191297e+00  3.75000000e-05  2.08595649e+00 
 3.77000000e-05  1.99995828e+00  3.77000000e-05  2.00000000e+00  3.77000000e-05  4.17191298e+00  3.77000000e-05  2.08595649e+00 
 3.79000000e-05  1.99995828e+00  3.79000000e-05  2.00000000e+00  3.79000000e-05  4.17191298e+00  3.79000000e-05  2.08595649e+00 
 3.81000000e-05  1.99995828e+00  3.81000000e-05  2.00000000e+00  3.81000000e-05  4.17191298e+00  3.81000000e-05  2.08595649e+00 
 3.83000000e-05  1.99995828e+00  3.83000000e-05  2.00000000e+00  3.83000000e-05  4.17191297e+00  3.83000000e-05  2.08595649e+00 
 3.85000000e-05  1.99995828e+00  3.85000000e-05  2.00000000e+00  3.85000000e-05  4.17191297e+00  3.85000000e-05  2.08595649e+00 
 3.87000000e-05  1.99995828e+00  3.87000000e-05  2.00000000e+00  3.87000000e-05  4.17191297e+00  3.87000000e-05  2.08595649e+00 
 3.89000000e-05  1.99995828e+00  3.89000000e-05  2.00000000e+00  3.89000000e-05  4.17191297e+00  3.89000000e-05  2.08595649e+00 
 3.91000000e-05  1.99995828e+00  3.91000000e-05  2.00000000e+00  3.91000000e-05  4.17191298e+00  3.91000000e-05  2.08595649e+00 
 3.93000000e-05  1.99995828e+00  3.93000000e-05  2.00000000e+00  3.93000000e-05  4.17191298e+00  3.93000000e-05  2.08595649e+00 
 3.95000000e-05  1.99995828e+00  3.95000000e-05  2.00000000e+00  3.95000000e-05  4.17191297e+00  3.95000000e-05  2.08595649e+00 
 3.97000000e-05  1.99995828e+00  3.97000000e-05  2.00000000e+00  3.97000000e-05  4.17191297e+00  3.97000000e-05  2.08595649e+00 
 3.99000000e-05  1.99995828e+00  3.99000000e-05  2.00000000e+00  3.99000000e-05  4.17191297e+00  3.99000000e-05  2.08595649e+00 
 4.01000000e-05  1.99995828e+00  4.01000000e-05  2.00000000e+00  4.01000000e-05  4.17191297e+00  4.01000000e-05  2.08595649e+00 
 4.03000000e-05  1.99995828e+00  4.03000000e-05  2.00000000e+00  4.03000000e-05  4.17191297e+00  4.03000000e-05  2.08595649e+00 
 4.05000000e-05  1.99995828e+00  4.05000000e-05  2.00000000e+00  4.05000000e-05  4.17191297e+00  4.05000000e-05  2.08595649e+00 
 4.07000000e-05  1.99995828e+00  4.07000000e-05  2.00000000e+00  4.07000000e-05  4.17191297e+00  4.07000000e-05  2.08595649e+00 
 4.09000000e-05  1.99995828e+00  4.09000000e-05  2.00000000e+00  4.09000000e-05  4.17191297e+00  4.09000000e-05  2.08595649e+00 
 4.11000000e-05  1.99995828e+00  4.11000000e-05  2.00000000e+00  4.11000000e-05  4.17191297e+00  4.11000000e-05  2.08595649e+00 
 4.13000000e-05  1.99995828e+00  4.13000000e-05  2.00000000e+00  4.13000000e-05  4.17191297e+00  4.13000000e-05  2.08595649e+00 
 4.15000000e-05  1.99995828e+00  4.15000000e-05  2.00000000e+00  4.15000000e-05  4.17191297e+00  4.15000000e-05  2.08595649e+00 
 4.17000000e-05  1.99995828e+00  4.17000000e-05  2.00000000e+00  4.17000000e-05  4.17191297e+00  4.17000000e-05  2.08595649e+00 
 4.19000000e-05  1.99995828e+00  4.19000000e-05  2.00000000e+00  4.19000000e-05  4.17191297e+00  4.19000000e-05  2.08595649e+00 
 4.21000000e-05  1.99995828e+00  4.21000000e-05  2.00000000e+00  4.21000000e-05  4.17191297e+00  4.21000000e-05  2.08595649e+00 
 4.23000000e-05  1.99995828e+00  4.23000000e-05  2.00000000e+00  4.23000000e-05  4.17191297e+00  4.23000000e-05  2.08595649e+00 
 4.25000000e-05  1.99995828e+00  4.25000000e-05  2.00000000e+00  4.25000000e-05  4.17191297e+00  4.25000000e-05  2.08595649e+00 
 4.27000000e-05  1.99995828e+00  4.27000000e-05  2.00000000e+00  4.27000000e-05  4.17191297e+00  4.27000000e-05  2.08595649e+00 
 4.29000000e-05  1.99995828e+00  4.29000000e-05  2.00000000e+00  4.29000000e-05  4.17191297e+00  4.29000000e-05  2.08595649e+00 
 4.31000000e-05  1.99995828e+00  4.31000000e-05  2.00000000e+00  4.31000000e-05  4.17191297e+00  4.31000000e-05  2.08595649e+00 
 4.33000000e-05  1.99995828e+00  4.33000000e-05  2.00000000e+00  4.33000000e-05  4.17191297e+00  4.33000000e-05  2.08595649e+00 
 4.35000000e-05  1.99995828e+00  4.35000000e-05  2.00000000e+00  4.35000000e-05  4.17191297e+00  4.35000000e-05  2.08595649e+00 
 4.37000000e-05  1.99995828e+00  4.37000000e-05  2.00000000e+00  4.37000000e-05  4.17191297e+00  4.37000000e-05  2.08595649e+00 
 4.39000000e-05  1.99995828e+00  4.39000000e-05  2.00000000e+00  4.39000000e-05  4.17191297e+00  4.39000000e-05  2.08595649e+00 
 4.41000000e-05  1.99995828e+00  4.41000000e-05  2.00000000e+00  4.41000000e-05  4.17191297e+00  4.41000000e-05  2.08595649e+00 
 4.43000000e-05  1.99995828e+00  4.43000000e-05  2.00000000e+00  4.43000000e-05  4.17191297e+00  4.43000000e-05  2.08595649e+00 
 4.45000000e-05  1.99995828e+00  4.45000000e-05  2.00000000e+00  4.45000000e-05  4.17191297e+00  4.45000000e-05  2.08595649e+00 
 4.47000000e-05  1.99995828e+00  4.47000000e-05  2.00000000e+00  4.47000000e-05  4.17191297e+00  4.47000000e-05  2.08595649e+00 
 4.49000000e-05  1.99995828e+00  4.49000000e-05  2.00000000e+00  4.49000000e-05  4.17191297e+00  4.49000000e-05  2.08595649e+00 
 4.51000000e-05  1.99995828e+00  4.51000000e-05  2.00000000e+00  4.51000000e-05  4.17191297e+00  4.51000000e-05  2.08595649e+00 
 4.53000000e-05  1.99995828e+00  4.53000000e-05  2.00000000e+00  4.53000000e-05  4.17191297e+00  4.53000000e-05  2.08595649e+00 
 4.55000000e-05  1.99995828e+00  4.55000000e-05  2.00000000e+00  4.55000000e-05  4.17191297e+00  4.55000000e-05  2.08595649e+00 
 4.57000000e-05  1.99995828e+00  4.57000000e-05  2.00000000e+00  4.57000000e-05  4.17191297e+00  4.57000000e-05  2.08595649e+00 
 4.59000000e-05  1.99995828e+00  4.59000000e-05  2.00000000e+00  4.59000000e-05  4.17191297e+00  4.59000000e-05  2.08595649e+00 
 4.61000000e-05  1.99995828e+00  4.61000000e-05  2.00000000e+00  4.61000000e-05  4.17191297e+00  4.61000000e-05  2.08595649e+00 
 4.63000000e-05  1.99995828e+00  4.63000000e-05  2.00000000e+00  4.63000000e-05  4.17191297e+00  4.63000000e-05  2.08595649e+00 
 4.65000000e-05  1.99995828e+00  4.65000000e-05  2.00000000e+00  4.65000000e-05  4.17191297e+00  4.65000000e-05  2.08595649e+00 
 4.67000000e-05  1.99995828e+00  4.67000000e-05  2.00000000e+00  4.67000000e-05  4.17191297e+00  4.67000000e-05  2.08595649e+00 
 4.69000000e-05  1.99995828e+00  4.69000000e-05  2.00000000e+00  4.69000000e-05  4.17191297e+00  4.69000000e-05  2.08595649e+00 
 4.71000000e-05  1.99995828e+00  4.71000000e-05  2.00000000e+00  4.71000000e-05  4.17191297e+00  4.71000000e-05  2.08595649e+00 
 4.73000000e-05  1.99995828e+00  4.73000000e-05  2.00000000e+00  4.73000000e-05  4.17191297e+00  4.73000000e-05  2.08595649e+00 
 4.75000000e-05  1.99995828e+00  4.75000000e-05  2.00000000e+00  4.75000000e-05  4.17191297e+00  4.75000000e-05  2.08595649e+00 
 4.77000000e-05  1.99995828e+00  4.77000000e-05  2.00000000e+00  4.77000000e-05  4.17191297e+00  4.77000000e-05  2.08595649e+00 
 4.79000000e-05  1.99995828e+00  4.79000000e-05  2.00000000e+00  4.79000000e-05  4.17191297e+00  4.79000000e-05  2.08595649e+00 
 4.81000000e-05  1.99995828e+00  4.81000000e-05  2.00000000e+00  4.81000000e-05  4.17191297e+00  4.81000000e-05  2.08595649e+00 
 4.83000000e-05  1.99995828e+00  4.83000000e-05  2.00000000e+00  4.83000000e-05  4.17191297e+00  4.83000000e-05  2.08595649e+00 
 4.85000000e-05  1.99995828e+00  4.85000000e-05  2.00000000e+00  4.85000000e-05  4.17191297e+00  4.85000000e-05  2.08595649e+00 
 4.87000000e-05  1.99995828e+00  4.87000000e-05  2.00000000e+00  4.87000000e-05  4.17191297e+00  4.87000000e-05  2.08595649e+00 
 4.89000000e-05  1.99995828e+00  4.89000000e-05  2.00000000e+00  4.89000000e-05  4.17191297e+00  4.89000000e-05  2.08595649e+00 
 4.91000000e-05  1.99995828e+00  4.91000000e-05  2.00000000e+00  4.91000000e-05  4.17191297e+00  4.91000000e-05  2.08595649e+00 
 4.93000000e-05  1.99995828e+00  4.93000000e-05  2.00000000e+00  4.93000000e-05  4.17191297e+00  4.93000000e-05  2.08595649e+00 
 4.95000000e-05  1.99995828e+00  4.95000000e-05  2.00000000e+00  4.95000000e-05  4.17191297e+00  4.95000000e-05  2.08595649e+00 
 4.97000000e-05  1.99995828e+00  4.97000000e-05  2.00000000e+00  4.97000000e-05  4.17191297e+00  4.97000000e-05  2.08595649e+00 
 4.99000000e-05  1.99995828e+00  4.99000000e-05  2.00000000e+00  4.99000000e-05  4.17191297e+00  4.99000000e-05  2.08595649e+00 
 5.01000000e-05  1.99995828e+00  5.01000000e-05  2.00000000e+00  5.01000000e-05  4.17191297e+00  5.01000000e-05  2.08595649e+00 
 5.03000000e-05  1.99995828e+00  5.03000000e-05  2.00000000e+00  5.03000000e-05  4.17191297e+00  5.03000000e-05  2.08595649e+00 
 5.05000000e-05  1.99995828e+00  5.05000000e-05  2.00000000e+00  5.05000000e-05  4.17191297e+00  5.05000000e-05  2.08595649e+00 
 5.07000000e-05  1.99995828e+00  5.07000000e-05  2.00000000e+00  5.07000000e-05  4.17191297e+00  5.07000000e-05  2.08595649e+00 
 5.08500000e-05  1.99995828e+00  5.08500000e-05  2.00000000e+00  5.08500000e-05  4.17191297e+00  5.08500000e-05  2.08595649e+00 
 5.10000000e-05  1.99995828e+00  5.10000000e-05  2.00000000e+00  5.10000000e-05  4.17191297e+00  5.10000000e-05  2.08595649e+00 
 5.10200000e-05  1.99976963e+00  5.10200000e-05  1.96000000e+00  5.10200000e-05  4.15389887e+00  5.10200000e-05  2.08166741e+00 
 5.10600000e-05  1.99845884e+00  5.10600000e-05  1.88000000e+00  5.10600000e-05  4.08226501e+00  5.10600000e-05  2.06011842e+00 
 5.11400000e-05  1.98287343e+00  5.11400000e-05  1.72000000e+00  5.11400000e-05  3.73709717e+00  5.11400000e-05  1.92427600e+00 
 5.13000000e-05  1.84620440e+00  5.13000000e-05  1.40000000e+00  5.13000000e-05  2.45358633e+00  5.13000000e-05  1.33352286e+00 
 5.15000000e-05  1.43862727e+00  5.15000000e-05  1.00000000e+00  5.15000000e-05  4.51639003e-01  5.15000000e-05  3.38085930e-01 
 5.17000000e-05  8.49899124e-01  5.17000000e-05  6.00000000e-01  5.17000000e-05 -1.10609822e+00  5.17000000e-05 -4.84374290e-01 
 5.18500000e-05  3.96283514e-01  5.18500000e-05  3.00000000e-01  5.18500000e-05 -1.69346469e+00  5.18500000e-05 -8.17647132e-01 
 5.20000000e-05  1.55831721e-02  5.20000000e-05  0.00000000e+00  5.20000000e-05 -1.88322304e+00  5.20000000e-05 -9.35984453e-01 
 5.20123521e-05 -1.10122893e-02  5.20123521e-05  0.00000000e+00  5.20123521e-05 -1.88014030e+00  5.20123521e-05 -9.37453561e-01 
 5.20370563e-05 -6.26071711e-02  5.20370563e-05  0.00000000e+00  5.20370563e-05 -1.85955618e+00  5.20370563e-05 -9.35634519e-01 
 5.20864648e-05 -1.54883007e-01  5.20864648e-05  0.00000000e+00  5.20864648e-05 -1.73797661e+00  5.20864648e-05 -8.97284200e-01 
 5.21852817e-05 -2.84473488e-01  5.21852817e-05  0.00000000e+00  5.21852817e-05 -1.24681359e+00  5.21852817e-05 -6.88206481e-01 
 5.23210738e-05 -3.29238363e-01  5.23210738e-05  0.00000000e+00  5.23210738e-05 -3.04061079e-01  5.23210738e-05 -2.34305886e-01 
 5.24813664e-05 -2.14829105e-01  5.24813664e-05  0.00000000e+00  5.24813664e-05  6.82470014e-01  5.24813664e-05  2.81831588e-01 
 5.26285430e-05 -3.17728205e-02  5.26285430e-05  0.00000000e+00  5.26285430e-05  1.09300643e+00  5.26285430e-05  5.31319563e-01 
 5.27894892e-05  1.36954046e-01  5.27894892e-05  0.00000000e+00  5.27894892e-05  9.01471046e-01  5.27894892e-05  4.79960015e-01 
 5.29374611e-05  1.97356913e-01  5.29374611e-05  0.00000000e+00  5.29374611e-05  3.41850380e-01  5.29374611e-05  2.19229806e-01 
 5.30865180e-05  1.56621308e-01  5.30865180e-05  0.00000000e+00  5.30865180e-05 -2.55016606e-01  5.30865180e-05 -8.57779297e-02 
 5.32364475e-05  5.33713510e-02  5.32364475e-05  0.00000000e+00  5.32364475e-05 -6.11156735e-01  5.32364475e-05 -2.87970899e-01 
 5.33841873e-05 -5.09173244e-02  5.33841873e-05  0.00000000e+00  5.33841873e-05 -6.15237566e-01  5.33841873e-05 -3.16676980e-01 
 5.35342315e-05 -1.11008277e-01  5.35342315e-05  0.00000000e+00  5.35342315e-05 -3.40379636e-01  5.35342315e-05 -1.96401903e-01 
 5.36944795e-05 -1.05761873e-01  5.36944795e-05  0.00000000e+00  5.36944795e-05  5.25777673e-02  5.36944795e-05 -1.11879153e-03 
 5.38453535e-05 -5.17080996e-02  5.38453535e-05  0.00000000e+00  5.38453535e-05  3.21328568e-01  5.38453535e-05  1.45355177e-01 
 5.39947037e-05  1.39692128e-02  5.39947037e-05  0.00000000e+00  5.39947037e-05  3.85075777e-01  5.39947037e-05  1.93625957e-01 
 5.41467471e-05  5.98363242e-02  5.41467471e-05  0.00000000e+00  5.41467471e-05  2.58123062e-01  5.41467471e-05  1.42708518e-01 
 5.42939962e-05  6.82184809e-02  5.42939962e-05  0.00000000e+00  5.42939962e-05  4.48152743e-02  5.42939962e-05  3.95775501e-02 
 5.44425335e-05  4.44475511e-02  5.44425335e-05  0.00000000e+00  5.44425335e-05 -1.44494241e-01  5.44425335e-05 -5.99382704e-02 
 5.45908598e-05  5.85938287e-03  5.45908598e-05  0.00000000e+00  5.45908598e-05 -2.28897939e-01  5.45908598e-05 -1.11470985e-01 
 5.47488899e-05 -2.86631275e-02  5.47488899e-05  0.00000000e+00  5.47488899e-05 -1.88124893e-01  5.47488899e-05 -1.00183252e-01 
 5.48974326e-05 -4.12404075e-02  5.48974326e-05  0.00000000e+00  5.48974326e-05 -7.06583130e-02  5.48974326e-05 -4.54275863e-02 
 5.50465599e-05 -3.26173503e-02  5.50465599e-05  0.00000000e+00  5.50465599e-05  5.39370503e-02  5.50465599e-05  1.82723022e-02 
 5.51965455e-05 -1.09956732e-02  5.51965455e-05  0.00000000e+00  5.51965455e-05  1.27930859e-01  5.51965455e-05  6.03250079e-02 
 5.53442457e-05  1.07536790e-02  5.53442457e-05  0.00000000e+00  5.53442457e-05  1.28330906e-01  5.53442457e-05  6.60888282e-02 
 5.54942802e-05  2.32288500e-02  5.54942802e-05  0.00000000e+00  5.54942802e-05  7.06516117e-02  5.54942802e-05  4.08145229e-02 
 5.56548969e-05  2.20353285e-02  5.56548969e-05  0.00000000e+00  5.56548969e-05 -1.15913793e-02  5.56548969e-05 -8.12533411e-05 
 5.58057184e-05  1.06919160e-02  5.58057184e-05  0.00000000e+00  5.58057184e-05 -6.74268098e-02  5.58057184e-05 -3.05415011e-02 
 5.59550852e-05 -3.02143504e-03  5.59550852e-05  0.00000000e+00  5.59550852e-05 -8.03848911e-02  5.59550852e-05 -4.04465510e-02 
 5.61070809e-05 -1.25472641e-02  5.61070809e-05  0.00000000e+00  5.61070809e-05 -5.36136453e-02  5.61070809e-05 -2.96718104e-02 
 5.62543042e-05 -1.42372554e-02  5.62543042e-05  0.00000000e+00  5.62543042e-05 -9.00506773e-03  5.62543042e-05 -8.08815884e-03 
 5.64028134e-05 -9.23110443e-03  5.64028134e-05  0.00000000e+00  5.64028134e-05  3.04206902e-02  5.64028134e-05  1.26513220e-02 
 5.65511073e-05 -1.16376585e-03  5.65511073e-05  0.00000000e+00  5.65511073e-05  4.78571070e-02  5.65511073e-05  2.33216137e-02 
 5.67096067e-05  6.03985311e-03  5.67096067e-05  0.00000000e+00  5.67096067e-05  3.91128225e-02  5.67096067e-05  2.08495929e-02 
 5.68581313e-05  8.61961793e-03  5.68581313e-05  0.00000000e+00  5.68581313e-05  1.44819282e-02  5.68581313e-05  9.35347607e-03 
 5.70072512e-05  6.77921634e-03  5.70072512e-05  0.00000000e+00  5.70072512e-05 -1.14940566e-02  5.70072512e-05 -3.93776562e-03 
 5.71571900e-05  2.24870637e-03  5.71571900e-05  0.00000000e+00  5.71571900e-05 -2.68060354e-02  5.71571900e-05 -1.26543677e-02 
 5.73048915e-05 -2.28464235e-03  5.73048915e-05  0.00000000e+00  5.73048915e-05 -2.67450977e-02  5.73048915e-05 -1.37845267e-02 
 5.74548756e-05 -4.86496553e-03  5.74548756e-05  0.00000000e+00  5.74548756e-05 -1.46139916e-02  5.74548756e-05 -8.45771476e-03 
 5.76161117e-05 -4.58386423e-03  5.76161117e-05  0.00000000e+00  5.76161117e-05  2.62029740e-03  5.76161117e-05  1.20062183e-04 
 5.77668436e-05 -2.19758980e-03  5.77668436e-05  0.00000000e+00  5.77668436e-05  1.41831512e-02  5.77668436e-05  6.43753511e-03 
 5.79162441e-05  6.64963313e-04  5.79162441e-05  0.00000000e+00  5.79162441e-05  1.67728452e-02  5.79162441e-05  8.44827840e-03 
 5.80681644e-05  2.63655666e-03  5.80681644e-05  0.00000000e+00  5.80681644e-05  1.10985206e-02  5.80681644e-05  6.15236085e-03 
 5.82153488e-05  2.96960076e-03  5.82153488e-05  0.00000000e+00  5.82153488e-05  1.76415634e-03  5.82153488e-05  1.63070336e-03 
 5.83638133e-05  1.91062630e-03  5.83638133e-05  0.00000000e+00  5.83638133e-05 -6.43192128e-03  5.83638133e-05 -2.68542631e-03 
 5.85120567e-05  2.23356709e-04  5.85120567e-05  0.00000000e+00  5.85120567e-05 -1.00102545e-02  5.85120567e-05 -4.88330988e-03 
 5.86712960e-05 -1.27869963e-03  5.86712960e-05  0.00000000e+00  5.86712960e-05 -8.10888695e-03  5.86712960e-05 -4.32933244e-03 
 5.88197946e-05 -1.80196670e-03  5.88197946e-05  0.00000000e+00  5.88197946e-05 -2.93364791e-03  5.88197946e-05 -1.90905951e-03 
 5.89689060e-05 -1.40471865e-03  5.89689060e-05  0.00000000e+00  5.89689060e-05  2.47533204e-03  5.89689060e-05  8.62164567e-04 
 5.91187701e-05 -4.53867168e-04  5.91187701e-05  0.00000000e+00  5.91187701e-05  5.62604673e-03  5.91187701e-05  2.66052689e-03 
 5.92665971e-05  4.90380580e-04  5.92665971e-05  0.00000000e+00  5.92665971e-05  5.56479999e-03  5.92665971e-05  2.87196341e-03 
 5.94164987e-05  1.02050617e-03  5.94164987e-05  0.00000000e+00  5.94164987e-05  3.00261531e-03  5.94164987e-05  1.74309610e-03 
 5.95787777e-05  9.50719642e-04  5.95787777e-05  0.00000000e+00  5.95787777e-05 -6.16077884e-04  5.95787777e-05 -6.07392107e-05 
 5.97293733e-05  4.46519430e-04  5.97293733e-05  0.00000000e+00  5.97293733e-05 -2.99631055e-03  5.97293733e-05 -1.36452395e-03 
 5.98788271e-05 -1.50609221e-04  5.98788271e-05  0.00000000e+00  5.98788271e-05 -3.49648266e-03  5.98788271e-05 -1.76420458e-03 
 6.00306252e-05 -5.56053168e-04  6.00306252e-05  0.00000000e+00  6.00306252e-05 -2.28292193e-03  6.00306252e-05 -1.26902875e-03 
 6.01777435e-05 -6.18675814e-04  6.01777435e-05  0.00000000e+00  6.01777435e-05 -3.27853835e-04  6.01777435e-05 -3.20149073e-04 
 6.03261299e-05 -3.92917596e-04  6.03261299e-05  0.00000000e+00  6.03261299e-05  1.37016851e-03  6.03261299e-05  5.75674138e-04 
 6.04742896e-05 -3.98000069e-05  6.04742896e-05  0.00000000e+00  6.04742896e-05  2.09535144e-03  6.04742896e-05  1.02395638e-03 
 6.06347692e-05  2.72937959e-04  6.06347692e-05  0.00000000e+00  6.06347692e-05  1.67204907e-03  6.06347692e-05  8.95079185e-04 
 6.07832322e-05  3.76792479e-04  6.07832322e-05  0.00000000e+00  6.07832322e-05  5.80824338e-04  6.07832322e-05  3.83094503e-04 
 6.09323376e-05  2.89376478e-04  6.09323376e-05  0.00000000e+00  6.09323376e-05 -5.42811884e-04  6.09323376e-05 -1.93839059e-04 
 6.10820738e-05  8.92586790e-05  6.10820738e-05  0.00000000e+00  6.10820738e-05 -1.18413331e-03  6.10820738e-05 -5.61574467e-04 
 6.12310710e-05 -1.07959371e-04  6.12310710e-05  0.00000000e+00  6.12310710e-05 -1.15257414e-03  6.12310710e-05 -5.96473351e-04 
 6.13808105e-05 -2.14890305e-04  6.13808105e-05  0.00000000e+00  6.13808105e-05 -6.05673598e-04  6.13808105e-05 -3.53922504e-04 
 6.15453300e-05 -1.95506544e-04  6.15453300e-05  0.00000000e+00  6.15453300e-05  1.58115836e-04  6.15453300e-05  2.80000911e-05 
 6.16957113e-05 -8.77609275e-05  6.16957113e-05  0.00000000e+00  6.16957113e-05  6.39981770e-04  6.16957113e-05  2.93396518e-04 
 6.18452682e-05  3.65077687e-05  6.18452682e-05  0.00000000e+00  6.18452682e-05  7.26669781e-04  6.18452682e-05  3.67985114e-04 
 6.19968295e-05  1.18370203e-04  6.19968295e-05  0.00000000e+00  6.19968295e-05  4.61112010e-04  6.19968295e-05  2.57872692e-04 
 6.21451087e-05  1.28254201e-04  6.21451087e-05  0.00000000e+00  6.21451087e-05  4.74240747e-05  6.21451087e-05  5.62302437e-05 
 6.22935266e-05  7.87043195e-05  6.22935266e-05  0.00000000e+00  6.22935266e-05 -3.00041830e-04  6.22935266e-05 -1.27939997e-04 
 6.24417402e-05  4.54318759e-06  6.24417402e-05  0.00000000e+00  6.24417402e-05 -4.39604148e-04  6.24417402e-05 -2.15800061e-04 
 6.26003813e-05 -5.87718419e-05  6.26003813e-05  0.00000000e+00  6.26003813e-05 -3.42272312e-04  6.26003813e-05 -1.83967193e-04 
 6.27487181e-05 -7.87668327e-05  6.27487181e-05  0.00000000e+00  6.27487181e-05 -1.11472183e-04  6.27487181e-05 -7.51751732e-05 
 6.28977838e-05 -5.91719716e-05  6.28977838e-05  0.00000000e+00  6.28977838e-05  1.21128721e-04  6.28977838e-05  4.46379593e-05 
 6.30472740e-05 -1.69620385e-05  6.30472740e-05  0.00000000e+00  6.30472740e-05  2.49870101e-04  6.30472740e-05  1.18980072e-04 
 6.32104352e-05  2.66905341e-05  6.32104352e-05  0.00000000e+00  6.32104352e-05  2.31905184e-04  6.32104352e-05  1.21285784e-04 
 6.33597486e-05  4.59991477e-05  6.33597486e-05  0.00000000e+00  6.33597486e-05  1.09121799e-04  6.33597486e-05  6.56288243e-05 
 6.35099447e-05  4.03305300e-05  6.35099447e-05  0.00000000e+00  6.35099447e-05 -3.75579462e-05  6.35099447e-05 -8.21447843e-06 
 6.36613601e-05  1.72720793e-05  6.36613601e-05  0.00000000e+00  6.36613601e-05 -1.36219289e-04  6.36613601e-05 -6.28093505e-05 
 6.38086737e-05 -8.24110758e-06  6.38086737e-05  0.00000000e+00  6.38086737e-05 -1.51264101e-04  6.38086737e-05 -7.67642575e-05 
 6.39599263e-05 -2.49764557e-05  6.39599263e-05  0.00000000e+00  6.39599263e-05 -9.44245714e-05  6.39599263e-05 -5.29947312e-05 
 6.41093751e-05 -2.66444810e-05  6.41093751e-05  0.00000000e+00  6.41093751e-05 -7.15266129e-06  6.41093751e-05 -1.03493402e-05 
 6.42711580e-05 -1.48087562e-05  6.42711580e-05  0.00000000e+00  6.42711580e-05  6.87107499e-05  6.42711580e-05  3.01215427e-05 
 6.44196631e-05  8.03391944e-07  6.44196631e-05  0.00000000e+00  6.44196631e-05  9.22359605e-05  6.44196631e-05  4.57278727e-05 
 6.45757989e-05  1.31365209e-05  6.45757989e-05  0.00000000e+00  6.45757989e-05  6.76118730e-05  6.45757989e-05  3.67313246e-05 
 6.47230279e-05  1.64269373e-05  6.47230279e-05  0.00000000e+00  6.47230279e-05  1.83729180e-05  6.47230279e-05  1.32719923e-05 
 6.48718891e-05  1.16985244e-05  6.48718891e-05  0.00000000e+00  6.48718891e-05 -2.89887829e-05  6.48718891e-05 -1.13131220e-05 
 6.50206998e-05  2.71806933e-06  6.50206998e-05  0.00000000e+00  6.50206998e-05 -5.32559976e-05  6.50206998e-05 -2.55883915e-05 
 6.51697835e-05 -5.58804310e-06  6.51697835e-05  0.00000000e+00  6.51697835e-05 -4.84141683e-05  6.51697835e-05 -2.53245582e-05 
 6.53189681e-05 -9.61082407e-06  6.53189681e-05  0.00000000e+00  6.53189681e-05 -2.27632225e-05  6.53189681e-05 -1.36943195e-05 
 6.54685356e-05 -8.43407081e-06  6.54685356e-05  0.00000000e+00  6.54685356e-05  7.76790799e-06  6.54685356e-05  1.67522518e-06 
 6.56193080e-05 -3.64545716e-06  6.56193080e-05  0.00000000e+00  6.56193080e-05  2.83697837e-05  6.56193080e-05  1.30686672e-05 
 6.57665262e-05  1.68605470e-06  6.57665262e-05  0.00000000e+00  6.57665262e-05  3.16319020e-05  6.57665262e-05  1.60431681e-05 
 6.59177730e-05  5.20224366e-06  6.59177730e-05  0.00000000e+00  6.59177730e-05  1.98455741e-05  6.59177730e-05  1.11260376e-05 
 6.60668618e-05  5.57576172e-06  6.60668618e-05  0.00000000e+00  6.60668618e-05  1.66784891e-06  6.60668618e-05  2.25017468e-06 
 6.62296503e-05  3.10451395e-06  6.62296503e-05  0.00000000e+00  6.62296503e-05 -1.43166400e-05  6.62296503e-05 -6.27130540e-06 
 6.63781317e-05 -1.56249347e-07  6.63781317e-05  0.00000000e+00  6.63781317e-05 -1.92681413e-05  6.63781317e-05 -9.54961336e-06 
 6.65348963e-05 -2.74456152e-06  6.65348963e-05  0.00000000e+00  6.65348963e-05 -1.41233807e-05  6.65348963e-05 -7.67289629e-06 
 6.66823675e-05 -3.43144746e-06  6.66823675e-05  0.00000000e+00  6.66823675e-05 -3.82010106e-06  6.66823675e-05 -2.76359893e-06 
 6.68312738e-05 -2.44090593e-06  6.68312738e-05  0.00000000e+00  6.68312738e-05  6.07160750e-06  6.68312738e-05  2.37188044e-06 
 6.69801262e-05 -5.63543657e-07  6.69801262e-05  0.00000000e+00  6.69801262e-05  1.11303596e-05  6.69801262e-05  5.34906292e-06 
 6.71296401e-05  1.17413739e-06  6.71296401e-05  0.00000000e+00  6.71296401e-05  1.00972823e-05  6.71296401e-05  5.28392676e-06 
 6.72792450e-05  2.01014292e-06  6.72792450e-05  0.00000000e+00  6.72792450e-05  4.70807368e-06  6.72792450e-05  2.83809115e-06 
 6.74289232e-05  1.75646815e-06  6.74289232e-05  0.00000000e+00  6.74289232e-05 -1.66957389e-06  6.74289232e-05 -3.74465256e-07 
 6.75797943e-05  7.51519613e-07  6.75797943e-05  0.00000000e+00  6.75797943e-05 -5.94979342e-06  6.75797943e-05 -2.74413013e-06 
 6.77269584e-05 -3.60668876e-07  6.77269584e-05  0.00000000e+00  6.77269584e-05 -6.60025421e-06  6.77269584e-05 -3.34980532e-06 
 6.78789254e-05 -1.09230025e-06  6.78789254e-05  0.00000000e+00  6.78789254e-05 -4.10229526e-06  6.78789254e-05 -2.30420809e-06 
 6.80282919e-05 -1.16171946e-06  6.80282919e-05  0.00000000e+00  6.80282919e-05 -2.93678866e-07  6.80282919e-05 -4.42265186e-07 
 6.81898187e-05 -6.44102758e-07  6.81898187e-05  0.00000000e+00  6.81898187e-05  3.00591558e-06  6.81898187e-05  1.31869629e-06 
 6.83382549e-05  3.69782727e-08  6.83382549e-05  0.00000000e+00  6.83382549e-05  4.02524611e-06  6.83382549e-05  1.99608926e-06 
 6.84986683e-05  5.83453805e-07  6.84986683e-05  0.00000000e+00  6.84986683e-05  2.89926453e-06  6.84986683e-05  1.58023203e-06 
 6.86710321e-05  7.05538874e-07  6.86710321e-05  0.00000000e+00  6.86710321e-05  3.85901552e-07  6.86710321e-05  3.71029161e-07 
 6.88242030e-05  4.39047153e-07  6.88242030e-05  0.00000000e+00  6.88242030e-05 -1.59730451e-06  6.88242030e-05 -6.75969061e-07 
 6.89774513e-05  2.30742432e-08  6.89774513e-05  0.00000000e+00  6.89774513e-05 -2.39835865e-06  6.89774513e-05 -1.17778363e-06 
 6.91540746e-05 -3.45681337e-07  6.91540746e-05  0.00000000e+00  6.91540746e-05 -1.75370622e-06  6.91540746e-05 -9.53997811e-07 
 6.93275053e-05 -4.22955033e-07  6.93275053e-05  0.00000000e+00  6.93275053e-05 -2.45690465e-07  6.93275053e-05 -2.29506612e-07 
 6.94808254e-05 -2.64953272e-07  6.94808254e-05  0.00000000e+00  6.94808254e-05  9.47398857e-07  6.94808254e-05  3.99770153e-07 
 6.96341643e-05 -1.60409264e-08  6.96341643e-05  0.00000000e+00  6.96341643e-05  1.43477082e-06  6.96341643e-05  7.04013290e-07 
 6.98099215e-05  2.05091752e-07  6.98099215e-05  0.00000000e+00  6.98099215e-05  1.05884968e-06  6.98099215e-05  5.75075851e-07 
 6.99841049e-05  2.53508032e-07  6.99841049e-05  0.00000000e+00  6.99841049e-05  1.55200650e-07  6.99841049e-05  1.41479050e-07 
 7.01376640e-05  1.59697791e-07  7.01376640e-05  0.00000000e+00  7.01376640e-05 -5.62569784e-07  7.01376640e-05 -2.36779479e-07 
 7.02912772e-05  1.05787654e-08  7.02912772e-05  0.00000000e+00  7.02912772e-05 -8.58435717e-07  7.02912772e-05 -4.20966039e-07 
 7.04662631e-05 -1.21890220e-07  7.04662631e-05  0.00000000e+00  7.04662631e-05 -6.38067455e-07  7.04662631e-05 -3.46108409e-07 
 7.06410476e-05 -1.51896926e-07  7.06410476e-05  0.00000000e+00  7.06410476e-05 -9.67209781e-08  7.06410476e-05 -8.66112561e-08 
 7.07947973e-05 -9.61057573e-08  7.07947973e-05  0.00000000e+00  7.07947973e-05  3.34613384e-07  7.07947973e-05  1.40548879e-07 
 7.09486299e-05 -6.78737756e-09  7.09486299e-05  0.00000000e+00  7.09486299e-05  5.13652005e-07  7.09486299e-05  2.51771379e-07 
 7.11230164e-05  7.25502125e-08  7.11230164e-05  0.00000000e+00  7.11230164e-05  3.83904078e-07  7.11230164e-05  2.08040528e-07 
 7.12982759e-05  9.09909686e-08  7.12982759e-05  0.00000000e+00  7.12982759e-05  5.96628899e-08  7.12982759e-05  5.27337117e-08 
 7.14521763e-05  5.77629885e-08  7.14521763e-05  0.00000000e+00  7.14521763e-05 -1.99308709e-07  7.14521763e-05 -8.35836238e-08 
 7.16061828e-05  4.27077024e-09  7.16061828e-05  0.00000000e+00  7.16061828e-05 -3.07372301e-07  7.16061828e-05 -1.50607897e-07 
 7.17801090e-05 -4.32374847e-08  7.17801090e-05  0.00000000e+00  7.17801090e-05 -2.30695089e-07  7.17801090e-05 -1.24923469e-07 
 7.19557385e-05 -5.44960466e-08  7.19557385e-05  0.00000000e+00  7.19557385e-05 -3.65167030e-08  7.19557385e-05 -3.19698437e-08 
 7.21097585e-05 -3.46820330e-08  7.21097585e-05  0.00000000e+00  7.21097585e-05  1.18857442e-07  7.21097585e-05  4.97847734e-08 
 7.22639024e-05 -2.64903883e-09  7.22639024e-05  0.00000000e+00  7.22639024e-05  1.83946709e-07  7.22639024e-05  9.01073291e-08 
 7.24374801e-05  2.57957020e-08  7.24374801e-05  0.00000000e+00  7.24374801e-05  1.38490776e-07  7.24374801e-05  7.49528929e-08 
 7.26133942e-05  3.26337200e-08  7.26133942e-05  0.00000000e+00  7.26133942e-05  2.22142808e-08  7.26133942e-05  1.93157203e-08 
 7.27675099e-05  2.08063416e-08  7.27675099e-05  0.00000000e+00  7.27675099e-05 -7.09517316e-08  7.27675099e-05 -2.96925824e-08 
 7.29217631e-05  1.62497400e-09  7.29217631e-05  0.00000000e+00  7.29217631e-05 -1.10090018e-07  7.29217631e-05 -5.39180848e-08 
 7.30950830e-05 -1.54037765e-08  7.30950830e-05  0.00000000e+00  7.30950830e-05 -8.30710695e-08  7.30950830e-05 -4.49413464e-08 
 7.32712131e-05 -1.95396482e-08  7.32712131e-05  0.00000000e+00  7.32712131e-05 -1.34470950e-08  7.32712131e-05 -1.16375374e-08 
 7.34254088e-05 -1.24730495e-08  7.34254088e-05  0.00000000e+00  7.34254088e-05  4.23919686e-08  7.34254088e-05  1.77299177e-08 
 7.35797518e-05 -9.87546322e-10  7.35797518e-05  0.00000000e+00  7.35797518e-05  6.58917669e-08  7.35797518e-05  3.22675676e-08 
 7.37528889e-05  9.20574589e-09  7.37528889e-05  0.00000000e+00  7.37528889e-05  4.97936249e-08  7.37528889e-05  2.69312637e-08 
 7.39291792e-05  1.16982335e-08  7.39291792e-05  0.00000000e+00  7.39291792e-05  8.10504238e-09  7.39291792e-05  6.99414275e-09 
 7.40834464e-05  7.47240436e-09  7.40834464e-05  0.00000000e+00  7.40834464e-05 -2.53494168e-08  7.40834464e-05 -1.05985522e-08 
 7.42378674e-05  5.94840105e-10  7.42378674e-05  0.00000000e+00  7.42378674e-05 -3.94405001e-08  7.42378674e-05 -1.93132738e-08 
 7.44108880e-05 -5.50585716e-09  7.44108880e-05  0.00000000e+00  7.44108880e-05 -2.98270729e-08  7.44108880e-05 -1.61300279e-08 
 7.45872936e-05 -7.00296120e-09  7.45872936e-05  0.00000000e+00  7.45872936e-05 -4.86454770e-09  7.45872936e-05 -4.19314185e-09 
 7.47416341e-05 -4.47334620e-09  7.47416341e-05  0.00000000e+00  7.47416341e-05  1.51721385e-08  7.47416341e-05  6.34319623e-09 
 7.48961313e-05 -3.54727249e-10  7.48961313e-05  0.00000000e+00  7.48961313e-05  2.36095117e-08  7.48961313e-05  1.15614866e-08 
 7.50691001e-05  3.29586171e-09  7.50691001e-05  0.00000000e+00  7.50691001e-05  1.78539003e-08  7.50691001e-05  9.65515448e-09 
 7.52455805e-05  4.19168853e-09  7.52455805e-05  0.00000000e+00  7.52455805e-05  2.90545504e-09  7.52455805e-05  2.50675763e-09 
 7.54000066e-05  2.67563575e-09  7.54000066e-05  0.00000000e+00  7.54000066e-05 -9.09098064e-09  7.54000066e-05 -3.80199409e-09 
 7.55545884e-05  2.08707378e-10  7.55545884e-05  0.00000000e+00  7.55545884e-05 -1.41343186e-08  7.55545884e-05 -6.92245178e-09 
 7.57275786e-05 -1.97502543e-09  7.57275786e-05  0.00000000e+00  7.57275786e-05 -1.06773211e-08  7.57275786e-05 -5.77517705e-09 
 7.59040982e-05 -2.50861717e-09  7.59040982e-05  0.00000000e+00  7.59040982e-05 -1.72400999e-09  7.59040982e-05 -1.49290514e-09 
 7.60586422e-05 -1.59832847e-09  7.60586422e-05  0.00000000e+00  7.60586422e-05  5.45583188e-09  7.60586422e-05  2.28360989e-09 
 7.62133358e-05 -1.20283965e-10  7.62133358e-05  0.00000000e+00  7.62133358e-05  8.46303557e-09  7.62133358e-05  4.14607645e-09 
 7.63864428e-05  1.18538401e-09  7.63864428e-05  0.00000000e+00  7.63864428e-05  6.37704079e-09  7.63864428e-05  3.45070892e-09 
 7.65629577e-05  1.50095585e-09  7.65629577e-05  0.00000000e+00  7.65629577e-05  1.01287659e-09  7.65629577e-05  8.84044125e-10 
 7.67176749e-05  9.52991699e-10  7.67176749e-05  0.00000000e+00  7.67176749e-05 -3.28196998e-09  7.67176749e-05 -1.37588891e-09 
 7.68725285e-05  6.68878409e-11  7.68725285e-05  0.00000000e+00  7.68725285e-05 -5.06838553e-09  7.68725285e-05 -2.48433562e-09 
 7.70458926e-05 -7.13060494e-10  7.70458926e-05  0.00000000e+00  7.70458926e-05 -3.80098208e-09  7.70458926e-05 -2.05844081e-09 
 7.72223569e-05 -8.97737303e-10  7.72223569e-05  0.00000000e+00  7.72223569e-05 -5.85415122e-10  7.72223569e-05 -5.18684057e-10 
 7.73773520e-05 -5.66396956e-10  7.73773520e-05  0.00000000e+00  7.73773520e-05  1.98168344e-09  7.73773520e-05  8.33079674e-10 
 7.75324601e-05 -3.47340468e-11  7.75324601e-05  0.00000000e+00  7.75324601e-05  3.03634965e-09  7.75324601e-05  1.48967764e-09 
 7.77062999e-05  4.30541760e-10  7.77062999e-05  0.00000000e+00  7.77062999e-05  2.25788432e-09  7.77062999e-05  1.22454593e-09 
 7.78826342e-05  5.36552603e-10  7.78826342e-05  0.00000000e+00  7.78826342e-05  3.28738478e-10  7.78826342e-05  2.99570818e-10 
 7.80380730e-05  3.34907838e-10  7.80380730e-05  0.00000000e+00  7.80380730e-05 -1.20358444e-09  7.80380730e-05 -5.08307815e-10 
 7.82067927e-05 -8.65854904e-12  7.82067927e-05  0.00000000e+00  7.82067927e-05 -1.82620403e-09  7.82067927e-05 -9.03520002e-10 
 7.83958944e-05 -2.85756590e-10  7.83958944e-05  0.00000000e+00  7.83958944e-05 -1.19633837e-09  7.83958944e-05 -6.63580165e-10 
 7.85958944e-05 -3.00923943e-10  7.85958944e-05  0.00000000e+00  7.85958944e-05  1.31017251e-10  7.85958944e-05 -1.23508471e-11 
 7.87958944e-05 -9.55298858e-11  7.87958944e-05  0.00000000e+00  7.87958944e-05  1.02794539e-09  7.87958944e-05  4.82881133e-10 
 7.89958944e-05  1.26613363e-10  7.89958944e-05  0.00000000e+00  7.89958944e-05  9.57575864e-10  7.89958944e-05  5.05010938e-10 
 7.91958944e-05  2.01372754e-10  7.91958944e-05  0.00000000e+00  7.91958944e-05  2.15499287e-10  7.91958944e-05  1.57892659e-10 
 7.93958944e-05  1.12166550e-10  7.93958944e-05  0.00000000e+00  7.93958944e-05 -4.93859355e-10  7.93958944e-05 -2.15029760e-10 
 7.95958944e-05 -3.51874908e-11  7.95958944e-05  0.00000000e+00  7.95958944e-05 -6.67993836e-10  7.95958944e-05 -3.38691297e-10 
 7.97958944e-05 -1.19927234e-10  7.97958944e-05  0.00000000e+00  7.97958944e-05 -3.17033259e-10  7.97958944e-05 -1.87159292e-10 
 7.99958944e-05 -9.68214347e-11  7.99958944e-05  0.00000000e+00  7.99958944e-05  1.73351595e-10  7.99958944e-05  6.07732914e-11 
 8.01958944e-05 -9.88048797e-12  8.01958944e-05  0.00000000e+00  8.01958944e-05  4.14745354e-10  8.01958944e-05  2.02168285e-10 
 8.03958944e-05  6.21946262e-11  8.03958944e-05  0.00000000e+00  8.03958944e-05  2.96371487e-10  8.03958944e-05  1.62186196e-10 
 8.05958944e-05  7.12029101e-11  8.05958944e-05  0.00000000e+00  8.05958944e-05 -5.43947585e-12  8.05958944e-05  1.55416172e-11 
 8.07958944e-05  2.66916608e-11  8.07958944e-05  0.00000000e+00  8.07958944e-05 -2.26915149e-10  8.07958944e-05 -1.05163749e-10 
 8.09958944e-05 -2.58018716e-11  8.09958944e-05  0.00000000e+00  8.09958944e-05 -2.28917934e-10  8.09958944e-05 -1.19580998e-10 
 8.11958944e-05 -4.63923947e-11  8.11958944e-05  0.00000000e+00  8.11958944e-05 -6.55758267e-11  8.11958944e-05 -4.42407394e-11 
 8.13958944e-05 -2.83958265e-11  8.13958944e-05  0.00000000e+00  8.13958944e-05  1.03627433e-10  8.13958944e-05  4.38799834e-11 
 8.15958944e-05  5.52332129e-12  8.15958944e-05  0.00000000e+00  8.15958944e-05  1.55369322e-10  8.15958944e-05  7.80917954e-11 
 8.17958944e-05  2.68448492e-11  8.17958944e-05  0.00000000e+00  8.17958944e-05  8.21327938e-11  8.17958944e-05  4.74093915e-11 
 8.19958944e-05  2.34695332e-11  8.19958944e-05  0.00000000e+00  8.19958944e-05 -3.17017916e-11  8.19958944e-05 -9.64247888e-12 
 8.21958944e-05  4.01716229e-12  8.21958944e-05  0.00000000e+00  8.21958944e-05 -9.38860441e-11  8.21958944e-05 -4.53055609e-11 
 8.23958944e-05 -1.33707376e-11  8.23958944e-05  0.00000000e+00  8.23958944e-05 -7.27203397e-11  8.23958944e-05 -3.93154544e-11 
 8.25958944e-05 -1.67598094e-11  8.25958944e-05  0.00000000e+00  8.25958944e-05 -4.54993313e-12  8.25958944e-05 -6.53203440e-12 
 8.27958944e-05 -7.19090129e-12  8.27958944e-05  0.00000000e+00  8.27958944e-05  4.96361751e-11  8.27958944e-05  2.26541867e-11 
 8.29958944e-05  5.10166706e-12  8.29958944e-05  0.00000000e+00  8.29958944e-05  5.43605965e-11  8.29958944e-05  2.81378034e-11 
 8.31958944e-05  1.06395586e-11  8.31958944e-05  0.00000000e+00  8.31958944e-05  1.87453097e-11  8.31958944e-05  1.19716938e-11 
 8.33958944e-05  7.08273714e-12  8.33958944e-05  0.00000000e+00  8.33958944e-05 -2.13503232e-11  8.33958944e-05 -8.72166222e-12 
 8.35958944e-05 -6.42432189e-13  8.35958944e-05  0.00000000e+00  8.35958944e-05 -3.59198532e-11  8.35958944e-05 -1.78952390e-11 
 8.37958944e-05 -5.98004660e-12  8.37958944e-05  0.00000000e+00  8.37958944e-05 -2.09355832e-11  8.37958944e-05 -1.18601899e-11 
 8.39958944e-05 -5.62916268e-12  8.39958944e-05  0.00000000e+00  8.39958944e-05  5.32994928e-12  8.39958944e-05  1.18699278e-12 
 8.41958944e-05 -1.34455556e-12  8.41958944e-05  0.00000000e+00  8.41958944e-05  2.11069942e-11  8.41958944e-05  1.00759159e-11 
 8.43958944e-05  2.85410846e-12  8.43958944e-05  0.00000000e+00  8.43958944e-05  1.76908384e-11  8.43958944e-05  9.45877206e-12 
 8.45958944e-05  3.90387175e-12  8.45958944e-05  0.00000000e+00  8.45958944e-05  2.40083580e-12  8.45958944e-05  2.18688105e-12 
 8.47958944e-05  1.90729375e-12  8.47958944e-05  0.00000000e+00  8.47958944e-05 -1.07464087e-11  8.47958944e-05 -4.81848660e-12 
 8.49958944e-05 -9.87571576e-13  8.49958944e-05  0.00000000e+00  8.49958944e-05 -1.28266947e-11  8.49958944e-05 -6.58043619e-12 
 8.51958944e-05 -2.40800906e-12  8.51958944e-05  0.00000000e+00  8.51958944e-05 -5.14397902e-12  8.51958944e-05 -3.15786611e-12 
 8.53958944e-05 -1.76507369e-12  8.53958944e-05  0.00000000e+00  8.53958944e-05  4.29740382e-12  8.53958944e-05  1.67200653e-12 
 8.55958944e-05  1.61749532e-14  8.55958944e-05  0.00000000e+00  8.55958944e-05  8.25390433e-12  8.55958944e-05  4.07499097e-12 
 8.57958944e-05  1.30474507e-12  8.57958944e-05  0.00000000e+00  8.57958944e-05  5.26509164e-12  8.57958944e-05  2.93525002e-12 
 8.59958944e-05  1.35745728e-12  8.59958944e-05  0.00000000e+00  8.59958944e-05 -7.58092573e-13  8.59958944e-05 -2.95044962e-14 
 8.61958944e-05  3.89535901e-13  8.61958944e-05  0.00000000e+00  8.61958944e-05 -4.71044212e-12  8.61958944e-05 -2.22233921e-12 
 8.63958944e-05 -5.84084945e-13  8.63958944e-05  0.00000000e+00  8.63958944e-05 -4.27008273e-12  8.63958944e-05 -2.25970315e-12 
 8.65958944e-05 -9.20219347e-13  8.65958944e-05  0.00000000e+00  8.65958944e-05 -8.66563140e-13  8.65958944e-05 -6.60454493e-13 
 8.67958944e-05 -4.79101652e-13  8.67958944e-05  0.00000000e+00  8.67958944e-05  2.29928906e-12  8.67958944e-05  1.00944054e-12 
 8.69958944e-05  1.65895256e-13  8.69958944e-05  0.00000000e+00  8.69958944e-05  3.00778075e-12  8.69958944e-05  1.52964859e-12 
 8.71958944e-05  5.57441788e-13  8.71958944e-05  0.00000000e+00  8.71958944e-05  1.37117253e-12  8.71958944e-05  8.16680933e-13 
 8.73958944e-05  4.19229774e-13  8.73958944e-05  0.00000000e+00  8.73958944e-05 -8.38503691e-13  8.73958944e-05 -3.03833368e-13 
 8.75958944e-05  4.32586795e-14  8.75958944e-05  0.00000000e+00  8.75958944e-05 -1.88479605e-12  8.75958944e-05 -9.21852329e-13 
 8.77958944e-05 -2.97689868e-13  8.77958944e-05  0.00000000e+00  8.77958944e-05 -1.30908761e-12  8.77958944e-05 -7.19587716e-13 
 8.79958944e-05 -3.09026118e-13  8.79958944e-05  0.00000000e+00  8.79958944e-05  6.36011663e-14  8.79958944e-05 -5.03809880e-14 
 8.81958944e-05 -1.23798971e-13  8.81958944e-05  0.00000000e+00  8.81958944e-05  1.04281842e-12  8.81958944e-05  4.85661444e-13 
 8.83958944e-05  1.32404281e-13  8.83958944e-05  0.00000000e+00  8.83958944e-05  1.02330264e-12  8.83958944e-05  5.36266068e-13 
 8.85958944e-05  1.99761920e-13  8.85958944e-05  0.00000000e+00  8.85958944e-05  2.71766099e-13  8.85958944e-05  1.87907244e-13 
 8.87958944e-05  1.34759271e-13  8.87958944e-05  0.00000000e+00  8.87958944e-05 -4.85064349e-13  8.87958944e-05 -2.07554734e-13 
 8.89958944e-05 -3.92629180e-14  8.89958944e-05  0.00000000e+00  8.89958944e-05 -7.01092610e-13  8.89958944e-05 -3.53430973e-13 
 8.91958944e-05 -1.12604859e-13  8.91958944e-05  0.00000000e+00  8.91958944e-05 -3.57476404e-13  8.91958944e-05 -2.07875695e-13 
 8.93958944e-05 -1.14543150e-13  8.93958944e-05  0.00000000e+00  8.93958944e-05  1.56437667e-13  8.93958944e-05  5.05112081e-14 
 8.95958944e-05 -5.35621689e-15  8.95958944e-05  0.00000000e+00  8.95958944e-05  4.27689989e-13  8.95958944e-05  2.07102529e-13 
 8.97958944e-05  5.19814228e-14  8.97958944e-05  0.00000000e+00  8.97958944e-05  3.22186132e-13  8.97958944e-05  1.74916465e-13 
 8.99958944e-05  8.53362988e-14  8.99958944e-05  0.00000000e+00  8.99958944e-05  1.15050043e-14  8.99958944e-05  2.49268240e-14 
 9.01958944e-05  2.09261048e-14  9.01958944e-05  0.00000000e+00  9.01958944e-05 -2.28902755e-13  9.01958944e-05 -1.05034261e-13 
 9.03958944e-05 -1.44664833e-14  9.03958944e-05  0.00000000e+00  9.03958944e-05 -2.43506595e-13  9.03958944e-05 -1.26457337e-13 
 9.05958944e-05 -5.81644486e-14  9.05958944e-05  0.00000000e+00  9.05958944e-05 -7.91759192e-14  9.05958944e-05 -5.13971590e-14 
 9.07958944e-05 -2.13250848e-14  9.07958944e-05  0.00000000e+00  9.07958944e-05  1.00664168e-13  9.07958944e-05  4.16671380e-14 
 9.09958944e-05 -5.95517804e-15  9.09958944e-05  0.00000000e+00  9.09958944e-05  1.62378268e-13  9.09958944e-05  8.11646315e-14 
 9.11958944e-05  3.72159330e-14  9.11958944e-05  0.00000000e+00  9.11958944e-05  9.16468312e-14  9.11958944e-05  5.22165059e-14 
 9.13958944e-05  1.53456316e-14  9.13958944e-05  0.00000000e+00  9.13958944e-05 -2.72721924e-14  9.13958944e-05 -7.00127473e-15 
 9.15958944e-05  1.51831579e-14  9.15958944e-05  0.00000000e+00  9.15958944e-05 -9.63390554e-14  9.15958944e-05 -4.61841226e-14 
 9.17958944e-05 -2.29996713e-14  9.17958944e-05  0.00000000e+00  9.17958944e-05 -7.86506771e-14  9.17958944e-05 -4.21895497e-14 
 9.19958944e-05 -7.91611773e-15  9.19958944e-05  0.00000000e+00  9.19958944e-05 -8.70347678e-15  9.19958944e-05 -8.82723622e-15 
 9.21958944e-05 -1.78974620e-14  9.21958944e-05  0.00000000e+00  9.21958944e-05  4.96973598e-14  9.21958944e-05  2.24444146e-14 
 9.23958944e-05  1.43910564e-14  9.23958944e-05  0.00000000e+00  9.23958944e-05  5.76279759e-14  9.23958944e-05  2.96360857e-14 
 9.25958944e-05  1.37693763e-15  9.25958944e-05  0.00000000e+00  9.25958944e-05  2.19519808e-14  9.25958944e-05  1.36670751e-14 
 9.27958944e-05  1.73408665e-14  9.27958944e-05  0.00000000e+00  9.27958944e-05 -2.03960276e-14  9.27958944e-05 -8.10028027e-15 
 9.29958944e-05 -9.80842098e-15  9.29958944e-05  0.00000000e+00  9.29958944e-05 -3.74364512e-14  9.29958944e-05 -1.85229679e-14 
 9.31958944e-05  3.47411464e-15  9.31958944e-05  0.00000000e+00  9.31958944e-05 -2.31040717e-14  9.31958944e-05 -1.29691365e-14 
 9.33958944e-05 -1.55136510e-14  9.33958944e-05  0.00000000e+00  9.33958944e-05  4.13512757e-15  9.33958944e-05  5.17585571e-16 
 9.35958944e-05  7.79378852e-15  9.35958944e-05  0.00000000e+00  9.35958944e-05  2.16002976e-14  9.35958944e-05  1.02163900e-14 
 9.37958944e-05 -6.64014597e-15  9.37958944e-05  0.00000000e+00  9.37958944e-05  1.89893283e-14  9.37958944e-05  1.01033022e-14 
 9.39958944e-05  1.35014157e-14  9.39958944e-05  0.00000000e+00  9.39958944e-05  3.46558555e-15  9.39958944e-05  2.74334523e-15 
 9.41958944e-05 -7.23019571e-15  9.41958944e-05  0.00000000e+00  9.41958944e-05 -1.07225308e-14  9.41958944e-05 -4.72809993e-15 
 9.43958944e-05  8.45721889e-15  9.43958944e-05  0.00000000e+00  9.43958944e-05 -1.34980534e-14  9.43958944e-05 -6.90358538e-15 
 9.45958944e-05 -1.17932376e-14  9.45958944e-05  0.00000000e+00  9.45958944e-05 -5.95005983e-15  9.45958944e-05 -3.55677051e-15 
 9.47958944e-05  7.36449488e-15  9.47958944e-05  0.00000000e+00  9.47958944e-05  4.06976255e-15  9.47958944e-05  1.50338717e-15 
 9.49958944e-05 -9.33334068e-15  9.49958944e-05  0.00000000e+00  9.49958944e-05  8.52387989e-15  9.49958944e-05  4.20014690e-15 
 9.51958944e-05  1.05326284e-14  9.51958944e-05  0.00000000e+00  9.51958944e-05  5.81023488e-15  9.51958944e-05  3.18929738e-15 
 9.53958944e-05 -7.74461144e-15  9.53958944e-05  0.00000000e+00  9.53958944e-05 -4.97616080e-16  9.53958944e-05  1.38243809e-16 
 9.55958944e-05  9.62546716e-15  9.55958944e-05  0.00000000e+00  9.55958944e-05 -4.75282698e-15  9.55958944e-05 -2.24020631e-15 
 9.57958944e-05 -9.69067483e-15  9.57958944e-05  0.00000000e+00  9.57958944e-05 -4.60508660e-15  9.57958944e-05 -2.40294743e-15 
 9.59958944e-05  8.13363016e-15  9.59958944e-05  0.00000000e+00  9.59958944e-05 -1.08223244e-15  9.59958944e-05 -7.94557806e-16 
 9.61958944e-05 -9.59841171e-15  9.61958944e-05  0.00000000e+00  9.61958944e-05  2.23172697e-15  9.61958944e-05  9.79100290e-16 
 9.63958944e-05  9.17238751e-15  9.63958944e-05  0.00000000e+00  9.63958944e-05  3.19545984e-15  9.63958944e-05  1.59827474e-15 
 9.65958944e-05 -8.43128990e-15  9.65958944e-05  0.00000000e+00  9.65958944e-05  1.51866177e-15  9.65958944e-05  9.10169272e-16 
 9.67958944e-05  9.42602693e-15  9.67958944e-05  0.00000000e+00  9.67958944e-05 -7.31892295e-16  9.67958944e-05 -2.59464995e-16 
 9.69958944e-05 -8.87411613e-15  9.69958944e-05  0.00000000e+00  9.69958944e-05 -1.98049791e-15  9.69958944e-05 -9.45747875e-16 
 9.71958944e-05  8.61415198e-15  9.71958944e-05  0.00000000e+00  9.71958944e-05 -1.39226742e-15  9.71958944e-05 -7.77622398e-16 
 9.73958944e-05 -9.20975808e-15  9.73958944e-05  0.00000000e+00  9.73958944e-05 -4.47098038e-17  9.73958944e-05 -9.17566749e-17 
 9.75958944e-05  8.70918213e-15  9.75958944e-05  0.00000000e+00  9.75958944e-05  1.08779138e-15  9.75958944e-05  4.86156552e-16 
 9.77958944e-05 -8.69542639e-15  9.77958944e-05  0.00000000e+00  9.77958944e-05  1.05662129e-15  9.77958944e-05  5.68036248e-16 
 9.79958944e-05  9.00074789e-15  9.79958944e-05  0.00000000e+00  9.79958944e-05  3.65816486e-16  9.79958944e-05  2.19795585e-16 
 9.81958944e-05 -8.61518491e-15  9.81958944e-05  0.00000000e+00  9.81958944e-05 -5.06494765e-16  9.81958944e-05 -1.98180079e-16 
 9.83958944e-05  8.70096250e-15  9.83958944e-05  0.00000000e+00  9.83958944e-05 -7.00534399e-16  9.83958944e-05 -3.67978788e-16 
 9.85958944e-05 -8.81903140e-15  9.85958944e-05  0.00000000e+00  9.85958944e-05 -4.33384531e-16  9.85958944e-05 -2.29455746e-16 
 9.87958944e-05  8.55222421e-15  9.87958944e-05  0.00000000e+00  9.87958944e-05  1.70257606e-16  9.87958944e-05  3.88623115e-17 
 9.89958944e-05 -8.65673948e-15  9.89958944e-05  0.00000000e+00  9.89958944e-05  4.06704453e-16  9.89958944e-05  2.11613465e-16 
 9.91958944e-05  8.66770736e-15  9.91958944e-05  0.00000000e+00  9.91958944e-05  3.81872412e-16  9.91958944e-05  1.87893385e-16 
 9.93958944e-05 -8.49769200e-15  9.93958944e-05  0.00000000e+00  9.93958944e-05 -2.78629174e-18  9.93958944e-05  3.52346061e-17 
 9.95958944e-05  8.58363038e-15  9.95958944e-05  0.00000000e+00  9.95958944e-05 -1.97212478e-16  9.95958944e-05 -1.04493752e-16 
 9.97958944e-05 -8.54220353e-15  9.97958944e-05  0.00000000e+00  9.97958944e-05 -2.90927345e-16  9.97958944e-05 -1.33249824e-16 
 9.99958944e-05  8.44066983e-15  9.99958944e-05  0.00000000e+00  9.99958944e-05 -6.12051326e-17  9.99958944e-05 -5.91240791e-17 
 1.00195894e-04 -8.49623519e-15  1.00195894e-04  0.00000000e+00  1.00195894e-04  6.45082775e-17  1.00195894e-04  3.91543886e-17 
 1.00395894e-04  8.43565883e-15  1.00395894e-04  0.00000000e+00  1.00395894e-04  2.01552836e-16  1.00395894e-04  8.40083063e-17 
 1.00595894e-04 -8.37727416e-15  1.00595894e-04  0.00000000e+00  1.00595894e-04  6.94546755e-17  1.00595894e-04  5.73584237e-17 
 1.00795894e-04  8.40364049e-15  1.00795894e-04  0.00000000e+00  1.00795894e-04  9.80053496e-18  1.00795894e-04 -4.19013543e-18 
 1.00995894e-04 -8.34161956e-15  1.00995894e-04  0.00000000e+00  1.00995894e-04 -1.30515596e-16  1.00995894e-04 -4.67944467e-17 
 1.01195894e-04  8.30732092e-15  1.01195894e-04  0.00000000e+00  1.01195894e-04 -5.29127210e-17  1.01195894e-04 -4.52577788e-17 
 1.01395894e-04 -8.31083059e-15  1.01395894e-04  0.00000000e+00  1.01395894e-04 -4.49700839e-17  1.01395894e-04 -1.11806024e-17 
 1.01595894e-04  8.25508139e-15  1.01595894e-04  0.00000000e+00  1.01595894e-04  8.11585085e-17  1.01595894e-04  2.19795755e-17 
 1.01795894e-04 -8.23220173e-15  1.01795894e-04  0.00000000e+00  1.01795894e-04  2.93920760e-17  1.01795894e-04  3.12551011e-17 
 1.01995894e-04  8.22008979e-15  1.01995894e-04  0.00000000e+00  1.01995894e-04  5.67927089e-17  1.01995894e-04  1.53388636e-17 
 1.02195894e-04 -8.17263568e-15  1.02195894e-04  0.00000000e+00  1.02195894e-04 -5.05696678e-17  1.02195894e-04 -7.25638777e-18 
 1.02395894e-04  8.15368647e-15  1.02395894e-04  0.00000000e+00  1.02395894e-04 -7.69682878e-18  1.02395894e-04 -1.92403818e-17 
 1.02595894e-04 -8.13212263e-15  1.02595894e-04  0.00000000e+00  1.02595894e-04 -5.64823299e-17  1.02595894e-04 -1.40017062e-17 
 1.02795894e-04  8.09221354e-15  1.02795894e-04  0.00000000e+00  1.02795894e-04  3.38102424e-17  1.02795894e-04 -3.39928649e-19 
 1.02995894e-04 -8.07334948e-15  1.02995894e-04  0.00000000e+00  1.02995894e-04 -8.86920197e-18  1.02995894e-04  1.04390693e-17 
 1.03195894e-04  8.04683414e-15  1.03195894e-04  0.00000000e+00  1.03195894e-04  5.11193012e-17  1.03195894e-04  1.06414554e-17 
 1.03395894e-04 -8.01271325e-15  1.03395894e-04  0.00000000e+00  1.03395894e-04 -2.60778424e-17  1.03395894e-04  3.45933951e-18 
 1.03595894e-04  7.99236942e-15  1.03595894e-04  0.00000000e+00  1.03595894e-04  1.99490592e-17  1.03595894e-04 -4.72350526e-18 
 1.03795894e-04 -7.96381354e-15  1.03795894e-04  0.00000000e+00  1.03795894e-04 -4.46564587e-17  1.03795894e-04 -7.10603741e-18 
 1.03995894e-04  7.93365302e-15  1.03995894e-04  0.00000000e+00  1.03995894e-04  2.35804693e-17  1.03995894e-04 -4.09449634e-18 
 1.04195894e-04 -7.91152449e-15  1.04195894e-04  0.00000000e+00  1.04195894e-04 -2.64840228e-17  1.04195894e-04  1.42781178e-18 
 1.04395894e-04  7.88259849e-15  1.04395894e-04  0.00000000e+00  1.04395894e-04  3.89591431e-17  1.04395894e-04  4.19989097e-18 
 1.04595894e-04 -7.85490335e-15  1.04595894e-04  0.00000000e+00  1.04595894e-04 -2.36998900e-17  1.04595894e-04  3.56861607e-18 
 1.04795894e-04  7.83126996e-15  1.04795894e-04  0.00000000e+00  1.04795894e-04  2.97691791e-17  1.04795894e-04  2.05839338e-19 
 1.04995894e-04 -7.80279536e-15  1.04995894e-04  0.00000000e+00  1.04995894e-04 -3.46528644e-17  1.04995894e-04 -2.13311257e-18 
 1.05195894e-04  7.77650553e-15  1.05195894e-04  0.00000000e+00  1.05195894e-04  2.48266180e-17  1.05195894e-04 -2.66335686e-18 
 1.05395894e-04 -7.75183461e-15  1.05395894e-04  0.00000000e+00  1.05395894e-04 -3.09898140e-17  1.05395894e-04 -8.23098080e-19 
 1.05595894e-04  7.72411574e-15  1.05595894e-04  0.00000000e+00  1.05595894e-04  3.17225357e-17  1.05595894e-04  8.26538813e-19 
 1.05795894e-04 -7.69856227e-15  1.05795894e-04  0.00000000e+00  1.05795894e-04 -2.60908845e-17  1.05795894e-04  1.77961093e-18 
 1.05995894e-04  7.67330589e-15  1.05995894e-04  0.00000000e+00  1.05995894e-04  3.10501239e-17  1.05995894e-04  8.94691128e-19 
 1.06195894e-04 -7.64637070e-15  1.06195894e-04  0.00000000e+00  1.06195894e-04 -2.98892523e-17  1.06195894e-04 -9.62485722e-20 
 1.06395894e-04  7.62117984e-15  1.06395894e-04  0.00000000e+00  1.06395894e-04  2.71037091e-17  1.06395894e-04 -1.08008008e-18 
 1.06595894e-04 -7.59569347e-15  1.06595894e-04  0.00000000e+00  1.06595894e-04 -3.05576868e-17  1.06595894e-04 -7.25021613e-19 
 1.06795894e-04  7.56944872e-15  1.06795894e-04  0.00000000e+00  1.06795894e-04  2.88196029e-17  1.06795894e-04 -2.48791070e-19 
 1.06995894e-04 -7.54444338e-15  1.06995894e-04  0.00000000e+00  1.06995894e-04 -2.77535900e-17  1.06995894e-04  5.95953673e-19 
 1.07195894e-04  7.51897113e-15  1.07195894e-04  0.00000000e+00  1.07195894e-04  2.98758920e-17  1.07195894e-04  4.88776355e-19 
 1.07395894e-04 -7.49329114e-15  1.07395894e-04  0.00000000e+00  1.07395894e-04 -2.82236713e-17  1.07395894e-04  3.64643288e-19 
 1.07595894e-04  7.46841078e-15  1.07595894e-04  0.00000000e+00  1.07595894e-04  2.80667288e-17  1.07595894e-04 -2.97453291e-19 
 1.07795894e-04 -7.44310141e-15  1.07795894e-04  0.00000000e+00  1.07795894e-04 -2.91942637e-17  1.07795894e-04 -2.71929425e-19 
 1.07995894e-04  7.41787141e-15  1.07995894e-04  0.00000000e+00  1.07995894e-04  2.78872172e-17  1.07995894e-04 -3.61818266e-19 
 1.08195894e-04 -7.39311557e-15  1.08195894e-04  0.00000000e+00  1.08195894e-04 -2.81214723e-17  1.08195894e-04  1.35320246e-19 
 1.08395894e-04  7.36804809e-15  1.08395894e-04  0.00000000e+00  1.08395894e-04  2.85922732e-17  1.08395894e-04  1.06434970e-19 
 1.08595894e-04 -7.34318015e-15  1.08595894e-04  0.00000000e+00  1.08595894e-04 -2.76700536e-17  1.08595894e-04  3.09910288e-19 
 1.08795894e-04  7.31857295e-15  1.08795894e-04  0.00000000e+00  1.08795894e-04  2.80023233e-17  1.08795894e-04 -6.19632452e-20 
 1.08995894e-04 -7.29378113e-15  1.08995894e-04  0.00000000e+00  1.08995894e-04 -2.80877695e-17  1.08995894e-04  4.59692081e-21 
 1.09195894e-04  7.26921547e-15  1.09195894e-04  0.00000000e+00  1.09195894e-04  2.74906662e-17  1.09195894e-04 -2.47653471e-19 
 1.09395894e-04 -7.24478603e-15  1.09395894e-04  0.00000000e+00  1.09395894e-04 -2.77795637e-17  1.09395894e-04  3.99352071e-20 
 1.09595894e-04  7.22027759e-15  1.09595894e-04  0.00000000e+00  1.09595894e-04  2.76693858e-17  1.09595894e-04 -7.06872217e-20 
 1.09795894e-04 -7.19597752e-15  1.09795894e-04  0.00000000e+00  1.09795894e-04 -2.73081582e-17  1.09795894e-04  1.93237554e-19 
 1.09897947e-04  7.14853796e-15  1.09897947e-04  0.00000000e+00  1.09897947e-04  2.74581296e-17  1.09897947e-04 -2.44123023e-20 
 1.10000000e-04 -7.10134667e-15  1.10000000e-04  0.00000000e+00  1.10000000e-04 -2.70215463e-17  1.10000000e-04  1.62232267e-19 
 1.10001453e-04  8.91759107e-09  1.10001453e-04  2.90532316e-03  1.10001453e-04  9.54849997e-05  1.10001453e-04  2.95717802e-06 
 1.10004358e-04  8.09477011e-08  1.10004358e-04  8.71596948e-03  1.10004358e-04  4.77423155e-04  1.10004358e-04  2.03338529e-05 
 1.10008145e-04  5.67405129e-07  1.10008145e-04  1.62899528e-02  1.10008145e-04  1.54863003e-03  1.10008145e-04  9.73907022e-05 
 1.10012160e-04  2.27841323e-06  1.10012160e-04  2.43192168e-02  1.10012160e-04  3.39273916e-03  1.10012160e-04  2.87685062e-04 
 1.10017194e-04  8.10352025e-06  1.10017194e-04  3.43884842e-02  1.10017194e-04  6.73571418e-03  1.10017194e-04  7.48578656e-04 
 1.10023706e-04  2.68038096e-05  1.10023706e-04  4.74122728e-02  1.10023706e-04  1.27588963e-02  1.10023706e-04  1.81217153e-03 
 1.10032618e-04  8.79874268e-05  1.10032618e-04  6.52359855e-02  1.10032618e-04  2.41036792e-02  1.10032618e-04  4.30608072e-03 
 1.10045013e-04  2.87665304e-04  1.10045013e-04  9.00268459e-02  1.10045013e-04  4.58218301e-02  1.10045013e-04  1.00978078e-02 
 1.10062623e-04  9.44298741e-04  1.10062623e-04  1.25245458e-01  1.10062623e-04  8.84584609e-02  1.10062623e-04  2.35155955e-02 
 1.10088006e-04  3.10365141e-03  1.10088006e-04  1.76012623e-01  1.10088006e-04  1.73799991e-01  1.10088006e-04  5.42823754e-02 
 1.10125464e-04  1.02582647e-02  1.10125464e-04  2.50927422e-01  1.10125464e-04  3.49041681e-01  1.10125464e-04  1.24571772e-01 
 1.10182223e-04  3.41113339e-02  1.10182223e-04  3.64446837e-01  1.10182223e-04  7.15664456e-01  1.10182223e-04  2.84108656e-01 
 1.10272109e-04  1.14595657e-01  1.10272109e-04  5.44217934e-01  1.10272109e-04  1.48837080e+00  1.10272109e-04  6.42481420e-01 
 1.10428403e-04  3.92553069e-01  1.10428403e-04  8.56805116e-01  1.10428403e-04  3.06868421e+00  1.10428403e-04  1.41778226e+00 
 1.10628403e-04  9.40812384e-01  1.10628403e-04  1.25680512e+00  1.10628403e-04  4.83376511e+00  1.10628403e-04  2.33225778e+00 
 1.10814201e-04  1.50668058e+00  1.10814201e-04  1.62840256e+00  1.10814201e-04  5.75352938e+00  1.10814201e-04  2.84092841e+00 
 1.11000000e-04  1.98492218e+00  1.11000000e-04  2.00000000e+00  1.11000000e-04  6.04080668e+00  1.11000000e-04  3.01501357e+00 
 1.11020000e-04  2.02681130e+00  1.11020000e-04  2.00000000e+00  1.11020000e-04  6.02864759e+00  1.11020000e-04  3.01468510e+00 
 1.11060000e-04  2.10606823e+00  1.11060000e-04  2.00000000e+00  1.11060000e-04  5.96846682e+00  1.11060000e-04  3.00001224e+00 
 1.11140000e-04  2.23224061e+00  1.11140000e-04  2.00000000e+00  1.11140000e-04  5.66219971e+00  1.11140000e-04  2.88085662e+00 
 1.11300000e-04  2.33022308e+00  1.11300000e-04  2.00000000e+00  1.11300000e-04  4.64397934e+00  1.11300000e-04  2.40350469e+00 
 1.11500000e-04  2.20282705e+00  1.11500000e-04  2.00000000e+00  1.11500000e-04  3.43780072e+00  1.11500000e-04  1.77553801e+00 
 1.11700000e-04  1.96160361e+00  1.11700000e-04  2.00000000e+00  1.11700000e-04  3.06563852e+00  1.11700000e-04  1.53016391e+00 
 1.11900000e-04  1.80907831e+00  1.11900000e-04  2.00000000e+00  1.11900000e-04  3.58430726e+00  1.11900000e-04  1.74708610e+00 
 1.12100000e-04  1.83261835e+00  1.12100000e-04  2.00000000e+00  1.12100000e-04  4.39476778e+00  1.12100000e-04  2.15312325e+00 
 1.12300000e-04  1.97069604e+00  1.12300000e-04  2.00000000e+00  1.12300000e-04  4.83954892e+00  1.12300000e-04  2.40796903e+00 
 1.12500000e-04  2.09488287e+00  1.12500000e-04  2.00000000e+00  1.12500000e-04  4.69096471e+00  1.12500000e-04  2.36642703e+00 
 1.12700000e-04  2.11927343e+00  1.12700000e-04  2.00000000e+00  1.12700000e-04  4.20624689e+00  1.12700000e-04  2.13343666e+00 
 1.12900000e-04  2.05157241e+00  1.12900000e-04  2.00000000e+00  1.12900000e-04  3.81953626e+00  1.12900000e-04  1.92525491e+00 
 1.13100000e-04  1.96384747e+00  1.13100000e-04  2.00000000e+00  1.13100000e-04  3.78447762e+00  1.13100000e-04  1.88549845e+00 
 1.13300000e-04  1.92433674e+00  1.13300000e-04  2.00000000e+00  1.13300000e-04  4.03727755e+00  1.13300000e-04  2.00015475e+00 
 1.13500000e-04  1.94928322e+00  1.13500000e-04  2.00000000e+00  1.13500000e-04  4.32301610e+00  1.13500000e-04  2.14756240e+00 
 1.13700000e-04  2.00440297e+00  1.13700000e-04  2.00000000e+00  1.13700000e-04  4.42760049e+00  1.13700000e-04  2.21328658e+00 
 1.13900000e-04  2.04236596e+00  1.13900000e-04  2.00000000e+00  1.13900000e-04  4.32159048e+00  1.13900000e-04  2.17068193e+00 
 1.14100000e-04  2.04018010e+00  1.14100000e-04  2.00000000e+00  1.14100000e-04  4.13464336e+00  1.14100000e-04  2.07785657e+00 
 1.14300000e-04  2.00958505e+00  1.14300000e-04  2.00000000e+00  1.14300000e-04  4.02186799e+00  1.14300000e-04  2.01436685e+00 
 1.14500000e-04  1.97980466e+00  1.14500000e-04  2.00000000e+00  1.14500000e-04  4.04569064e+00  1.14500000e-04  2.01850260e+00 
 1.14700000e-04  1.97207674e+00  1.14700000e-04  2.00000000e+00  1.14700000e-04  4.15437072e+00  1.14700000e-04  2.07016283e+00 
 1.14900000e-04  1.98638226e+00  1.14900000e-04  2.00000000e+00  1.14900000e-04  4.24816478e+00  1.14900000e-04  2.12011537e+00 
 1.15100000e-04  2.00684137e+00  1.15100000e-04  2.00000000e+00  1.15100000e-04  4.26330336e+00  1.15100000e-04  2.13282302e+00 
 1.15300000e-04  2.01716391e+00  1.15300000e-04  2.00000000e+00  1.15300000e-04  4.20880110e+00  1.15300000e-04  2.10856580e+00 
 1.15500000e-04  2.01248348e+00  1.15500000e-04  2.00000000e+00  1.15500000e-04  4.14153662e+00  1.15500000e-04  2.07417011e+00 
 1.15700000e-04  1.99996907e+00  1.15700000e-04  2.00000000e+00  1.15700000e-04  4.11317666e+00  1.15700000e-04  2.05697046e+00 
 1.15900000e-04  1.99061553e+00  1.15900000e-04  2.00000000e+00  1.15900000e-04  4.13429187e+00  1.15900000e-04  2.06499780e+00 
 1.16100000e-04  1.99035777e+00  1.16100000e-04  2.00000000e+00  1.16100000e-04  4.17715067e+00  1.16100000e-04  2.08608442e+00 
 1.16300000e-04  1.99707834e+00  1.16300000e-04  2.00000000e+00  1.16300000e-04  4.20538612e+00  1.16300000e-04  2.10173980e+00 
 1.16500000e-04  2.00417104e+00  1.16500000e-04  2.00000000e+00  1.16500000e-04  4.20236926e+00  1.16500000e-04  2.10206611e+00 
 1.16700000e-04  2.00643438e+00  1.16700000e-04  2.00000000e+00  1.16700000e-04  4.17818551e+00  1.16700000e-04  2.09070969e+00 
 1.16900000e-04  2.00346138e+00  1.16900000e-04  2.00000000e+00  1.16900000e-04  4.15560839e+00  1.16900000e-04  2.07880606e+00 
 1.17100000e-04  1.99871865e+00  1.17100000e-04  2.00000000e+00  1.17100000e-04  4.15048827e+00  1.17100000e-04  2.07506525e+00 
 1.17300000e-04  1.99606941e+00  1.17300000e-04  2.00000000e+00  1.17300000e-04  4.16209192e+00  1.17300000e-04  2.08011410e+00 
 1.17500000e-04  1.99689122e+00  1.17500000e-04  2.00000000e+00  1.17500000e-04  4.17782941e+00  1.17500000e-04  2.08809153e+00 
 1.17700000e-04  1.99971346e+00  1.17700000e-04  2.00000000e+00  1.17700000e-04  4.18532191e+00  1.17700000e-04  2.09251169e+00 
 1.17900000e-04  2.00199740e+00  1.17900000e-04  2.00000000e+00  1.17900000e-04  4.18126190e+00  1.17900000e-04  2.09109245e+00 
 1.18100000e-04  2.00223473e+00  1.18100000e-04  2.00000000e+00  1.18100000e-04  4.17149797e+00  1.18100000e-04  2.08633428e+00 
 1.18300000e-04  2.00077276e+00  1.18300000e-04  2.00000000e+00  1.18300000e-04  4.16450509e+00  1.18300000e-04  2.08250884e+00 
 1.18500000e-04  1.99909447e+00  1.18500000e-04  2.00000000e+00  1.18500000e-04  4.16461703e+00  1.18500000e-04  2.08213456e+00 
 1.18700000e-04  1.99846313e+00  1.18700000e-04  2.00000000e+00  1.18700000e-04  4.16995423e+00  1.18700000e-04  2.08460711e+00 
 1.18900000e-04  1.99906826e+00  1.18900000e-04  2.00000000e+00  1.18900000e-04  4.17535050e+00  1.18900000e-04  2.08742526e+00 
 1.19100000e-04  2.00016105e+00  1.19100000e-04  2.00000000e+00  1.19100000e-04  4.17690516e+00  1.19100000e-04  2.08847224e+00 
 1.19300000e-04  2.00083114e+00  1.19300000e-04  2.00000000e+00  1.19300000e-04  4.17447145e+00  1.19300000e-04  2.08744259e+00 
 1.19500000e-04  2.00070304e+00  1.19500000e-04  2.00000000e+00  1.19500000e-04  4.17081166e+00  1.19500000e-04  2.08560355e+00 
 1.19700000e-04  2.00007109e+00  1.19700000e-04  2.00000000e+00  1.19700000e-04  4.16887155e+00  1.19700000e-04  2.08448429e+00 
 1.19900000e-04  1.99951792e+00  1.19900000e-04  2.00000000e+00  1.19900000e-04  4.16961273e+00  1.19900000e-04  2.08470852e+00 
 1.20100000e-04  1.99942191e+00  1.20100000e-04  2.00000000e+00  1.20100000e-04  4.17182258e+00  1.20100000e-04  2.08577460e+00 
 1.20300000e-04  1.99973643e+00  1.20300000e-04  2.00000000e+00  1.20300000e-04  4.17353799e+00  1.20300000e-04  2.08670172e+00 
 1.20500000e-04  2.00013106e+00  1.20500000e-04  2.00000000e+00  1.20500000e-04  4.17364893e+00  1.20500000e-04  2.08685747e+00 
 1.20700000e-04  2.00030136e+00  1.20700000e-04  2.00000000e+00  1.20700000e-04  4.17248176e+00  1.20700000e-04  2.08632501e+00 
 1.20900000e-04  2.00018150e+00  1.20900000e-04  2.00000000e+00  1.20900000e-04  4.17120055e+00  1.20900000e-04  2.08566201e+00 
 1.21100000e-04  1.99993125e+00  1.21100000e-04  2.00000000e+00  1.21100000e-04  4.17075674e+00  1.21100000e-04  2.08537892e+00 
 1.21300000e-04  1.99976383e+00  1.21300000e-04  2.00000000e+00  1.21300000e-04  4.17125787e+00  1.21300000e-04  2.08558340e+00 
 1.21500000e-04  1.99977882e+00  1.21500000e-04  2.00000000e+00  1.21500000e-04  4.17210384e+00  1.21500000e-04  2.08600476e+00 
 1.21700000e-04  1.99991924e+00  1.21700000e-04  2.00000000e+00  1.21700000e-04  4.17259817e+00  1.21700000e-04  2.08628467e+00 
 1.21900000e-04  2.00005222e+00  1.21900000e-04  2.00000000e+00  1.21900000e-04  4.17247395e+00  1.21900000e-04  2.08625739e+00 
 1.22100000e-04  2.00008388e+00  1.22100000e-04  2.00000000e+00  1.22100000e-04  4.17197723e+00  1.22100000e-04  2.08602035e+00 
 1.22300000e-04  2.00001709e+00  1.22300000e-04  2.00000000e+00  1.22300000e-04  4.17156002e+00  1.22300000e-04  2.08579734e+00 
 1.22500000e-04  1.99992486e+00  1.22500000e-04  2.00000000e+00  1.22500000e-04  4.17150259e+00  1.22500000e-04  2.08574539e+00 
 1.22700000e-04  1.99988005e+00  1.22700000e-04  2.00000000e+00  1.22700000e-04  4.17175521e+00  1.22700000e-04  2.08585860e+00 
 1.22900000e-04  1.99990292e+00  1.22900000e-04  2.00000000e+00  1.22900000e-04  4.17205747e+00  1.22900000e-04  2.08601363e+00 
 1.23100000e-04  1.99995986e+00  1.23100000e-04  2.00000000e+00  1.23100000e-04  4.17217915e+00  1.23100000e-04  2.08608826e+00 
 1.23300000e-04  2.00000125e+00  1.23300000e-04  2.00000000e+00  1.23300000e-04  4.17207835e+00  1.23300000e-04  2.08604910e+00 
 1.23500000e-04  2.00000122e+00  1.23500000e-04  2.00000000e+00  1.23500000e-04  4.17188399e+00  1.23500000e-04  2.08595317e+00 
 1.23700000e-04  1.99997028e+00  1.23700000e-04  2.00000000e+00  1.23700000e-04  4.17175971e+00  1.23700000e-04  2.08588392e+00 
 1.23900000e-04  1.99993853e+00  1.23900000e-04  2.00000000e+00  1.23900000e-04  4.17177726e+00  1.23900000e-04  2.08588445e+00 
 1.24100000e-04  1.99992905e+00  1.24100000e-04  2.00000000e+00  1.24100000e-04  4.17188809e+00  1.24100000e-04  2.08593672e+00 
 1.24300000e-04  1.99994301e+00  1.24300000e-04  2.00000000e+00  1.24300000e-04  4.17198877e+00  1.24300000e-04  2.08598999e+00 
 1.24500000e-04  1.99996444e+00  1.24500000e-04  2.00000000e+00  1.24500000e-04  4.17200938e+00  1.24500000e-04  2.08600564e+00 
 1.24700000e-04  1.99997600e+00  1.24700000e-04  2.00000000e+00  1.24700000e-04  4.17195535e+00  1.24700000e-04  2.08598194e+00 
 1.24900000e-04  1.99997188e+00  1.24900000e-04  2.00000000e+00  1.24900000e-04  4.17188449e+00  1.24900000e-04  2.08594591e+00 
 1.25100000e-04  1.99995901e+00  1.25100000e-04  2.00000000e+00  1.25100000e-04  4.17185208e+00  1.25100000e-04  2.08592662e+00 
 1.25300000e-04  1.99994887e+00  1.25300000e-04  2.00000000e+00  1.25300000e-04  4.17187172e+00  1.25300000e-04  2.08593372e+00 
 1.25500000e-04  1.99994808e+00  1.25500000e-04  2.00000000e+00  1.25500000e-04  4.17191610e+00  1.25500000e-04  2.08595542e+00 
 1.25700000e-04  1.99995483e+00  1.25700000e-04  2.00000000e+00  1.25700000e-04  4.17194699e+00  1.25700000e-04  2.08597239e+00 
 1.25900000e-04  1.99996236e+00  1.25900000e-04  2.00000000e+00  1.25900000e-04  4.17194556e+00  1.25900000e-04  2.08597362e+00 
 1.26100000e-04  1.99996504e+00  1.26100000e-04  2.00000000e+00  1.26100000e-04  4.17192103e+00  1.26100000e-04  2.08596220e+00 
 1.26300000e-04  1.99996218e+00  1.26300000e-04  2.00000000e+00  1.26300000e-04  4.17189691e+00  1.26300000e-04  2.08594956e+00 
 1.26500000e-04  1.99995723e+00  1.26500000e-04  2.00000000e+00  1.26500000e-04  4.17189046e+00  1.26500000e-04  2.08594511e+00 
 1.26700000e-04  1.99995429e+00  1.26700000e-04  2.00000000e+00  1.26700000e-04  4.17190186e+00  1.26700000e-04  2.08594998e+00 
 1.26900000e-04  1.99995497e+00  1.26900000e-04  2.00000000e+00  1.26900000e-04  4.17191837e+00  1.26900000e-04  2.08595830e+00 
 1.27100000e-04  1.99995786e+00  1.27100000e-04  2.00000000e+00  1.27100000e-04  4.17192682e+00  1.27100000e-04  2.08596321e+00 
 1.27300000e-04  1.99996032e+00  1.27300000e-04  2.00000000e+00  1.27300000e-04  4.17192316e+00  1.27300000e-04  2.08596203e+00 
 1.27500000e-04  1.99996069e+00  1.27500000e-04  2.00000000e+00  1.27500000e-04  4.17191309e+00  1.27500000e-04  2.08595716e+00 
 1.27700000e-04  1.99995923e+00  1.27700000e-04  2.00000000e+00  1.27700000e-04  4.17190549e+00  1.27700000e-04  2.08595304e+00 
 1.27900000e-04  1.99995746e+00  1.27900000e-04  2.00000000e+00  1.27900000e-04  4.17190520e+00  1.27900000e-04  2.08595244e+00 
 1.28100000e-04  1.99995673e+00  1.28100000e-04  2.00000000e+00  1.28100000e-04  4.17191058e+00  1.28100000e-04  2.08595491e+00 
 1.28300000e-04  1.99995730e+00  1.28300000e-04  2.00000000e+00  1.28300000e-04  4.17191632e+00  1.28300000e-04  2.08595789e+00 
 1.28500000e-04  1.99995843e+00  1.28500000e-04  2.00000000e+00  1.28500000e-04  4.17191820e+00  1.28500000e-04  2.08595910e+00 
 1.28700000e-04  1.99995917e+00  1.28700000e-04  2.00000000e+00  1.28700000e-04  4.17191584e+00  1.28700000e-04  2.08595813e+00 
 1.28900000e-04  1.99995908e+00  1.28900000e-04  2.00000000e+00  1.28900000e-04  4.17191201e+00  1.28900000e-04  2.08595622e+00 
 1.29100000e-04  1.99995844e+00  1.29100000e-04  2.00000000e+00  1.29100000e-04  4.17190985e+00  1.29100000e-04  2.08595498e+00 
 1.29300000e-04  1.99995784e+00  1.29300000e-04  2.00000000e+00  1.29300000e-04  4.17191048e+00  1.29300000e-04  2.08595515e+00 
 1.29500000e-04  1.99995772e+00  1.29500000e-04  2.00000000e+00  1.29500000e-04  4.17191275e+00  1.29500000e-04  2.08595623e+00 
 1.29700000e-04  1.99995803e+00  1.29700000e-04  2.00000000e+00  1.29700000e-04  4.17191461e+00  1.29700000e-04  2.08595723e+00 
 1.29900000e-04  1.99995844e+00  1.29900000e-04  2.00000000e+00  1.29900000e-04  4.17191482e+00  1.29900000e-04  2.08595744e+00 
 1.30100000e-04  1.99995864e+00  1.30100000e-04  2.00000000e+00  1.30100000e-04  4.17191365e+00  1.30100000e-04  2.08595691e+00 
 1.30300000e-04  1.99995853e+00  1.30300000e-04  2.00000000e+00  1.30300000e-04  4.17191229e+00  1.30300000e-04  2.08595621e+00 
 1.30500000e-04  1.99995827e+00  1.30500000e-04  2.00000000e+00  1.30500000e-04  4.17191177e+00  1.30500000e-04  2.08595589e+00 
 1.30700000e-04  1.99995808e+00  1.30700000e-04  2.00000000e+00  1.30700000e-04  4.17191225e+00  1.30700000e-04  2.08595608e+00 
 1.30900000e-04  1.99995809e+00  1.30900000e-04  2.00000000e+00  1.30900000e-04  4.17191313e+00  1.30900000e-04  2.08595651e+00 
 1.31100000e-04  1.99995823e+00  1.31100000e-04  2.00000000e+00  1.31100000e-04  4.17191367e+00  1.31100000e-04  2.08595682e+00 
 1.31300000e-04  1.99995837e+00  1.31300000e-04  2.00000000e+00  1.31300000e-04  4.17191358e+00  1.31300000e-04  2.08595681e+00 
 1.31500000e-04  1.99995841e+00  1.31500000e-04  2.00000000e+00  1.31500000e-04  4.17191307e+00  1.31500000e-04  2.08595657e+00 
 1.31700000e-04  1.99995835e+00  1.31700000e-04  2.00000000e+00  1.31700000e-04  4.17191262e+00  1.31700000e-04  2.08595633e+00 
 1.31900000e-04  1.99995825e+00  1.31900000e-04  2.00000000e+00  1.31900000e-04  4.17191254e+00  1.31900000e-04  2.08595627e+00 
 1.32100000e-04  1.99995820e+00  1.32100000e-04  2.00000000e+00  1.32100000e-04  4.17191279e+00  1.32100000e-04  2.08595638e+00 
 1.32300000e-04  1.99995822e+00  1.32300000e-04  2.00000000e+00  1.32300000e-04  4.17191311e+00  1.32300000e-04  2.08595654e+00 
 1.32500000e-04  1.99995828e+00  1.32500000e-04  2.00000000e+00  1.32500000e-04  4.17191325e+00  1.32500000e-04  2.08595662e+00 
 1.32700000e-04  1.99995832e+00  1.32700000e-04  2.00000000e+00  1.32700000e-04  4.17191316e+00  1.32700000e-04  2.08595659e+00 
 1.32900000e-04  1.99995833e+00  1.32900000e-04  2.00000000e+00  1.32900000e-04  4.17191295e+00  1.32900000e-04  2.08595649e+00 
 1.33100000e-04  1.99995830e+00  1.33100000e-04  2.00000000e+00  1.33100000e-04  4.17191282e+00  1.33100000e-04  2.08595641e+00 
 1.33300000e-04  1.99995826e+00  1.33300000e-04  2.00000000e+00  1.33300000e-04  4.17191283e+00  1.33300000e-04  2.08595641e+00 
 1.33500000e-04  1.99995825e+00  1.33500000e-04  2.00000000e+00  1.33500000e-04  4.17191294e+00  1.33500000e-04  2.08595646e+00 
 1.33700000e-04  1.99995826e+00  1.33700000e-04  2.00000000e+00  1.33700000e-04  4.17191305e+00  1.33700000e-04  2.08595652e+00 
 1.33900000e-04  1.99995829e+00  1.33900000e-04  2.00000000e+00  1.33900000e-04  4.17191308e+00  1.33900000e-04  2.08595654e+00 
 1.34100000e-04  1.99995830e+00  1.34100000e-04  2.00000000e+00  1.34100000e-04  4.17191302e+00  1.34100000e-04  2.08595652e+00 
 1.34300000e-04  1.99995830e+00  1.34300000e-04  2.00000000e+00  1.34300000e-04  4.17191295e+00  1.34300000e-04  2.08595648e+00 
 1.34500000e-04  1.99995828e+00  1.34500000e-04  2.00000000e+00  1.34500000e-04  4.17191291e+00  1.34500000e-04  2.08595646e+00 
 1.34700000e-04  1.99995827e+00  1.34700000e-04  2.00000000e+00  1.34700000e-04  4.17191293e+00  1.34700000e-04  2.08595646e+00 
 1.34900000e-04  1.99995827e+00  1.34900000e-04  2.00000000e+00  1.34900000e-04  4.17191297e+00  1.34900000e-04  2.08595648e+00 
 1.35100000e-04  1.99995828e+00  1.35100000e-04  2.00000000e+00  1.35100000e-04  4.17191301e+00  1.35100000e-04  2.08595650e+00 
 1.35300000e-04  1.99995828e+00  1.35300000e-04  2.00000000e+00  1.35300000e-04  4.17191301e+00  1.35300000e-04  2.08595651e+00 
 1.35500000e-04  1.99995829e+00  1.35500000e-04  2.00000000e+00  1.35500000e-04  4.17191298e+00  1.35500000e-04  2.08595649e+00 
 1.35700000e-04  1.99995829e+00  1.35700000e-04  2.00000000e+00  1.35700000e-04  4.17191296e+00  1.35700000e-04  2.08595648e+00 
 1.35900000e-04  1.99995828e+00  1.35900000e-04  2.00000000e+00  1.35900000e-04  4.17191295e+00  1.35900000e-04  2.08595648e+00 
 1.36100000e-04  1.99995828e+00  1.36100000e-04  2.00000000e+00  1.36100000e-04  4.17191296e+00  1.36100000e-04  2.08595648e+00 
 1.36300000e-04  1.99995828e+00  1.36300000e-04  2.00000000e+00  1.36300000e-04  4.17191298e+00  1.36300000e-04  2.08595649e+00 
 1.36500000e-04  1.99995828e+00  1.36500000e-04  2.00000000e+00  1.36500000e-04  4.17191299e+00  1.36500000e-04  2.08595649e+00 
 1.36700000e-04  1.99995828e+00  1.36700000e-04  2.00000000e+00  1.36700000e-04  4.17191298e+00  1.36700000e-04  2.08595649e+00 
 1.36900000e-04  1.99995828e+00  1.36900000e-04  2.00000000e+00  1.36900000e-04  4.17191297e+00  1.36900000e-04  2.08595649e+00 
 1.37100000e-04  1.99995828e+00  1.37100000e-04  2.00000000e+00  1.37100000e-04  4.17191297e+00  1.37100000e-04  2.08595648e+00 
 1.37300000e-04  1.99995828e+00  1.37300000e-04  2.00000000e+00  1.37300000e-04  4.17191297e+00  1.37300000e-04  2.08595648e+00 
 1.37500000e-04  1.99995828e+00  1.37500000e-04  2.00000000e+00  1.37500000e-04  4.17191297e+00  1.37500000e-04  2.08595649e+00 
 1.37700000e-04  1.99995828e+00  1.37700000e-04  2.00000000e+00  1.37700000e-04  4.17191298e+00  1.37700000e-04  2.08595649e+00 
 1.37900000e-04  1.99995828e+00  1.37900000e-04  2.00000000e+00  1.37900000e-04  4.17191298e+00  1.37900000e-04  2.08595649e+00 
 1.38100000e-04  1.99995828e+00  1.38100000e-04  2.00000000e+00  1.38100000e-04  4.17191298e+00  1.38100000e-04  2.08595649e+00 
 1.38300000e-04  1.99995828e+00  1.38300000e-04  2.00000000e+00  1.38300000e-04  4.17191297e+00  1.38300000e-04  2.08595649e+00 
 1.38500000e-04  1.99995828e+00  1.38500000e-04  2.00000000e+00  1.38500000e-04  4.17191297e+00  1.38500000e-04  2.08595649e+00 
 1.38700000e-04  1.99995828e+00  1.38700000e-04  2.00000000e+00  1.38700000e-04  4.17191297e+00  1.38700000e-04  2.08595649e+00 
 1.38900000e-04  1.99995828e+00  1.38900000e-04  2.00000000e+00  1.38900000e-04  4.17191297e+00  1.38900000e-04  2.08595649e+00 
 1.39100000e-04  1.99995828e+00  1.39100000e-04  2.00000000e+00  1.39100000e-04  4.17191298e+00  1.39100000e-04  2.08595649e+00 
 1.39300000e-04  1.99995828e+00  1.39300000e-04  2.00000000e+00  1.39300000e-04  4.17191298e+00  1.39300000e-04  2.08595649e+00 
 1.39500000e-04  1.99995828e+00  1.39500000e-04  2.00000000e+00  1.39500000e-04  4.17191297e+00  1.39500000e-04  2.08595649e+00 
 1.39700000e-04  1.99995828e+00  1.39700000e-04  2.00000000e+00  1.39700000e-04  4.17191297e+00  1.39700000e-04  2.08595649e+00 
 1.39900000e-04  1.99995828e+00  1.39900000e-04  2.00000000e+00  1.39900000e-04  4.17191297e+00  1.39900000e-04  2.08595649e+00 
 1.40100000e-04  1.99995828e+00  1.40100000e-04  2.00000000e+00  1.40100000e-04  4.17191297e+00  1.40100000e-04  2.08595649e+00 
 1.40300000e-04  1.99995828e+00  1.40300000e-04  2.00000000e+00  1.40300000e-04  4.17191297e+00  1.40300000e-04  2.08595649e+00 
 1.40500000e-04  1.99995828e+00  1.40500000e-04  2.00000000e+00  1.40500000e-04  4.17191297e+00  1.40500000e-04  2.08595649e+00 
 1.40700000e-04  1.99995828e+00  1.40700000e-04  2.00000000e+00  1.40700000e-04  4.17191297e+00  1.40700000e-04  2.08595649e+00 
 1.40900000e-04  1.99995828e+00  1.40900000e-04  2.00000000e+00  1.40900000e-04  4.17191297e+00  1.40900000e-04  2.08595649e+00 
 1.41100000e-04  1.99995828e+00  1.41100000e-04  2.00000000e+00  1.41100000e-04  4.17191297e+00  1.41100000e-04  2.08595649e+00 
 1.41300000e-04  1.99995828e+00  1.41300000e-04  2.00000000e+00  1.41300000e-04  4.17191297e+00  1.41300000e-04  2.08595649e+00 
 1.41500000e-04  1.99995828e+00  1.41500000e-04  2.00000000e+00  1.41500000e-04  4.17191297e+00  1.41500000e-04  2.08595649e+00 
 1.41700000e-04  1.99995828e+00  1.41700000e-04  2.00000000e+00  1.41700000e-04  4.17191297e+00  1.41700000e-04  2.08595649e+00 
 1.41900000e-04  1.99995828e+00  1.41900000e-04  2.00000000e+00  1.41900000e-04  4.17191297e+00  1.41900000e-04  2.08595649e+00 
 1.42100000e-04  1.99995828e+00  1.42100000e-04  2.00000000e+00  1.42100000e-04  4.17191297e+00  1.42100000e-04  2.08595649e+00 
 1.42300000e-04  1.99995828e+00  1.42300000e-04  2.00000000e+00  1.42300000e-04  4.17191297e+00  1.42300000e-04  2.08595649e+00 
 1.42500000e-04  1.99995828e+00  1.42500000e-04  2.00000000e+00  1.42500000e-04  4.17191297e+00  1.42500000e-04  2.08595649e+00 
 1.42700000e-04  1.99995828e+00  1.42700000e-04  2.00000000e+00  1.42700000e-04  4.17191297e+00  1.42700000e-04  2.08595649e+00 
 1.42900000e-04  1.99995828e+00  1.42900000e-04  2.00000000e+00  1.42900000e-04  4.17191297e+00  1.42900000e-04  2.08595649e+00 
 1.43100000e-04  1.99995828e+00  1.43100000e-04  2.00000000e+00  1.43100000e-04  4.17191297e+00  1.43100000e-04  2.08595649e+00 
 1.43300000e-04  1.99995828e+00  1.43300000e-04  2.00000000e+00  1.43300000e-04  4.17191297e+00  1.43300000e-04  2.08595649e+00 
 1.43500000e-04  1.99995828e+00  1.43500000e-04  2.00000000e+00  1.43500000e-04  4.17191297e+00  1.43500000e-04  2.08595649e+00 
 1.43700000e-04  1.99995828e+00  1.43700000e-04  2.00000000e+00  1.43700000e-04  4.17191297e+00  1.43700000e-04  2.08595649e+00 
 1.43900000e-04  1.99995828e+00  1.43900000e-04  2.00000000e+00  1.43900000e-04  4.17191297e+00  1.43900000e-04  2.08595649e+00 
 1.44100000e-04  1.99995828e+00  1.44100000e-04  2.00000000e+00  1.44100000e-04  4.17191297e+00  1.44100000e-04  2.08595649e+00 
 1.44300000e-04  1.99995828e+00  1.44300000e-04  2.00000000e+00  1.44300000e-04  4.17191297e+00  1.44300000e-04  2.08595649e+00 
 1.44500000e-04  1.99995828e+00  1.44500000e-04  2.00000000e+00  1.44500000e-04  4.17191297e+00  1.44500000e-04  2.08595649e+00 
 1.44700000e-04  1.99995828e+00  1.44700000e-04  2.00000000e+00  1.44700000e-04  4.17191297e+00  1.44700000e-04  2.08595649e+00 
 1.44900000e-04  1.99995828e+00  1.44900000e-04  2.00000000e+00  1.44900000e-04  4.17191297e+00  1.44900000e-04  2.08595649e+00 
 1.45100000e-04  1.99995828e+00  1.45100000e-04  2.00000000e+00  1.45100000e-04  4.17191297e+00  1.45100000e-04  2.08595649e+00 
 1.45300000e-04  1.99995828e+00  1.45300000e-04  2.00000000e+00  1.45300000e-04  4.17191297e+00  1.45300000e-04  2.08595649e+00 
 1.45500000e-04  1.99995828e+00  1.45500000e-04  2.00000000e+00  1.45500000e-04  4.17191297e+00  1.45500000e-04  2.08595649e+00 
 1.45700000e-04  1.99995828e+00  1.45700000e-04  2.00000000e+00  1.45700000e-04  4.17191297e+00  1.45700000e-04  2.08595649e+00 
 1.45900000e-04  1.99995828e+00  1.45900000e-04  2.00000000e+00  1.45900000e-04  4.17191297e+00  1.45900000e-04  2.08595649e+00 
 1.46100000e-04  1.99995828e+00  1.46100000e-04  2.00000000e+00  1.46100000e-04  4.17191297e+00  1.46100000e-04  2.08595649e+00 
 1.46300000e-04  1.99995828e+00  1.46300000e-04  2.00000000e+00  1.46300000e-04  4.17191297e+00  1.46300000e-04  2.08595649e+00 
 1.46500000e-04  1.99995828e+00  1.46500000e-04  2.00000000e+00  1.46500000e-04  4.17191297e+00  1.46500000e-04  2.08595649e+00 
 1.46700000e-04  1.99995828e+00  1.46700000e-04  2.00000000e+00  1.46700000e-04  4.17191297e+00  1.46700000e-04  2.08595649e+00 
 1.46900000e-04  1.99995828e+00  1.46900000e-04  2.00000000e+00  1.46900000e-04  4.17191297e+00  1.46900000e-04  2.08595649e+00 
 1.47100000e-04  1.99995828e+00  1.47100000e-04  2.00000000e+00  1.47100000e-04  4.17191297e+00  1.47100000e-04  2.08595649e+00 
 1.47300000e-04  1.99995828e+00  1.47300000e-04  2.00000000e+00  1.47300000e-04  4.17191297e+00  1.47300000e-04  2.08595649e+00 
 1.47500000e-04  1.99995828e+00  1.47500000e-04  2.00000000e+00  1.47500000e-04  4.17191297e+00  1.47500000e-04  2.08595649e+00 
 1.47700000e-04  1.99995828e+00  1.47700000e-04  2.00000000e+00  1.47700000e-04  4.17191297e+00  1.47700000e-04  2.08595649e+00 
 1.47900000e-04  1.99995828e+00  1.47900000e-04  2.00000000e+00  1.47900000e-04  4.17191297e+00  1.47900000e-04  2.08595649e+00 
 1.48100000e-04  1.99995828e+00  1.48100000e-04  2.00000000e+00  1.48100000e-04  4.17191297e+00  1.48100000e-04  2.08595649e+00 
 1.48300000e-04  1.99995828e+00  1.48300000e-04  2.00000000e+00  1.48300000e-04  4.17191297e+00  1.48300000e-04  2.08595649e+00 
 1.48500000e-04  1.99995828e+00  1.48500000e-04  2.00000000e+00  1.48500000e-04  4.17191297e+00  1.48500000e-04  2.08595649e+00 
 1.48700000e-04  1.99995828e+00  1.48700000e-04  2.00000000e+00  1.48700000e-04  4.17191297e+00  1.48700000e-04  2.08595649e+00 
 1.48900000e-04  1.99995828e+00  1.48900000e-04  2.00000000e+00  1.48900000e-04  4.17191297e+00  1.48900000e-04  2.08595649e+00 
 1.49100000e-04  1.99995828e+00  1.49100000e-04  2.00000000e+00  1.49100000e-04  4.17191297e+00  1.49100000e-04  2.08595649e+00 
 1.49300000e-04  1.99995828e+00  1.49300000e-04  2.00000000e+00  1.49300000e-04  4.17191297e+00  1.49300000e-04  2.08595649e+00 
 1.49500000e-04  1.99995828e+00  1.49500000e-04  2.00000000e+00  1.49500000e-04  4.17191297e+00  1.49500000e-04  2.08595649e+00 
 1.49700000e-04  1.99995828e+00  1.49700000e-04  2.00000000e+00  1.49700000e-04  4.17191297e+00  1.49700000e-04  2.08595649e+00 
 1.49900000e-04  1.99995828e+00  1.49900000e-04  2.00000000e+00  1.49900000e-04  4.17191297e+00  1.49900000e-04  2.08595649e+00 
 1.50100000e-04  1.99995828e+00  1.50100000e-04  2.00000000e+00  1.50100000e-04  4.17191297e+00  1.50100000e-04  2.08595649e+00 
 1.50300000e-04  1.99995828e+00  1.50300000e-04  2.00000000e+00  1.50300000e-04  4.17191297e+00  1.50300000e-04  2.08595649e+00 
 1.50500000e-04  1.99995828e+00  1.50500000e-04  2.00000000e+00  1.50500000e-04  4.17191297e+00  1.50500000e-04  2.08595649e+00 
 1.50700000e-04  1.99995828e+00  1.50700000e-04  2.00000000e+00  1.50700000e-04  4.17191297e+00  1.50700000e-04  2.08595649e+00 
 1.50850000e-04  1.99995828e+00  1.50850000e-04  2.00000000e+00  1.50850000e-04  4.17191297e+00  1.50850000e-04  2.08595649e+00 
 1.51000000e-04  1.99995828e+00  1.51000000e-04  2.00000000e+00  1.51000000e-04  4.17191297e+00  1.51000000e-04  2.08595649e+00 
 1.51020000e-04  1.99976963e+00  1.51020000e-04  1.96000000e+00  1.51020000e-04  4.15389887e+00  1.51020000e-04  2.08166741e+00 
 1.51060000e-04  1.99845884e+00  1.51060000e-04  1.88000000e+00  1.51060000e-04  4.08226501e+00  1.51060000e-04  2.06011842e+00 
 1.51140000e-04  1.98287343e+00  1.51140000e-04  1.72000000e+00  1.51140000e-04  3.73709717e+00  1.51140000e-04  1.92427600e+00 
 1.51300000e-04  1.84620440e+00  1.51300000e-04  1.40000000e+00  1.51300000e-04  2.45358633e+00  1.51300000e-04  1.33352286e+00 
 1.51500000e-04  1.43862727e+00  1.51500000e-04  1.00000000e+00  1.51500000e-04  4.51639003e-01  1.51500000e-04  3.38085930e-01 
 1.51700000e-04  8.49899124e-01  1.51700000e-04  6.00000000e-01  1.51700000e-04 -1.10609822e+00  1.51700000e-04 -4.84374290e-01 
 1.51850000e-04  3.96283514e-01  1.51850000e-04  3.00000000e-01  1.51850000e-04 -1.69346469e+00  1.51850000e-04 -8.17647132e-01 
 1.52000000e-04  1.55831721e-02  1.52000000e-04  0.00000000e+00  1.52000000e-04 -1.88322304e+00  1.52000000e-04 -9.35984453e-01 
 1.52012352e-04 -1.10122893e-02  1.52012352e-04  0.00000000e+00  1.52012352e-04 -1.88014030e+00  1.52012352e-04 -9.37453561e-01 
 1.52037056e-04 -6.26071711e-02  1.52037056e-04  0.00000000e+00  1.52037056e-04 -1.85955618e+00  1.52037056e-04 -9.35634519e-01 
 1.52086465e-04 -1.54883007e-01  1.52086465e-04  0.00000000e+00  1.52086465e-04 -1.73797661e+00  1.52086465e-04 -8.97284200e-01 
 1.52185282e-04 -2.84473488e-01  1.52185282e-04  0.00000000e+00  1.52185282e-04 -1.24681359e+00  1.52185282e-04 -6.88206481e-01 
 1.52321074e-04 -3.29238363e-01  1.52321074e-04  0.00000000e+00  1.52321074e-04 -3.04061079e-01  1.52321074e-04 -2.34305886e-01 
 1.52481366e-04 -2.14829105e-01  1.52481366e-04  0.00000000e+00  1.52481366e-04  6.82470014e-01  1.52481366e-04  2.81831588e-01 
 1.52628543e-04 -3.17728205e-02  1.52628543e-04  0.00000000e+00  1.52628543e-04  1.09300643e+00  1.52628543e-04  5.31319563e-01 
 1.52789489e-04  1.36954046e-01  1.52789489e-04  0.00000000e+00  1.52789489e-04  9.01471046e-01  1.52789489e-04  4.79960015e-01 
 1.52937461e-04  1.97356913e-01  1.52937461e-04  0.00000000e+00  1.52937461e-04  3.41850380e-01  1.52937461e-04  2.19229806e-01 
 1.53086518e-04  1.56621308e-01  1.53086518e-04  0.00000000e+00  1.53086518e-04 -2.55016606e-01  1.53086518e-04 -8.57779297e-02 
 1.53236447e-04  5.33713510e-02  1.53236447e-04  0.00000000e+00  1.53236447e-04 -6.11156735e-01  1.53236447e-04 -2.87970899e-01 
 1.53384187e-04 -5.09173244e-02  1.53384187e-04  0.00000000e+00  1.53384187e-04 -6.15237566e-01  1.53384187e-04 -3.16676980e-01 
 1.53534232e-04 -1.11008277e-01  1.53534232e-04  0.00000000e+00  1.53534232e-04 -3.40379636e-01  1.53534232e-04 -1.96401903e-01 
 1.53694479e-04 -1.05761873e-01  1.53694479e-04  0.00000000e+00  1.53694479e-04  5.25777673e-02  1.53694479e-04 -1.11879153e-03 
 1.53845354e-04 -5.17080996e-02  1.53845354e-04  0.00000000e+00  1.53845354e-04  3.21328568e-01  1.53845354e-04  1.45355177e-01 
 1.53994704e-04  1.39692128e-02  1.53994704e-04  0.00000000e+00  1.53994704e-04  3.85075777e-01  1.53994704e-04  1.93625957e-01 
 1.54146747e-04  5.98363242e-02  1.54146747e-04  0.00000000e+00  1.54146747e-04  2.58123062e-01  1.54146747e-04  1.42708518e-01 
 1.54293996e-04  6.82184809e-02  1.54293996e-04  0.00000000e+00  1.54293996e-04  4.48152743e-02  1.54293996e-04  3.95775501e-02 
 1.54442534e-04  4.44475511e-02  1.54442534e-04  0.00000000e+00  1.54442534e-04 -1.44494241e-01  1.54442534e-04 -5.99382704e-02 
 1.54590860e-04  5.85938287e-03  1.54590860e-04  0.00000000e+00  1.54590860e-04 -2.28897939e-01  1.54590860e-04 -1.11470985e-01 
 1.54748890e-04 -2.86631275e-02  1.54748890e-04  0.00000000e+00  1.54748890e-04 -1.88124893e-01  1.54748890e-04 -1.00183252e-01 
 1.54897433e-04 -4.12404075e-02  1.54897433e-04  0.00000000e+00  1.54897433e-04 -7.06583130e-02  1.54897433e-04 -4.54275863e-02 
 1.55046560e-04 -3.26173503e-02  1.55046560e-04  0.00000000e+00  1.55046560e-04  5.39370503e-02  1.55046560e-04  1.82723022e-02 
 1.55196545e-04 -1.09956732e-02  1.55196545e-04  0.00000000e+00  1.55196545e-04  1.27930859e-01  1.55196545e-04  6.03250079e-02 
 1.55344246e-04  1.07536790e-02  1.55344246e-04  0.00000000e+00  1.55344246e-04  1.28330906e-01  1.55344246e-04  6.60888282e-02 
 1.55494280e-04  2.32288500e-02  1.55494280e-04  0.00000000e+00  1.55494280e-04  7.06516117e-02  1.55494280e-04  4.08145229e-02 
 1.55654897e-04  2.20353285e-02  1.55654897e-04  0.00000000e+00  1.55654897e-04 -1.15913793e-02  1.55654897e-04 -8.12533411e-05 
 1.55805718e-04  1.06919160e-02  1.55805718e-04  0.00000000e+00  1.55805718e-04 -6.74268098e-02  1.55805718e-04 -3.05415011e-02 
 1.55955085e-04 -3.02143504e-03  1.55955085e-04  0.00000000e+00  1.55955085e-04 -8.03848911e-02  1.55955085e-04 -4.04465510e-02 
 1.56107081e-04 -1.25472641e-02  1.56107081e-04  0.00000000e+00  1.56107081e-04 -5.36136453e-02  1.56107081e-04 -2.96718104e-02 
 1.56254304e-04 -1.42372554e-02  1.56254304e-04  0.00000000e+00  1.56254304e-04 -9.00506773e-03  1.56254304e-04 -8.08815884e-03 
 1.56402813e-04 -9.23110443e-03  1.56402813e-04  0.00000000e+00  1.56402813e-04  3.04206902e-02  1.56402813e-04  1.26513220e-02 
 1.56551107e-04 -1.16376585e-03  1.56551107e-04  0.00000000e+00  1.56551107e-04  4.78571070e-02  1.56551107e-04  2.33216137e-02 
 1.56709607e-04  6.03985311e-03  1.56709607e-04  0.00000000e+00  1.56709607e-04  3.91128225e-02  1.56709607e-04  2.08495929e-02 
 1.56858131e-04  8.61961793e-03  1.56858131e-04  0.00000000e+00  1.56858131e-04  1.44819282e-02  1.56858131e-04  9.35347607e-03 
 1.57007251e-04  6.77921634e-03  1.57007251e-04  0.00000000e+00  1.57007251e-04 -1.14940566e-02  1.57007251e-04 -3.93776562e-03 
 1.57157190e-04  2.24870637e-03  1.57157190e-04  0.00000000e+00  1.57157190e-04 -2.68060354e-02  1.57157190e-04 -1.26543677e-02 
 1.57304892e-04 -2.28464235e-03  1.57304892e-04  0.00000000e+00  1.57304892e-04 -2.67450977e-02  1.57304892e-04 -1.37845267e-02 
 1.57454876e-04 -4.86496553e-03  1.57454876e-04  0.00000000e+00  1.57454876e-04 -1.46139916e-02  1.57454876e-04 -8.45771476e-03 
 1.57616112e-04 -4.58386423e-03  1.57616112e-04  0.00000000e+00  1.57616112e-04  2.62029740e-03  1.57616112e-04  1.20062183e-04 
 1.57766844e-04 -2.19758980e-03  1.57766844e-04  0.00000000e+00  1.57766844e-04  1.41831512e-02  1.57766844e-04  6.43753511e-03 
 1.57916244e-04  6.64963313e-04  1.57916244e-04  0.00000000e+00  1.57916244e-04  1.67728452e-02  1.57916244e-04  8.44827840e-03 
 1.58068164e-04  2.63655666e-03  1.58068164e-04  0.00000000e+00  1.58068164e-04  1.10985206e-02  1.58068164e-04  6.15236085e-03 
 1.58215349e-04  2.96960076e-03  1.58215349e-04  0.00000000e+00  1.58215349e-04  1.76415634e-03  1.58215349e-04  1.63070336e-03 
 1.58363813e-04  1.91062630e-03  1.58363813e-04  0.00000000e+00  1.58363813e-04 -6.43192128e-03  1.58363813e-04 -2.68542631e-03 
 1.58512057e-04  2.23356709e-04  1.58512057e-04  0.00000000e+00  1.58512057e-04 -1.00102545e-02  1.58512057e-04 -4.88330988e-03 
 1.58671296e-04 -1.27869963e-03  1.58671296e-04  0.00000000e+00  1.58671296e-04 -8.10888695e-03  1.58671296e-04 -4.32933244e-03 
 1.58819795e-04 -1.80196670e-03  1.58819795e-04  0.00000000e+00  1.58819795e-04 -2.93364791e-03  1.58819795e-04 -1.90905951e-03 
 1.58968906e-04 -1.40471865e-03  1.58968906e-04  0.00000000e+00  1.58968906e-04  2.47533204e-03  1.58968906e-04  8.62164567e-04 
 1.59118770e-04 -4.53867168e-04  1.59118770e-04  0.00000000e+00  1.59118770e-04  5.62604673e-03  1.59118770e-04  2.66052689e-03 
 1.59266597e-04  4.90380580e-04  1.59266597e-04  0.00000000e+00  1.59266597e-04  5.56479999e-03  1.59266597e-04  2.87196341e-03 
 1.59416499e-04  1.02050617e-03  1.59416499e-04  0.00000000e+00  1.59416499e-04  3.00261531e-03  1.59416499e-04  1.74309610e-03 
 1.59578778e-04  9.50719642e-04  1.59578778e-04  0.00000000e+00  1.59578778e-04 -6.16077884e-04  1.59578778e-04 -6.07392107e-05 
 1.59729373e-04  4.46519430e-04  1.59729373e-04  0.00000000e+00  1.59729373e-04 -2.99631055e-03  1.59729373e-04 -1.36452395e-03 
 1.59878827e-04 -1.50609221e-04  1.59878827e-04  0.00000000e+00  1.59878827e-04 -3.49648266e-03  1.59878827e-04 -1.76420458e-03 
 1.60030625e-04 -5.56053168e-04  1.60030625e-04  0.00000000e+00  1.60030625e-04 -2.28292193e-03  1.60030625e-04 -1.26902875e-03 
 1.60177744e-04 -6.18675814e-04  1.60177744e-04  0.00000000e+00  1.60177744e-04 -3.27853835e-04  1.60177744e-04 -3.20149073e-04 
 1.60326130e-04 -3.92917596e-04  1.60326130e-04  0.00000000e+00  1.60326130e-04  1.37016851e-03  1.60326130e-04  5.75674138e-04 
 1.60474290e-04 -3.98000069e-05  1.60474290e-04  0.00000000e+00  1.60474290e-04  2.09535144e-03  1.60474290e-04  1.02395638e-03 
 1.60634769e-04  2.72937959e-04  1.60634769e-04  0.00000000e+00  1.60634769e-04  1.67204907e-03  1.60634769e-04  8.95079185e-04 
 1.60783232e-04  3.76792479e-04  1.60783232e-04  0.00000000e+00  1.60783232e-04  5.80824338e-04  1.60783232e-04  3.83094503e-04 
 1.60932338e-04  2.89376478e-04  1.60932338e-04  0.00000000e+00  1.60932338e-04 -5.42811884e-04  1.60932338e-04 -1.93839059e-04 
 1.61082074e-04  8.92586790e-05  1.61082074e-04  0.00000000e+00  1.61082074e-04 -1.18413331e-03  1.61082074e-04 -5.61574467e-04 
 1.61231071e-04 -1.07959371e-04  1.61231071e-04  0.00000000e+00  1.61231071e-04 -1.15257414e-03  1.61231071e-04 -5.96473351e-04 
 1.61380811e-04 -2.14890305e-04  1.61380811e-04  0.00000000e+00  1.61380811e-04 -6.05673598e-04  1.61380811e-04 -3.53922504e-04 
 1.61545330e-04 -1.95506544e-04  1.61545330e-04  0.00000000e+00  1.61545330e-04  1.58115836e-04  1.61545330e-04  2.80000911e-05 
 1.61695711e-04 -8.77609275e-05  1.61695711e-04  0.00000000e+00  1.61695711e-04  6.39981770e-04  1.61695711e-04  2.93396518e-04 
 1.61845268e-04  3.65077687e-05  1.61845268e-04  0.00000000e+00  1.61845268e-04  7.26669781e-04  1.61845268e-04  3.67985114e-04 
 1.61996830e-04  1.18370203e-04  1.61996830e-04  0.00000000e+00  1.61996830e-04  4.61112010e-04  1.61996830e-04  2.57872692e-04 
 1.62145109e-04  1.28254201e-04  1.62145109e-04  0.00000000e+00  1.62145109e-04  4.74240747e-05  1.62145109e-04  5.62302437e-05 
 1.62293527e-04  7.87043195e-05  1.62293527e-04  0.00000000e+00  1.62293527e-04 -3.00041830e-04  1.62293527e-04 -1.27939997e-04 
 1.62441740e-04  4.54318759e-06  1.62441740e-04  0.00000000e+00  1.62441740e-04 -4.39604148e-04  1.62441740e-04 -2.15800061e-04 
 1.62600381e-04 -5.87718419e-05  1.62600381e-04  0.00000000e+00  1.62600381e-04 -3.42272312e-04  1.62600381e-04 -1.83967193e-04 
 1.62748718e-04 -7.87668327e-05  1.62748718e-04  0.00000000e+00  1.62748718e-04 -1.11472183e-04  1.62748718e-04 -7.51751732e-05 
 1.62897784e-04 -5.91719716e-05  1.62897784e-04  0.00000000e+00  1.62897784e-04  1.21128721e-04  1.62897784e-04  4.46379593e-05 
 1.63047274e-04 -1.69620385e-05  1.63047274e-04  0.00000000e+00  1.63047274e-04  2.49870101e-04  1.63047274e-04  1.18980072e-04 
 1.63210435e-04  2.66905341e-05  1.63210435e-04  0.00000000e+00  1.63210435e-04  2.31905184e-04  1.63210435e-04  1.21285784e-04 
 1.63359749e-04  4.59991477e-05  1.63359749e-04  0.00000000e+00  1.63359749e-04  1.09121799e-04  1.63359749e-04  6.56288243e-05 
 1.63509945e-04  4.03305300e-05  1.63509945e-04  0.00000000e+00  1.63509945e-04 -3.75579462e-05  1.63509945e-04 -8.21447843e-06 
 1.63661360e-04  1.72720793e-05  1.63661360e-04  0.00000000e+00  1.63661360e-04 -1.36219289e-04  1.63661360e-04 -6.28093505e-05 
 1.63808674e-04 -8.24110758e-06  1.63808674e-04  0.00000000e+00  1.63808674e-04 -1.51264101e-04  1.63808674e-04 -7.67642575e-05 
 1.63959926e-04 -2.49764557e-05  1.63959926e-04  0.00000000e+00  1.63959926e-04 -9.44245714e-05  1.63959926e-04 -5.29947312e-05 
 1.64109375e-04 -2.66444810e-05  1.64109375e-04  0.00000000e+00  1.64109375e-04 -7.15266129e-06  1.64109375e-04 -1.03493402e-05 
 1.64271158e-04 -1.48087562e-05  1.64271158e-04  0.00000000e+00  1.64271158e-04  6.87107499e-05  1.64271158e-04  3.01215427e-05 
 1.64419663e-04  8.03391944e-07  1.64419663e-04  0.00000000e+00  1.64419663e-04  9.22359605e-05  1.64419663e-04  4.57278727e-05 
 1.64575799e-04  1.31365209e-05  1.64575799e-04  0.00000000e+00  1.64575799e-04  6.76118730e-05  1.64575799e-04  3.67313246e-05 
 1.64723028e-04  1.64269373e-05  1.64723028e-04  0.00000000e+00  1.64723028e-04  1.83729180e-05  1.64723028e-04  1.32719923e-05 
 1.64871889e-04  1.16985244e-05  1.64871889e-04  0.00000000e+00  1.64871889e-04 -2.89887829e-05  1.64871889e-04 -1.13131220e-05 
 1.65020700e-04  2.71806933e-06  1.65020700e-04  0.00000000e+00  1.65020700e-04 -5.32559976e-05  1.65020700e-04 -2.55883915e-05 
 1.65169783e-04 -5.58804310e-06  1.65169783e-04  0.00000000e+00  1.65169783e-04 -4.84141683e-05  1.65169783e-04 -2.53245582e-05 
 1.65318968e-04 -9.61082407e-06  1.65318968e-04  0.00000000e+00  1.65318968e-04 -2.27632225e-05  1.65318968e-04 -1.36943195e-05 
 1.65468536e-04 -8.43407081e-06  1.65468536e-04  0.00000000e+00  1.65468536e-04  7.76790799e-06  1.65468536e-04  1.67522518e-06 
 1.65619308e-04 -3.64545716e-06  1.65619308e-04  0.00000000e+00  1.65619308e-04  2.83697837e-05  1.65619308e-04  1.30686672e-05 
 1.65766526e-04  1.68605470e-06  1.65766526e-04  0.00000000e+00  1.65766526e-04  3.16319020e-05  1.65766526e-04  1.60431681e-05 
 1.65917773e-04  5.20224366e-06  1.65917773e-04  0.00000000e+00  1.65917773e-04  1.98455741e-05  1.65917773e-04  1.11260376e-05 
 1.66066862e-04  5.57576172e-06  1.66066862e-04  0.00000000e+00  1.66066862e-04  1.66784891e-06  1.66066862e-04  2.25017468e-06 
 1.66229650e-04  3.10451395e-06  1.66229650e-04  0.00000000e+00  1.66229650e-04 -1.43166400e-05  1.66229650e-04 -6.27130540e-06 
 1.66378132e-04 -1.56249347e-07  1.66378132e-04  0.00000000e+00  1.66378132e-04 -1.92681413e-05  1.66378132e-04 -9.54961336e-06 
 1.66534896e-04 -2.74456152e-06  1.66534896e-04  0.00000000e+00  1.66534896e-04 -1.41233807e-05  1.66534896e-04 -7.67289629e-06 
 1.66682368e-04 -3.43144746e-06  1.66682368e-04  0.00000000e+00  1.66682368e-04 -3.82010106e-06  1.66682368e-04 -2.76359893e-06 
 1.66831274e-04 -2.44090593e-06  1.66831274e-04  0.00000000e+00  1.66831274e-04  6.07160750e-06  1.66831274e-04  2.37188044e-06 
 1.66980126e-04 -5.63543657e-07  1.66980126e-04  0.00000000e+00  1.66980126e-04  1.11303596e-05  1.66980126e-04  5.34906292e-06 
 1.67129640e-04  1.17413739e-06  1.67129640e-04  0.00000000e+00  1.67129640e-04  1.00972823e-05  1.67129640e-04  5.28392676e-06 
 1.67279245e-04  2.01014292e-06  1.67279245e-04  0.00000000e+00  1.67279245e-04  4.70807368e-06  1.67279245e-04  2.83809115e-06 
 1.67428923e-04  1.75646815e-06  1.67428923e-04  0.00000000e+00  1.67428923e-04 -1.66957389e-06  1.67428923e-04 -3.74465256e-07 
 1.67579794e-04  7.51519613e-07  1.67579794e-04  0.00000000e+00  1.67579794e-04 -5.94979342e-06  1.67579794e-04 -2.74413013e-06 
 1.67726958e-04 -3.60668876e-07  1.67726958e-04  0.00000000e+00  1.67726958e-04 -6.60025421e-06  1.67726958e-04 -3.34980532e-06 
 1.67878925e-04 -1.09230025e-06  1.67878925e-04  0.00000000e+00  1.67878925e-04 -4.10229526e-06  1.67878925e-04 -2.30420809e-06 
 1.68028292e-04 -1.16171946e-06  1.68028292e-04  0.00000000e+00  1.68028292e-04 -2.93678866e-07  1.68028292e-04 -4.42265186e-07 
 1.68189819e-04 -6.44102758e-07  1.68189819e-04  0.00000000e+00  1.68189819e-04  3.00591558e-06  1.68189819e-04  1.31869629e-06 
 1.68338255e-04  3.69782727e-08  1.68338255e-04  0.00000000e+00  1.68338255e-04  4.02524611e-06  1.68338255e-04  1.99608926e-06 
 1.68498668e-04  5.83453805e-07  1.68498668e-04  0.00000000e+00  1.68498668e-04  2.89926453e-06  1.68498668e-04  1.58023203e-06 
 1.68671032e-04  7.05538874e-07  1.68671032e-04  0.00000000e+00  1.68671032e-04  3.85901552e-07  1.68671032e-04  3.71029161e-07 
 1.68824203e-04  4.39047153e-07  1.68824203e-04  0.00000000e+00  1.68824203e-04 -1.59730451e-06  1.68824203e-04 -6.75969061e-07 
 1.68977451e-04  2.30742432e-08  1.68977451e-04  0.00000000e+00  1.68977451e-04 -2.39835865e-06  1.68977451e-04 -1.17778363e-06 
 1.69154075e-04 -3.45681337e-07  1.69154075e-04  0.00000000e+00  1.69154075e-04 -1.75370622e-06  1.69154075e-04 -9.53997811e-07 
 1.69327505e-04 -4.22955033e-07  1.69327505e-04  0.00000000e+00  1.69327505e-04 -2.45690465e-07  1.69327505e-04 -2.29506612e-07 
 1.69480825e-04 -2.64953272e-07  1.69480825e-04  0.00000000e+00  1.69480825e-04  9.47398857e-07  1.69480825e-04  3.99770153e-07 
 1.69634164e-04 -1.60409264e-08  1.69634164e-04  0.00000000e+00  1.69634164e-04  1.43477082e-06  1.69634164e-04  7.04013290e-07 
 1.69809921e-04  2.05091752e-07  1.69809921e-04  0.00000000e+00  1.69809921e-04  1.05884968e-06  1.69809921e-04  5.75075851e-07 
 1.69984105e-04  2.53508032e-07  1.69984105e-04  0.00000000e+00  1.69984105e-04  1.55200650e-07  1.69984105e-04  1.41479050e-07 
 1.70137664e-04  1.59697791e-07  1.70137664e-04  0.00000000e+00  1.70137664e-04 -5.62569784e-07  1.70137664e-04 -2.36779479e-07 
 1.70291277e-04  1.05787654e-08  1.70291277e-04  0.00000000e+00  1.70291277e-04 -8.58435717e-07  1.70291277e-04 -4.20966039e-07 
 1.70466263e-04 -1.21890220e-07  1.70466263e-04  0.00000000e+00  1.70466263e-04 -6.38067455e-07  1.70466263e-04 -3.46108409e-07 
 1.70641048e-04 -1.51896926e-07  1.70641048e-04  0.00000000e+00  1.70641048e-04 -9.67209781e-08  1.70641048e-04 -8.66112561e-08 
 1.70794797e-04 -9.61057573e-08  1.70794797e-04  0.00000000e+00  1.70794797e-04  3.34613384e-07  1.70794797e-04  1.40548879e-07 
 1.70948630e-04 -6.78737756e-09  1.70948630e-04  0.00000000e+00  1.70948630e-04  5.13652005e-07  1.70948630e-04  2.51771379e-07 
 1.71123016e-04  7.25502125e-08  1.71123016e-04  0.00000000e+00  1.71123016e-04  3.83904078e-07  1.71123016e-04  2.08040528e-07 
 1.71298276e-04  9.09909686e-08  1.71298276e-04  0.00000000e+00  1.71298276e-04  5.96628899e-08  1.71298276e-04  5.27337117e-08 
 1.71452176e-04  5.77629885e-08  1.71452176e-04  0.00000000e+00  1.71452176e-04 -1.99308709e-07  1.71452176e-04 -8.35836238e-08 
 1.71606183e-04  4.27077024e-09  1.71606183e-04  0.00000000e+00  1.71606183e-04 -3.07372301e-07  1.71606183e-04 -1.50607897e-07 
 1.71780109e-04 -4.32374847e-08  1.71780109e-04  0.00000000e+00  1.71780109e-04 -2.30695089e-07  1.71780109e-04 -1.24923469e-07 
 1.71955739e-04 -5.44960466e-08  1.71955739e-04  0.00000000e+00  1.71955739e-04 -3.65167030e-08  1.71955739e-04 -3.19698437e-08 
 1.72109758e-04 -3.46820330e-08  1.72109758e-04  0.00000000e+00  1.72109758e-04  1.18857442e-07  1.72109758e-04  4.97847734e-08 
 1.72263902e-04 -2.64903883e-09  1.72263902e-04  0.00000000e+00  1.72263902e-04  1.83946709e-07  1.72263902e-04  9.01073291e-08 
 1.72437480e-04  2.57957020e-08  1.72437480e-04  0.00000000e+00  1.72437480e-04  1.38490776e-07  1.72437480e-04  7.49528929e-08 
 1.72613394e-04  3.26337200e-08  1.72613394e-04  0.00000000e+00  1.72613394e-04  2.22142808e-08  1.72613394e-04  1.93157203e-08 
 1.72767510e-04  2.08063416e-08  1.72767510e-04  0.00000000e+00  1.72767510e-04 -7.09517316e-08  1.72767510e-04 -2.96925824e-08 
 1.72921763e-04  1.62497400e-09  1.72921763e-04  0.00000000e+00  1.72921763e-04 -1.10090018e-07  1.72921763e-04 -5.39180848e-08 
 1.73095083e-04 -1.54037765e-08  1.73095083e-04  0.00000000e+00  1.73095083e-04 -8.30710695e-08  1.73095083e-04 -4.49413464e-08 
 1.73271213e-04 -1.95396482e-08  1.73271213e-04  0.00000000e+00  1.73271213e-04 -1.34470950e-08  1.73271213e-04 -1.16375374e-08 
 1.73425409e-04 -1.24730495e-08  1.73425409e-04  0.00000000e+00  1.73425409e-04  4.23919686e-08  1.73425409e-04  1.77299177e-08 
 1.73579752e-04 -9.87546322e-10  1.73579752e-04  0.00000000e+00  1.73579752e-04  6.58917669e-08  1.73579752e-04  3.22675676e-08 
 1.73752889e-04  9.20574589e-09  1.73752889e-04  0.00000000e+00  1.73752889e-04  4.97936249e-08  1.73752889e-04  2.69312637e-08 
 1.73929179e-04  1.16982335e-08  1.73929179e-04  0.00000000e+00  1.73929179e-04  8.10504238e-09  1.73929179e-04  6.99414275e-09 
 1.74083446e-04  7.47240436e-09  1.74083446e-04  0.00000000e+00  1.74083446e-04 -2.53494168e-08  1.74083446e-04 -1.05985522e-08 
 1.74237867e-04  5.94840105e-10  1.74237867e-04  0.00000000e+00  1.74237867e-04 -3.94405001e-08  1.74237867e-04 -1.93132738e-08 
 1.74410888e-04 -5.50585716e-09  1.74410888e-04  0.00000000e+00  1.74410888e-04 -2.98270729e-08  1.74410888e-04 -1.61300279e-08 
 1.74587294e-04 -7.00296120e-09  1.74587294e-04  0.00000000e+00  1.74587294e-04 -4.86454770e-09  1.74587294e-04 -4.19314185e-09 
 1.74741634e-04 -4.47334620e-09  1.74741634e-04  0.00000000e+00  1.74741634e-04  1.51721385e-08  1.74741634e-04  6.34319623e-09 
 1.74896131e-04 -3.54727249e-10  1.74896131e-04  0.00000000e+00  1.74896131e-04  2.36095117e-08  1.74896131e-04  1.15614866e-08 
 1.75069100e-04  3.29586171e-09  1.75069100e-04  0.00000000e+00  1.75069100e-04  1.78539003e-08  1.75069100e-04  9.65515448e-09 
 1.75245580e-04  4.19168853e-09  1.75245580e-04  0.00000000e+00  1.75245580e-04  2.90545504e-09  1.75245580e-04  2.50675763e-09 
 1.75400007e-04  2.67563575e-09  1.75400007e-04  0.00000000e+00  1.75400007e-04 -9.09098064e-09  1.75400007e-04 -3.80199409e-09 
 1.75554588e-04  2.08707378e-10  1.75554588e-04  0.00000000e+00  1.75554588e-04 -1.41343186e-08  1.75554588e-04 -6.92245178e-09 
 1.75727579e-04 -1.97502543e-09  1.75727579e-04  0.00000000e+00  1.75727579e-04 -1.06773211e-08  1.75727579e-04 -5.77517705e-09 
 1.75904098e-04 -2.50861717e-09  1.75904098e-04  0.00000000e+00  1.75904098e-04 -1.72400999e-09  1.75904098e-04 -1.49290514e-09 
 1.76058642e-04 -1.59832847e-09  1.76058642e-04  0.00000000e+00  1.76058642e-04  5.45583188e-09  1.76058642e-04  2.28360989e-09 
 1.76213336e-04 -1.20283965e-10  1.76213336e-04  0.00000000e+00  1.76213336e-04  8.46303557e-09  1.76213336e-04  4.14607645e-09 
 1.76386443e-04  1.18538401e-09  1.76386443e-04  0.00000000e+00  1.76386443e-04  6.37704079e-09  1.76386443e-04  3.45070892e-09 
 1.76562958e-04  1.50095585e-09  1.76562958e-04  0.00000000e+00  1.76562958e-04  1.01287659e-09  1.76562958e-04  8.84044125e-10 
 1.76717675e-04  9.52991699e-10  1.76717675e-04  0.00000000e+00  1.76717675e-04 -3.28196998e-09  1.76717675e-04 -1.37588891e-09 
 1.76872529e-04  6.68878409e-11  1.76872529e-04  0.00000000e+00  1.76872529e-04 -5.06838553e-09  1.76872529e-04 -2.48433562e-09 
 1.77045893e-04 -7.13060494e-10  1.77045893e-04  0.00000000e+00  1.77045893e-04 -3.80098208e-09  1.77045893e-04 -2.05844081e-09 
 1.77222357e-04 -8.97737303e-10  1.77222357e-04  0.00000000e+00  1.77222357e-04 -5.85415122e-10  1.77222357e-04 -5.18684057e-10 
 1.77377352e-04 -5.66396956e-10  1.77377352e-04  0.00000000e+00  1.77377352e-04  1.98168344e-09  1.77377352e-04  8.33079674e-10 
 1.77532460e-04 -3.47340468e-11  1.77532460e-04  0.00000000e+00  1.77532460e-04  3.03634965e-09  1.77532460e-04  1.48967764e-09 
 1.77706300e-04  4.30541760e-10  1.77706300e-04  0.00000000e+00  1.77706300e-04  2.25788432e-09  1.77706300e-04  1.22454593e-09 
 1.77882634e-04  5.36552603e-10  1.77882634e-04  0.00000000e+00  1.77882634e-04  3.28738478e-10  1.77882634e-04  2.99570818e-10 
 1.78038073e-04  3.34907838e-10  1.78038073e-04  0.00000000e+00  1.78038073e-04 -1.20358444e-09  1.78038073e-04 -5.08307815e-10 
 1.78206793e-04 -8.65854904e-12  1.78206793e-04  0.00000000e+00  1.78206793e-04 -1.82620403e-09  1.78206793e-04 -9.03520002e-10 
 1.78395894e-04 -2.85756590e-10  1.78395894e-04  0.00000000e+00  1.78395894e-04 -1.19633837e-09  1.78395894e-04 -6.63580165e-10 
 1.78595894e-04 -3.00923943e-10  1.78595894e-04  0.00000000e+00  1.78595894e-04  1.31017251e-10  1.78595894e-04 -1.23508471e-11 
 1.78795894e-04 -9.55298858e-11  1.78795894e-04  0.00000000e+00  1.78795894e-04  1.02794539e-09  1.78795894e-04  4.82881133e-10 
 1.78995894e-04  1.26613363e-10  1.78995894e-04  0.00000000e+00  1.78995894e-04  9.57575864e-10  1.78995894e-04  5.05010938e-10 
 1.79195894e-04  2.01372754e-10  1.79195894e-04  0.00000000e+00  1.79195894e-04  2.15499287e-10  1.79195894e-04  1.57892659e-10 
 1.79395894e-04  1.12166550e-10  1.79395894e-04  0.00000000e+00  1.79395894e-04 -4.93859355e-10  1.79395894e-04 -2.15029760e-10 
 1.79595894e-04 -3.51874908e-11  1.79595894e-04  0.00000000e+00  1.79595894e-04 -6.67993836e-10  1.79595894e-04 -3.38691297e-10 
 1.79795894e-04 -1.19927234e-10  1.79795894e-04  0.00000000e+00  1.79795894e-04 -3.17033259e-10  1.79795894e-04 -1.87159292e-10 
 1.79995894e-04 -9.68214347e-11  1.79995894e-04  0.00000000e+00  1.79995894e-04  1.73351595e-10  1.79995894e-04  6.07732914e-11 
 1.80195894e-04 -9.88048797e-12  1.80195894e-04  0.00000000e+00  1.80195894e-04  4.14745354e-10  1.80195894e-04  2.02168285e-10 
 1.80395894e-04  6.21946262e-11  1.80395894e-04  0.00000000e+00  1.80395894e-04  2.96371487e-10  1.80395894e-04  1.62186196e-10 
 1.80595894e-04  7.12029101e-11  1.80595894e-04  0.00000000e+00  1.80595894e-04 -5.43947585e-12  1.80595894e-04  1.55416172e-11 
 1.80795894e-04  2.66916608e-11  1.80795894e-04  0.00000000e+00  1.80795894e-04 -2.26915149e-10  1.80795894e-04 -1.05163749e-10 
 1.80995894e-04 -2.58018716e-11  1.80995894e-04  0.00000000e+00  1.80995894e-04 -2.28917934e-10  1.80995894e-04 -1.19580998e-10 
 1.81195894e-04 -4.63923947e-11  1.81195894e-04  0.00000000e+00  1.81195894e-04 -6.55758267e-11  1.81195894e-04 -4.42407394e-11 
 1.81395894e-04 -2.83958264e-11  1.81395894e-04  0.00000000e+00  1.81395894e-04  1.03627433e-10  1.81395894e-04  4.38799834e-11 
 1.81595894e-04  5.52332129e-12  1.81595894e-04  0.00000000e+00  1.81595894e-04  1.55369322e-10  1.81595894e-04  7.80917954e-11 
 1.81795894e-04  2.68448492e-11  1.81795894e-04  0.00000000e+00  1.81795894e-04  8.21327938e-11  1.81795894e-04  4.74093915e-11 
 1.81995894e-04  2.34695332e-11  1.81995894e-04  0.00000000e+00  1.81995894e-04 -3.17017916e-11  1.81995894e-04 -9.64247888e-12 
 1.82195894e-04  4.01716229e-12  1.82195894e-04  0.00000000e+00  1.82195894e-04 -9.38860441e-11  1.82195894e-04 -4.53055609e-11 
 1.82395894e-04 -1.33707376e-11  1.82395894e-04  0.00000000e+00  1.82395894e-04 -7.27203397e-11  1.82395894e-04 -3.93154544e-11 
 1.82595894e-04 -1.67598094e-11  1.82595894e-04  0.00000000e+00  1.82595894e-04 -4.54993313e-12  1.82595894e-04 -6.53203440e-12 
 1.82795894e-04 -7.19090129e-12  1.82795894e-04  0.00000000e+00  1.82795894e-04  4.96361751e-11  1.82795894e-04  2.26541867e-11 
 1.82995894e-04  5.10166707e-12  1.82995894e-04  0.00000000e+00  1.82995894e-04  5.43605965e-11  1.82995894e-04  2.81378034e-11 
 1.83195894e-04  1.06395586e-11  1.83195894e-04  0.00000000e+00  1.83195894e-04  1.87453097e-11  1.83195894e-04  1.19716938e-11 
 1.83395894e-04  7.08273714e-12  1.83395894e-04  0.00000000e+00  1.83395894e-04 -2.13503232e-11  1.83395894e-04 -8.72166222e-12 
 1.83595894e-04 -6.42432190e-13  1.83595894e-04  0.00000000e+00  1.83595894e-04 -3.59198532e-11  1.83595894e-04 -1.78952390e-11 
 1.83795894e-04 -5.98004660e-12  1.83795894e-04  0.00000000e+00  1.83795894e-04 -2.09355832e-11  1.83795894e-04 -1.18601899e-11 
 1.83995894e-04 -5.62916268e-12  1.83995894e-04  0.00000000e+00  1.83995894e-04  5.32994928e-12  1.83995894e-04  1.18699278e-12 
 1.84195894e-04 -1.34455556e-12  1.84195894e-04  0.00000000e+00  1.84195894e-04  2.11069942e-11  1.84195894e-04  1.00759159e-11 
 1.84395894e-04  2.85410846e-12  1.84395894e-04  0.00000000e+00  1.84395894e-04  1.76908384e-11  1.84395894e-04  9.45877206e-12 
 1.84595894e-04  3.90387176e-12  1.84595894e-04  0.00000000e+00  1.84595894e-04  2.40083580e-12  1.84595894e-04  2.18688105e-12 
 1.84795894e-04  1.90729375e-12  1.84795894e-04  0.00000000e+00  1.84795894e-04 -1.07464087e-11  1.84795894e-04 -4.81848660e-12 
 1.84995894e-04 -9.87571575e-13  1.84995894e-04  0.00000000e+00  1.84995894e-04 -1.28266947e-11  1.84995894e-04 -6.58043619e-12 
 1.85195894e-04 -2.40800906e-12  1.85195894e-04  0.00000000e+00  1.85195894e-04 -5.14397902e-12  1.85195894e-04 -3.15786611e-12 
 1.85395894e-04 -1.76507369e-12  1.85395894e-04  0.00000000e+00  1.85395894e-04  4.29740382e-12  1.85395894e-04  1.67200653e-12 
 1.85595894e-04  1.61749523e-14  1.85595894e-04  0.00000000e+00  1.85595894e-04  8.25390433e-12  1.85595894e-04  4.07499097e-12 
 1.85795894e-04  1.30474507e-12  1.85795894e-04  0.00000000e+00  1.85795894e-04  5.26509164e-12  1.85795894e-04  2.93525002e-12 
 1.85995894e-04  1.35745728e-12  1.85995894e-04  0.00000000e+00  1.85995894e-04 -7.58092573e-13  1.85995894e-04 -2.95044962e-14 
 1.86195894e-04  3.89535902e-13  1.86195894e-04  0.00000000e+00  1.86195894e-04 -4.71044212e-12  1.86195894e-04 -2.22233921e-12 
 1.86395894e-04 -5.84084946e-13  1.86395894e-04  0.00000000e+00  1.86395894e-04 -4.27008273e-12  1.86395894e-04 -2.25970315e-12 
 1.86595894e-04 -9.20219346e-13  1.86595894e-04  0.00000000e+00  1.86595894e-04 -8.66563140e-13  1.86595894e-04 -6.60454493e-13 
 1.86795894e-04 -4.79101653e-13  1.86795894e-04  0.00000000e+00  1.86795894e-04  2.29928906e-12  1.86795894e-04  1.00944054e-12 
 1.86995894e-04  1.65895257e-13  1.86995894e-04  0.00000000e+00  1.86995894e-04  3.00778075e-12  1.86995894e-04  1.52964859e-12 
 1.87195894e-04  5.57441787e-13  1.87195894e-04  0.00000000e+00  1.87195894e-04  1.37117253e-12  1.87195894e-04  8.16680933e-13 
 1.87395894e-04  4.19229775e-13  1.87395894e-04  0.00000000e+00  1.87395894e-04 -8.38503691e-13  1.87395894e-04 -3.03833368e-13 
 1.87595894e-04  4.32586787e-14  1.87595894e-04  0.00000000e+00  1.87595894e-04 -1.88479605e-12  1.87595894e-04 -9.21852329e-13 
 1.87795894e-04 -2.97689867e-13  1.87795894e-04  0.00000000e+00  1.87795894e-04 -1.30908761e-12  1.87795894e-04 -7.19587716e-13 
 1.87995894e-04 -3.09026119e-13  1.87995894e-04  0.00000000e+00  1.87995894e-04  6.36011662e-14  1.87995894e-04 -5.03809880e-14 
 1.88195894e-04 -1.23798970e-13  1.88195894e-04  0.00000000e+00  1.88195894e-04  1.04281842e-12  1.88195894e-04  4.85661444e-13 
 1.88395894e-04  1.32404280e-13  1.88395894e-04  0.00000000e+00  1.88395894e-04  1.02330264e-12  1.88395894e-04  5.36266068e-13 
 1.88595894e-04  1.99761921e-13  1.88595894e-04  0.00000000e+00  1.88595894e-04  2.71766099e-13  1.88595894e-04  1.87907244e-13 
 1.88795894e-04  1.34759270e-13  1.88795894e-04  0.00000000e+00  1.88795894e-04 -4.85064349e-13  1.88795894e-04 -2.07554734e-13 
 1.88995894e-04 -3.92629172e-14  1.88995894e-04  0.00000000e+00  1.88995894e-04 -7.01092610e-13  1.88995894e-04 -3.53430973e-13 
 1.89195894e-04 -1.12604860e-13  1.89195894e-04  0.00000000e+00  1.89195894e-04 -3.57476404e-13  1.89195894e-04 -2.07875695e-13 
 1.89395894e-04 -1.14543149e-13  1.89395894e-04  0.00000000e+00  1.89395894e-04  1.56437667e-13  1.89395894e-04  5.05112081e-14 
 1.89595894e-04 -5.35621773e-15  1.89595894e-04  0.00000000e+00  1.89595894e-04  4.27689989e-13  1.89595894e-04  2.07102529e-13 
 1.89795894e-04  5.19814236e-14  1.89795894e-04  0.00000000e+00  1.89795894e-04  3.22186132e-13  1.89795894e-04  1.74916465e-13 
 1.89995894e-04  8.53362979e-14  1.89995894e-04  0.00000000e+00  1.89995894e-04  1.15050043e-14  1.89995894e-04  2.49268240e-14 
 1.90195894e-04  2.09261056e-14  1.90195894e-04  0.00000000e+00  1.90195894e-04 -2.28902755e-13  1.90195894e-04 -1.05034261e-13 
 1.90395894e-04 -1.44664841e-14  1.90395894e-04  0.00000000e+00  1.90395894e-04 -2.43506595e-13  1.90395894e-04 -1.26457337e-13 
 1.90595894e-04 -5.81644478e-14  1.90595894e-04  0.00000000e+00  1.90595894e-04 -7.91759192e-14  1.90595894e-04 -5.13971590e-14 
 1.90795894e-04 -2.13250856e-14  1.90795894e-04  0.00000000e+00  1.90795894e-04  1.00664168e-13  1.90795894e-04  4.16671380e-14 
 1.90995894e-04 -5.95517722e-15  1.90995894e-04  0.00000000e+00  1.90995894e-04  1.62378268e-13  1.90995894e-04  8.11646315e-14 
 1.91195894e-04  3.72159322e-14  1.91195894e-04  0.00000000e+00  1.91195894e-04  9.16468312e-14  1.91195894e-04  5.22165059e-14 
 1.91395894e-04  1.53456324e-14  1.91395894e-04  0.00000000e+00  1.91395894e-04 -2.72721923e-14  1.91395894e-04 -7.00127473e-15 
 1.91595894e-04  1.51831571e-14  1.91595894e-04  0.00000000e+00  1.91595894e-04 -9.63390554e-14  1.91595894e-04 -4.61841226e-14 
 1.91795894e-04 -2.29996705e-14  1.91795894e-04  0.00000000e+00  1.91795894e-04 -7.86506771e-14  1.91795894e-04 -4.21895497e-14 
 1.91995894e-04 -7.91611854e-15  1.91995894e-04  0.00000000e+00  1.91995894e-04 -8.70347678e-15  1.91995894e-04 -8.82723622e-15 
 1.92195894e-04 -1.78974612e-14  1.92195894e-04  0.00000000e+00  1.92195894e-04  4.96973598e-14  1.92195894e-04  2.24444146e-14 
 1.92395894e-04  1.43910556e-14  1.92395894e-04  0.00000000e+00  1.92395894e-04  5.76279759e-14  1.92395894e-04  2.96360857e-14 
 1.92595894e-04  1.37693843e-15  1.92595894e-04  0.00000000e+00  1.92595894e-04  2.19519808e-14  1.92595894e-04  1.36670751e-14 
 1.92795894e-04  1.73408657e-14  1.92795894e-04  0.00000000e+00  1.92795894e-04 -2.03960276e-14  1.92795894e-04 -8.10028027e-15 
 1.92995894e-04 -9.80842019e-15  1.92995894e-04  0.00000000e+00  1.92995894e-04 -3.74364512e-14  1.92995894e-04 -1.85229679e-14 
 1.93195894e-04  3.47411385e-15  1.93195894e-04  0.00000000e+00  1.93195894e-04 -2.31040717e-14  1.93195894e-04 -1.29691365e-14 
 1.93395894e-04 -1.55136502e-14  1.93395894e-04  0.00000000e+00  1.93395894e-04  4.13512757e-15  1.93395894e-04  5.17585571e-16 
 1.93595894e-04  7.79378773e-15  1.93595894e-04  0.00000000e+00  1.93595894e-04  2.16002976e-14  1.93595894e-04  1.02163900e-14 
 1.93795894e-04 -6.64014519e-15  1.93795894e-04  0.00000000e+00  1.93795894e-04  1.89893283e-14  1.93795894e-04  1.01033022e-14 
 1.93995894e-04  1.35014149e-14  1.93995894e-04  0.00000000e+00  1.93995894e-04  3.46558554e-15  1.93995894e-04  2.74334523e-15 
 1.94195894e-04 -7.23019493e-15  1.94195894e-04  0.00000000e+00  1.94195894e-04 -1.07225308e-14  1.94195894e-04 -4.72809993e-15 
 1.94395894e-04  8.45721812e-15  1.94395894e-04  0.00000000e+00  1.94395894e-04 -1.34980534e-14  1.94395894e-04 -6.90358538e-15 
 1.94595894e-04 -1.17932368e-14  1.94595894e-04  0.00000000e+00  1.94595894e-04 -5.95005983e-15  1.94595894e-04 -3.55677051e-15 
 1.94795894e-04  7.36449411e-15  1.94795894e-04  0.00000000e+00  1.94795894e-04  4.06976254e-15  1.94795894e-04  1.50338717e-15 
 1.94995894e-04 -9.33333992e-15  1.94995894e-04  0.00000000e+00  1.94995894e-04  8.52387989e-15  1.94995894e-04  4.20014690e-15 
 1.95195894e-04  1.05326277e-14  1.95195894e-04  0.00000000e+00  1.95195894e-04  5.81023488e-15  1.95195894e-04  3.18929738e-15 
 1.95395894e-04 -7.74461067e-15  1.95395894e-04  0.00000000e+00  1.95395894e-04 -4.97616077e-16  1.95395894e-04  1.38243809e-16 
 1.95595894e-04  9.62546640e-15  1.95595894e-04  0.00000000e+00  1.95595894e-04 -4.75282699e-15  1.95595894e-04 -2.24020631e-15 
 1.95795894e-04 -9.69067407e-15  1.95795894e-04  0.00000000e+00  1.95795894e-04 -4.60508660e-15  1.95795894e-04 -2.40294743e-15 
 1.95995894e-04  8.13362941e-15  1.95995894e-04  0.00000000e+00  1.95995894e-04 -1.08223244e-15  1.95995894e-04 -7.94557806e-16 
 1.96195894e-04 -9.59841096e-15  1.96195894e-04  0.00000000e+00  1.96195894e-04  2.23172697e-15  1.96195894e-04  9.79100290e-16 
 1.96395894e-04  9.17238676e-15  1.96395894e-04  0.00000000e+00  1.96395894e-04  3.19545984e-15  1.96395894e-04  1.59827474e-15 
 1.96595894e-04 -8.43128916e-15  1.96595894e-04  0.00000000e+00  1.96595894e-04  1.51866177e-15  1.96595894e-04  9.10169272e-16 
 1.96795894e-04  9.42602619e-15  1.96795894e-04  0.00000000e+00  1.96795894e-04 -7.31892298e-16  1.96795894e-04 -2.59464995e-16 
 1.96995894e-04 -8.87411539e-15  1.96995894e-04  0.00000000e+00  1.96995894e-04 -1.98049791e-15  1.96995894e-04 -9.45747875e-16 
 1.97195894e-04  8.61415124e-15  1.97195894e-04  0.00000000e+00  1.97195894e-04 -1.39226743e-15  1.97195894e-04 -7.77622398e-16 
 1.97395894e-04 -9.20975734e-15  1.97395894e-04  0.00000000e+00  1.97395894e-04 -4.47098010e-17  1.97395894e-04 -9.17566750e-17 
 1.97595894e-04  8.70918139e-15  1.97595894e-04  0.00000000e+00  1.97595894e-04  1.08779137e-15  1.97595894e-04  4.86156552e-16 
 1.97795894e-04 -8.69542566e-15  1.97795894e-04  0.00000000e+00  1.97795894e-04  1.05662129e-15  1.97795894e-04  5.68036248e-16 
 1.97995894e-04  9.00074716e-15  1.97995894e-04  0.00000000e+00  1.97995894e-04  3.65816483e-16  1.97995894e-04  2.19795585e-16 
 1.98195894e-04 -8.61518418e-15  1.98195894e-04  0.00000000e+00  1.98195894e-04 -5.06494762e-16  1.98195894e-04 -1.98180079e-16 
 1.98395894e-04  8.70096177e-15  1.98395894e-04  0.00000000e+00  1.98395894e-04 -7.00534402e-16  1.98395894e-04 -3.67978788e-16 
 1.98595894e-04 -8.81903068e-15  1.98595894e-04  0.00000000e+00  1.98595894e-04 -4.33384528e-16  1.98595894e-04 -2.29455746e-16 
 1.98795894e-04  8.55222349e-15  1.98795894e-04  0.00000000e+00  1.98795894e-04  1.70257604e-16  1.98795894e-04  3.88623115e-17 
 1.98995894e-04 -8.65673877e-15  1.98995894e-04  0.00000000e+00  1.98995894e-04  4.06704456e-16  1.98995894e-04  2.11613465e-16 
 1.99195894e-04  8.66770665e-15  1.99195894e-04  0.00000000e+00  1.99195894e-04  3.81872409e-16  1.99195894e-04  1.87893385e-16 
 1.99395894e-04 -8.49769129e-15  1.99395894e-04  0.00000000e+00  1.99395894e-04 -2.78628902e-18  1.99395894e-04  3.52346061e-17 
 1.99595894e-04  8.58362967e-15  1.99595894e-04  0.00000000e+00  1.99595894e-04 -1.97212481e-16  1.99595894e-04 -1.04493752e-16 
 1.99795894e-04 -8.54220282e-15  1.99795894e-04  0.00000000e+00  1.99795894e-04 -2.90927343e-16  1.99795894e-04 -1.33249824e-16 
 1.99995894e-04  8.44066912e-15  1.99995894e-04  0.00000000e+00  1.99995894e-04 -6.12051353e-17  1.99995894e-04 -5.91240791e-17 
 2.00195894e-04 -8.49623449e-15  2.00195894e-04  0.00000000e+00  2.00195894e-04  6.45082802e-17  2.00195894e-04  3.91543886e-17 
 2.00395894e-04  8.43565813e-15  2.00395894e-04  0.00000000e+00  2.00395894e-04  2.01552833e-16  2.00395894e-04  8.40083063e-17 
 2.00595894e-04 -8.37727346e-15  2.00595894e-04  0.00000000e+00  2.00595894e-04  6.94546782e-17  2.00595894e-04  5.73584237e-17 
 2.00795894e-04  8.40363980e-15  2.00795894e-04  0.00000000e+00  2.00795894e-04  9.80053228e-18  2.00795894e-04 -4.19013543e-18 
 2.00995894e-04 -8.34161886e-15  2.00995894e-04  0.00000000e+00  2.00995894e-04 -1.30515594e-16  2.00995894e-04 -4.67944468e-17 
 2.01195894e-04  8.30732023e-15  2.01195894e-04  0.00000000e+00  2.01195894e-04 -5.29127236e-17  2.01195894e-04 -4.52577788e-17 
 2.01395894e-04 -8.31082990e-15  2.01395894e-04  0.00000000e+00  2.01395894e-04 -4.49700813e-17  2.01395894e-04 -1.11806024e-17 
 2.01595894e-04  8.25508070e-15  2.01595894e-04  0.00000000e+00  2.01595894e-04  8.11585058e-17  2.01595894e-04  2.19795756e-17 
 2.01795894e-04 -8.23220105e-15  2.01795894e-04  0.00000000e+00  2.01795894e-04  2.93920786e-17  2.01795894e-04  3.12551011e-17 
 2.01995894e-04  8.22008911e-15  2.01995894e-04  0.00000000e+00  2.01995894e-04  5.67927062e-17  2.01995894e-04  1.53388636e-17 
 2.02195894e-04 -8.17263500e-15  2.02195894e-04  0.00000000e+00  2.02195894e-04 -5.05696652e-17  2.02195894e-04 -7.25638779e-18 
 2.02395894e-04  8.15368579e-15  2.02395894e-04  0.00000000e+00  2.02395894e-04 -7.69683136e-18  2.02395894e-04 -1.92403818e-17 
 2.02595894e-04 -8.13212196e-15  2.02595894e-04  0.00000000e+00  2.02595894e-04 -5.64823273e-17  2.02595894e-04 -1.40017062e-17 
 2.02795894e-04  8.09221287e-15  2.02795894e-04  0.00000000e+00  2.02795894e-04  3.38102398e-17  2.02795894e-04 -3.39928627e-19 
 2.02995894e-04 -8.07334881e-15  2.02995894e-04  0.00000000e+00  2.02995894e-04 -8.86919940e-18  2.02995894e-04  1.04390693e-17 
 2.03195894e-04  8.04683347e-15  2.03195894e-04  0.00000000e+00  2.03195894e-04  5.11192986e-17  2.03195894e-04  1.06414554e-17 
 2.03395894e-04 -8.01271259e-15  2.03395894e-04  0.00000000e+00  2.03395894e-04 -2.60778399e-17  2.03395894e-04  3.45933949e-18 
 2.03595894e-04  7.99236876e-15  2.03595894e-04  0.00000000e+00  2.03595894e-04  1.99490567e-17  2.03595894e-04 -4.72350526e-18 
 2.03795894e-04 -7.96381288e-15  2.03795894e-04  0.00000000e+00  2.03795894e-04 -4.46564562e-17  2.03795894e-04 -7.10603742e-18 
 2.03995894e-04  7.93365237e-15  2.03995894e-04  0.00000000e+00  2.03995894e-04  2.35804668e-17  2.03995894e-04 -4.09449632e-18 
 2.04195894e-04 -7.91152383e-15  2.04195894e-04  0.00000000e+00  2.04195894e-04 -2.64840203e-17  2.04195894e-04  1.42781178e-18 
 2.04395894e-04  7.88259783e-15  2.04395894e-04  0.00000000e+00  2.04395894e-04  3.89591406e-17  2.04395894e-04  4.19989097e-18 
 2.04595894e-04 -7.85490269e-15  2.04595894e-04  0.00000000e+00  2.04595894e-04 -2.36998875e-17  2.04595894e-04  3.56861605e-18 
 2.04795894e-04  7.83126931e-15  2.04795894e-04  0.00000000e+00  2.04795894e-04  2.97691766e-17  2.04795894e-04  2.05839336e-19 
 2.04995894e-04 -7.80279472e-15  2.04995894e-04  0.00000000e+00  2.04995894e-04 -3.46528619e-17  2.04995894e-04 -2.13311258e-18 
 2.05195894e-04  7.77650489e-15  2.05195894e-04  0.00000000e+00  2.05195894e-04  2.48266156e-17  2.05195894e-04 -2.66335685e-18 
 2.05395894e-04 -7.75183396e-15  2.05395894e-04  0.00000000e+00  2.05395894e-04 -3.09898116e-17  2.05395894e-04 -8.23098085e-19 
 2.05595894e-04  7.72411510e-15  2.05595894e-04  0.00000000e+00  2.05595894e-04  3.17225333e-17  2.05595894e-04  8.26538822e-19 
 2.05795894e-04 -7.69856163e-15  2.05795894e-04  0.00000000e+00  2.05795894e-04 -2.60908821e-17  2.05795894e-04  1.77961092e-18 
 2.05995894e-04  7.67330525e-15  2.05995894e-04  0.00000000e+00  2.05995894e-04  3.10501215e-17  2.05995894e-04  8.94691133e-19 
 2.06195894e-04 -7.64637006e-15  2.06195894e-04  0.00000000e+00  2.06195894e-04 -2.98892499e-17  2.06195894e-04 -9.62485838e-20 
 2.06395894e-04  7.62117920e-15  2.06395894e-04  0.00000000e+00  2.06395894e-04  2.71037067e-17  2.06395894e-04 -1.08008006e-18 
 2.06595894e-04 -7.59569283e-15  2.06595894e-04  0.00000000e+00  2.06595894e-04 -3.05576844e-17  2.06595894e-04 -7.25021617e-19 
 2.06795894e-04  7.56944809e-15  2.06795894e-04  0.00000000e+00  2.06795894e-04  2.88196005e-17  2.06795894e-04 -2.48791055e-19 
 2.06995894e-04 -7.54444275e-15  2.06995894e-04  0.00000000e+00  2.06995894e-04 -2.77535876e-17  2.06995894e-04  5.95953668e-19 
 2.07195894e-04  7.51897050e-15  2.07195894e-04  0.00000000e+00  2.07195894e-04  2.98758896e-17  2.07195894e-04  4.88776365e-19 
 2.07395894e-04 -7.49329052e-15  2.07395894e-04  0.00000000e+00  2.07395894e-04 -2.82236689e-17  2.07395894e-04  3.64643277e-19 
 2.07595894e-04  7.46841016e-15  2.07595894e-04  0.00000000e+00  2.07595894e-04  2.80667264e-17  2.07595894e-04 -2.97453282e-19 
 2.07795894e-04 -7.44310079e-15  2.07795894e-04  0.00000000e+00  2.07795894e-04 -2.91942613e-17  2.07795894e-04 -2.71929433e-19 
 2.07995894e-04  7.41787080e-15  2.07995894e-04  0.00000000e+00  2.07995894e-04  2.78872149e-17  2.07995894e-04 -3.61818255e-19 
 2.08195894e-04 -7.39311495e-15  2.08195894e-04  0.00000000e+00  2.08195894e-04 -2.81214700e-17  2.08195894e-04  1.35320238e-19 
 2.08395894e-04  7.36804748e-15  2.08395894e-04  0.00000000e+00  2.08395894e-04  2.85922709e-17  2.08395894e-04  1.06434980e-19 
 2.08595894e-04 -7.34317954e-15  2.08595894e-04  0.00000000e+00  2.08595894e-04 -2.76700512e-17  2.08595894e-04  3.09910280e-19 
 2.08795894e-04  7.31857235e-15  2.08795894e-04  0.00000000e+00  2.08795894e-04  2.80023210e-17  2.08795894e-04 -6.19632364e-20 
 2.08995894e-04 -7.29378053e-15  2.08995894e-04  0.00000000e+00  2.08995894e-04 -2.80877672e-17  2.08995894e-04  4.59691279e-21 
 2.09195894e-04  7.26921487e-15  2.09195894e-04  0.00000000e+00  2.09195894e-04  2.74906639e-17  2.09195894e-04 -2.47653458e-19 
 2.09395894e-04 -7.24478542e-15  2.09395894e-04  0.00000000e+00  2.09395894e-04 -2.77795614e-17  2.09395894e-04  3.99352011e-20 
 2.09595894e-04  7.22027699e-15  2.09595894e-04  0.00000000e+00  2.09595894e-04  2.76693835e-17  2.09595894e-04 -7.06872151e-20 
 2.09795894e-04 -7.19597692e-15  2.09795894e-04  0.00000000e+00  2.09795894e-04 -2.73081560e-17  2.09795894e-04  1.93237540e-19 
 2.09897947e-04  7.14853737e-15  2.09897947e-04  0.00000000e+00  2.09897947e-04  2.74581273e-17  2.09897947e-04 -2.44122982e-20 
 2.10000000e-04 -7.10134609e-15  2.10000000e-04  0.00000000e+00  2.10000000e-04 -2.70215440e-17  2.10000000e-04  1.62232255e-19 
 2.10001453e-04  8.91759107e-09  2.10001453e-04  2.90532316e-03  2.10001453e-04  9.54849997e-05  2.10001453e-04  2.95717802e-06 
 2.10004358e-04  8.09477011e-08  2.10004358e-04  8.71596948e-03  2.10004358e-04  4.77423155e-04  2.10004358e-04  2.03338529e-05 
 2.10008145e-04  5.67405129e-07  2.10008145e-04  1.62899528e-02  2.10008145e-04  1.54863003e-03  2.10008145e-04  9.73907022e-05 
 2.10012160e-04  2.27841323e-06  2.10012160e-04  2.43192168e-02  2.10012160e-04  3.39273916e-03  2.10012160e-04  2.87685062e-04 
 2.10017194e-04  8.10352025e-06  2.10017194e-04  3.43884842e-02  2.10017194e-04  6.73571418e-03  2.10017194e-04  7.48578656e-04 
 2.10023706e-04  2.68038096e-05  2.10023706e-04  4.74122728e-02  2.10023706e-04  1.27588963e-02  2.10023706e-04  1.81217153e-03 
 2.10032618e-04  8.79874268e-05  2.10032618e-04  6.52359855e-02  2.10032618e-04  2.41036792e-02  2.10032618e-04  4.30608072e-03 
 2.10045013e-04  2.87665304e-04  2.10045013e-04  9.00268459e-02  2.10045013e-04  4.58218301e-02  2.10045013e-04  1.00978078e-02 
 2.10062623e-04  9.44298741e-04  2.10062623e-04  1.25245458e-01  2.10062623e-04  8.84584609e-02  2.10062623e-04  2.35155955e-02 
 2.10088006e-04  3.10365141e-03  2.10088006e-04  1.76012623e-01  2.10088006e-04  1.73799991e-01  2.10088006e-04  5.42823754e-02 
 2.10125464e-04  1.02582647e-02  2.10125464e-04  2.50927422e-01  2.10125464e-04  3.49041681e-01  2.10125464e-04  1.24571772e-01 
 2.10182223e-04  3.41113339e-02  2.10182223e-04  3.64446837e-01  2.10182223e-04  7.15664456e-01  2.10182223e-04  2.84108656e-01 
 2.10272109e-04  1.14595657e-01  2.10272109e-04  5.44217934e-01  2.10272109e-04  1.48837080e+00  2.10272109e-04  6.42481420e-01 
 2.10428403e-04  3.92553069e-01  2.10428403e-04  8.56805116e-01  2.10428403e-04  3.06868421e+00  2.10428403e-04  1.41778226e+00 
 2.10628403e-04  9.40812384e-01  2.10628403e-04  1.25680512e+00  2.10628403e-04  4.83376511e+00  2.10628403e-04  2.33225778e+00 
 2.10814201e-04  1.50668058e+00  2.10814201e-04  1.62840256e+00  2.10814201e-04  5.75352938e+00  2.10814201e-04  2.84092841e+00 
 2.11000000e-04  1.98492218e+00  2.11000000e-04  2.00000000e+00  2.11000000e-04  6.04080668e+00  2.11000000e-04  3.01501357e+00 
 2.11020000e-04  2.02681130e+00  2.11020000e-04  2.00000000e+00  2.11020000e-04  6.02864759e+00  2.11020000e-04  3.01468510e+00 
 2.11060000e-04  2.10606823e+00  2.11060000e-04  2.00000000e+00  2.11060000e-04  5.96846682e+00  2.11060000e-04  3.00001224e+00 
 2.11140000e-04  2.23224061e+00  2.11140000e-04  2.00000000e+00  2.11140000e-04  5.66219971e+00  2.11140000e-04  2.88085662e+00 
 2.11300000e-04  2.33022308e+00  2.11300000e-04  2.00000000e+00  2.11300000e-04  4.64397934e+00  2.11300000e-04  2.40350469e+00 
 2.11500000e-04  2.20282705e+00  2.11500000e-04  2.00000000e+00  2.11500000e-04  3.43780072e+00  2.11500000e-04  1.77553801e+00 
 2.11700000e-04  1.96160361e+00  2.11700000e-04  2.00000000e+00  2.11700000e-04  3.06563852e+00  2.11700000e-04  1.53016391e+00 
 2.11900000e-04  1.80907831e+00  2.11900000e-04  2.00000000e+00  2.11900000e-04  3.58430726e+00  2.11900000e-04  1.74708610e+00 
 2.12100000e-04  1.83261835e+00  2.12100000e-04  2.00000000e+00  2.12100000e-04  4.39476778e+00  2.12100000e-04  2.15312325e+00 
 2.12300000e-04  1.97069604e+00  2.12300000e-04  2.00000000e+00  2.12300000e-04  4.83954892e+00  2.12300000e-04  2.40796903e+00 
 2.12500000e-04  2.09488287e+00  2.12500000e-04  2.00000000e+00  2.12500000e-04  4.69096471e+00  2.12500000e-04  2.36642703e+00 
 2.12700000e-04  2.11927343e+00  2.12700000e-04  2.00000000e+00  2.12700000e-04  4.20624689e+00  2.12700000e-04  2.13343666e+00 
 2.12900000e-04  2.05157241e+00  2.12900000e-04  2.00000000e+00  2.12900000e-04  3.81953626e+00  2.12900000e-04  1.92525491e+00 
 2.13100000e-04  1.96384747e+00  2.13100000e-04  2.00000000e+00  2.13100000e-04  3.78447762e+00  2.13100000e-04  1.88549845e+00 
 2.13300000e-04  1.92433674e+00  2.13300000e-04  2.00000000e+00  2.13300000e-04  4.03727755e+00  2.13300000e-04  2.00015475e+00 
 2.13500000e-04  1.94928322e+00  2.13500000e-04  2.00000000e+00  2.13500000e-04  4.32301610e+00  2.13500000e-04  2.14756240e+00 
 2.13700000e-04  2.00440297e+00  2.13700000e-04  2.00000000e+00  2.13700000e-04  4.42760049e+00  2.13700000e-04  2.21328658e+00 
 2.13900000e-04  2.04236596e+00  2.13900000e-04  2.00000000e+00  2.13900000e-04  4.32159048e+00  2.13900000e-04  2.17068193e+00 
 2.14100000e-04  2.04018010e+00  2.14100000e-04  2.00000000e+00  2.14100000e-04  4.13464336e+00  2.14100000e-04  2.07785657e+00 
 2.14300000e-04  2.00958505e+00  2.14300000e-04  2.00000000e+00  2.14300000e-04  4.02186799e+00  2.14300000e-04  2.01436685e+00 
 2.14500000e-04  1.97980466e+00  2.14500000e-04  2.00000000e+00  2.14500000e-04  4.04569064e+00  2.14500000e-04  2.01850260e+00 
 2.14700000e-04  1.97207674e+00  2.14700000e-04  2.00000000e+00  2.14700000e-04  4.15437072e+00  2.14700000e-04  2.07016283e+00 
 2.14900000e-04  1.98638226e+00  2.14900000e-04  2.00000000e+00  2.14900000e-04  4.24816478e+00  2.14900000e-04  2.12011537e+00 
 2.15100000e-04  2.00684137e+00  2.15100000e-04  2.00000000e+00  2.15100000e-04  4.26330336e+00  2.15100000e-04  2.13282302e+00 
 2.15300000e-04  2.01716391e+00  2.15300000e-04  2.00000000e+00  2.15300000e-04  4.20880110e+00  2.15300000e-04  2.10856580e+00 
 2.15500000e-04  2.01248348e+00  2.15500000e-04  2.00000000e+00  2.15500000e-04  4.14153662e+00  2.15500000e-04  2.07417011e+00 
 2.15700000e-04  1.99996907e+00  2.15700000e-04  2.00000000e+00  2.15700000e-04  4.11317666e+00  2.15700000e-04  2.05697046e+00 
 2.15900000e-04  1.99061553e+00  2.15900000e-04  2.00000000e+00  2.15900000e-04  4.13429187e+00  2.15900000e-04  2.06499780e+00 
 2.16100000e-04  1.99035777e+00  2.16100000e-04  2.00000000e+00  2.16100000e-04  4.17715067e+00  2.16100000e-04  2.08608442e+00 
 2.16300000e-04  1.99707834e+00  2.16300000e-04  2.00000000e+00  2.16300000e-04  4.20538612e+00  2.16300000e-04  2.10173980e+00 
 2.16500000e-04  2.00417104e+00  2.16500000e-04  2.00000000e+00  2.16500000e-04  4.20236926e+00  2.16500000e-04  2.10206611e+00 
 2.16700000e-04  2.00643438e+00  2.16700000e-04  2.00000000e+00  2.16700000e-04  4.17818551e+00  2.16700000e-04  2.09070969e+00 
 2.16900000e-04  2.00346138e+00  2.16900000e-04  2.00000000e+00  2.16900000e-04  4.15560839e+00  2.16900000e-04  2.07880606e+00 
 2.17100000e-04  1.99871865e+00  2.17100000e-04  2.00000000e+00  2.17100000e-04  4.15048827e+00  2.17100000e-04  2.07506525e+00 
 2.17300000e-04  1.99606941e+00  2.17300000e-04  2.00000000e+00  2.17300000e-04  4.16209192e+00  2.17300000e-04  2.08011410e+00 
 2.17500000e-04  1.99689122e+00  2.17500000e-04  2.00000000e+00  2.17500000e-04  4.17782941e+00  2.17500000e-04  2.08809153e+00 
 2.17700000e-04  1.99971346e+00  2.17700000e-04  2.00000000e+00  2.17700000e-04  4.18532191e+00  2.17700000e-04  2.09251169e+00 
 2.17900000e-04  2.00199740e+00  2.17900000e-04  2.00000000e+00  2.17900000e-04  4.18126190e+00  2.17900000e-04  2.09109245e+00 
 2.18100000e-04  2.00223473e+00  2.18100000e-04  2.00000000e+00  2.18100000e-04  4.17149797e+00  2.18100000e-04  2.08633428e+00 
 2.18300000e-04  2.00077276e+00  2.18300000e-04  2.00000000e+00  2.18300000e-04  4.16450509e+00  2.18300000e-04  2.08250884e+00 
 2.18500000e-04  1.99909447e+00  2.18500000e-04  2.00000000e+00  2.18500000e-04  4.16461703e+00  2.18500000e-04  2.08213456e+00 
 2.18700000e-04  1.99846313e+00  2.18700000e-04  2.00000000e+00  2.18700000e-04  4.16995423e+00  2.18700000e-04  2.08460711e+00 
 2.18900000e-04  1.99906826e+00  2.18900000e-04  2.00000000e+00  2.18900000e-04  4.17535050e+00  2.18900000e-04  2.08742526e+00 
 2.19100000e-04  2.00016105e+00  2.19100000e-04  2.00000000e+00  2.19100000e-04  4.17690516e+00  2.19100000e-04  2.08847224e+00 
 2.19300000e-04  2.00083114e+00  2.19300000e-04  2.00000000e+00  2.19300000e-04  4.17447145e+00  2.19300000e-04  2.08744259e+00 
 2.19500000e-04  2.00070304e+00  2.19500000e-04  2.00000000e+00  2.19500000e-04  4.17081166e+00  2.19500000e-04  2.08560355e+00 
 2.19700000e-04  2.00007109e+00  2.19700000e-04  2.00000000e+00  2.19700000e-04  4.16887155e+00  2.19700000e-04  2.08448429e+00 
 2.19900000e-04  1.99951792e+00  2.19900000e-04  2.00000000e+00  2.19900000e-04  4.16961273e+00  2.19900000e-04  2.08470852e+00 
 2.20100000e-04  1.99942191e+00  2.20100000e-04  2.00000000e+00  2.20100000e-04  4.17182258e+00  2.20100000e-04  2.08577460e+00 
 2.20300000e-04  1.99973643e+00  2.20300000e-04  2.00000000e+00  2.20300000e-04  4.17353799e+00  2.20300000e-04  2.08670172e+00 
 2.20500000e-04  2.00013106e+00  2.20500000e-04  2.00000000e+00  2.20500000e-04  4.17364893e+00  2.20500000e-04  2.08685747e+00 
 2.20700000e-04  2.00030136e+00  2.20700000e-04  2.00000000e+00  2.20700000e-04  4.17248176e+00  2.20700000e-04  2.08632501e+00 
 2.20900000e-04  2.00018150e+00  2.20900000e-04  2.00000000e+00  2.20900000e-04  4.17120055e+00  2.20900000e-04  2.08566201e+00 
 2.21100000e-04  1.99993125e+00  2.21100000e-04  2.00000000e+00  2.21100000e-04  4.17075674e+00  2.21100000e-04  2.08537892e+00 
 2.21300000e-04  1.99976383e+00  2.21300000e-04  2.00000000e+00  2.21300000e-04  4.17125787e+00  2.21300000e-04  2.08558340e+00 
 2.21500000e-04  1.99977882e+00  2.21500000e-04  2.00000000e+00  2.21500000e-04  4.17210384e+00  2.21500000e-04  2.08600476e+00 
 2.21700000e-04  1.99991924e+00  2.21700000e-04  2.00000000e+00  2.21700000e-04  4.17259817e+00  2.21700000e-04  2.08628467e+00 
 2.21900000e-04  2.00005222e+00  2.21900000e-04  2.00000000e+00  2.21900000e-04  4.17247395e+00  2.21900000e-04  2.08625739e+00 
 2.22100000e-04  2.00008388e+00  2.22100000e-04  2.00000000e+00  2.22100000e-04  4.17197723e+00  2.22100000e-04  2.08602035e+00 
 2.22300000e-04  2.00001709e+00  2.22300000e-04  2.00000000e+00  2.22300000e-04  4.17156002e+00  2.22300000e-04  2.08579734e+00 
 2.22500000e-04  1.99992486e+00  2.22500000e-04  2.00000000e+00  2.22500000e-04  4.17150259e+00  2.22500000e-04  2.08574539e+00 
 2.22700000e-04  1.99988005e+00  2.22700000e-04  2.00000000e+00  2.22700000e-04  4.17175521e+00  2.22700000e-04  2.08585860e+00 
 2.22900000e-04  1.99990292e+00  2.22900000e-04  2.00000000e+00  2.22900000e-04  4.17205747e+00  2.22900000e-04  2.08601363e+00 
 2.23100000e-04  1.99995986e+00  2.23100000e-04  2.00000000e+00  2.23100000e-04  4.17217915e+00  2.23100000e-04  2.08608826e+00 
 2.23300000e-04  2.00000125e+00  2.23300000e-04  2.00000000e+00  2.23300000e-04  4.17207835e+00  2.23300000e-04  2.08604910e+00 
 2.23500000e-04  2.00000122e+00  2.23500000e-04  2.00000000e+00  2.23500000e-04  4.17188399e+00  2.23500000e-04  2.08595317e+00 
 2.23700000e-04  1.99997028e+00  2.23700000e-04  2.00000000e+00  2.23700000e-04  4.17175971e+00  2.23700000e-04  2.08588392e+00 
 2.23900000e-04  1.99993853e+00  2.23900000e-04  2.00000000e+00  2.23900000e-04  4.17177726e+00  2.23900000e-04  2.08588445e+00 
 2.24100000e-04  1.99992905e+00  2.24100000e-04  2.00000000e+00  2.24100000e-04  4.17188809e+00  2.24100000e-04  2.08593672e+00 
 2.24300000e-04  1.99994301e+00  2.24300000e-04  2.00000000e+00  2.24300000e-04  4.17198877e+00  2.24300000e-04  2.08598999e+00 
 2.24500000e-04  1.99996444e+00  2.24500000e-04  2.00000000e+00  2.24500000e-04  4.17200938e+00  2.24500000e-04  2.08600564e+00 
 2.24700000e-04  1.99997600e+00  2.24700000e-04  2.00000000e+00  2.24700000e-04  4.17195535e+00  2.24700000e-04  2.08598194e+00 
 2.24900000e-04  1.99997188e+00  2.24900000e-04  2.00000000e+00  2.24900000e-04  4.17188449e+00  2.24900000e-04  2.08594591e+00 
 2.25100000e-04  1.99995901e+00  2.25100000e-04  2.00000000e+00  2.25100000e-04  4.17185208e+00  2.25100000e-04  2.08592662e+00 
 2.25300000e-04  1.99994887e+00  2.25300000e-04  2.00000000e+00  2.25300000e-04  4.17187172e+00  2.25300000e-04  2.08593372e+00 
 2.25500000e-04  1.99994808e+00  2.25500000e-04  2.00000000e+00  2.25500000e-04  4.17191610e+00  2.25500000e-04  2.08595542e+00 
 2.25700000e-04  1.99995483e+00  2.25700000e-04  2.00000000e+00  2.25700000e-04  4.17194699e+00  2.25700000e-04  2.08597239e+00 
 2.25900000e-04  1.99996236e+00  2.25900000e-04  2.00000000e+00  2.25900000e-04  4.17194556e+00  2.25900000e-04  2.08597362e+00 
 2.26100000e-04  1.99996504e+00  2.26100000e-04  2.00000000e+00  2.26100000e-04  4.17192103e+00  2.26100000e-04  2.08596220e+00 
 2.26300000e-04  1.99996218e+00  2.26300000e-04  2.00000000e+00  2.26300000e-04  4.17189691e+00  2.26300000e-04  2.08594956e+00 
 2.26500000e-04  1.99995723e+00  2.26500000e-04  2.00000000e+00  2.26500000e-04  4.17189046e+00  2.26500000e-04  2.08594511e+00 
 2.26700000e-04  1.99995429e+00  2.26700000e-04  2.00000000e+00  2.26700000e-04  4.17190186e+00  2.26700000e-04  2.08594998e+00 
 2.26900000e-04  1.99995497e+00  2.26900000e-04  2.00000000e+00  2.26900000e-04  4.17191837e+00  2.26900000e-04  2.08595830e+00 
 2.27100000e-04  1.99995786e+00  2.27100000e-04  2.00000000e+00  2.27100000e-04  4.17192682e+00  2.27100000e-04  2.08596321e+00 
 2.27300000e-04  1.99996032e+00  2.27300000e-04  2.00000000e+00  2.27300000e-04  4.17192316e+00  2.27300000e-04  2.08596203e+00 
 2.27500000e-04  1.99996069e+00  2.27500000e-04  2.00000000e+00  2.27500000e-04  4.17191309e+00  2.27500000e-04  2.08595716e+00 
 2.27700000e-04  1.99995923e+00  2.27700000e-04  2.00000000e+00  2.27700000e-04  4.17190549e+00  2.27700000e-04  2.08595304e+00 
 2.27900000e-04  1.99995746e+00  2.27900000e-04  2.00000000e+00  2.27900000e-04  4.17190520e+00  2.27900000e-04  2.08595244e+00 
 2.28100000e-04  1.99995673e+00  2.28100000e-04  2.00000000e+00  2.28100000e-04  4.17191058e+00  2.28100000e-04  2.08595491e+00 
 2.28300000e-04  1.99995730e+00  2.28300000e-04  2.00000000e+00  2.28300000e-04  4.17191632e+00  2.28300000e-04  2.08595789e+00 
 2.28500000e-04  1.99995843e+00  2.28500000e-04  2.00000000e+00  2.28500000e-04  4.17191820e+00  2.28500000e-04  2.08595910e+00 
 2.28700000e-04  1.99995917e+00  2.28700000e-04  2.00000000e+00  2.28700000e-04  4.17191584e+00  2.28700000e-04  2.08595813e+00 
 2.28900000e-04  1.99995908e+00  2.28900000e-04  2.00000000e+00  2.28900000e-04  4.17191201e+00  2.28900000e-04  2.08595622e+00 
 2.29100000e-04  1.99995844e+00  2.29100000e-04  2.00000000e+00  2.29100000e-04  4.17190985e+00  2.29100000e-04  2.08595498e+00 
 2.29300000e-04  1.99995784e+00  2.29300000e-04  2.00000000e+00  2.29300000e-04  4.17191048e+00  2.29300000e-04  2.08595515e+00 
 2.29500000e-04  1.99995772e+00  2.29500000e-04  2.00000000e+00  2.29500000e-04  4.17191275e+00  2.29500000e-04  2.08595623e+00 
 2.29700000e-04  1.99995803e+00  2.29700000e-04  2.00000000e+00  2.29700000e-04  4.17191461e+00  2.29700000e-04  2.08595723e+00 
 2.29900000e-04  1.99995844e+00  2.29900000e-04  2.00000000e+00  2.29900000e-04  4.17191482e+00  2.29900000e-04  2.08595744e+00 
 2.30100000e-04  1.99995864e+00  2.30100000e-04  2.00000000e+00  2.30100000e-04  4.17191365e+00  2.30100000e-04  2.08595691e+00 
 2.30300000e-04  1.99995853e+00  2.30300000e-04  2.00000000e+00  2.30300000e-04  4.17191229e+00  2.30300000e-04  2.08595621e+00 
 2.30500000e-04  1.99995827e+00  2.30500000e-04  2.00000000e+00  2.30500000e-04  4.17191177e+00  2.30500000e-04  2.08595589e+00 
 2.30700000e-04  1.99995808e+00  2.30700000e-04  2.00000000e+00  2.30700000e-04  4.17191225e+00  2.30700000e-04  2.08595608e+00 
 2.30900000e-04  1.99995809e+00  2.30900000e-04  2.00000000e+00  2.30900000e-04  4.17191313e+00  2.30900000e-04  2.08595651e+00 
 2.31100000e-04  1.99995823e+00  2.31100000e-04  2.00000000e+00  2.31100000e-04  4.17191367e+00  2.31100000e-04  2.08595682e+00 
 2.31300000e-04  1.99995837e+00  2.31300000e-04  2.00000000e+00  2.31300000e-04  4.17191358e+00  2.31300000e-04  2.08595681e+00 
 2.31500000e-04  1.99995841e+00  2.31500000e-04  2.00000000e+00  2.31500000e-04  4.17191307e+00  2.31500000e-04  2.08595657e+00 
 2.31700000e-04  1.99995835e+00  2.31700000e-04  2.00000000e+00  2.31700000e-04  4.17191262e+00  2.31700000e-04  2.08595633e+00 
 2.31900000e-04  1.99995825e+00  2.31900000e-04  2.00000000e+00  2.31900000e-04  4.17191254e+00  2.31900000e-04  2.08595627e+00 
 2.32100000e-04  1.99995820e+00  2.32100000e-04  2.00000000e+00  2.32100000e-04  4.17191279e+00  2.32100000e-04  2.08595638e+00 
 2.32300000e-04  1.99995822e+00  2.32300000e-04  2.00000000e+00  2.32300000e-04  4.17191311e+00  2.32300000e-04  2.08595654e+00 
 2.32500000e-04  1.99995828e+00  2.32500000e-04  2.00000000e+00  2.32500000e-04  4.17191325e+00  2.32500000e-04  2.08595662e+00 
 2.32700000e-04  1.99995832e+00  2.32700000e-04  2.00000000e+00  2.32700000e-04  4.17191316e+00  2.32700000e-04  2.08595659e+00 
 2.32900000e-04  1.99995833e+00  2.32900000e-04  2.00000000e+00  2.32900000e-04  4.17191295e+00  2.32900000e-04  2.08595649e+00 
 2.33100000e-04  1.99995830e+00  2.33100000e-04  2.00000000e+00  2.33100000e-04  4.17191282e+00  2.33100000e-04  2.08595641e+00 
 2.33300000e-04  1.99995826e+00  2.33300000e-04  2.00000000e+00  2.33300000e-04  4.17191283e+00  2.33300000e-04  2.08595641e+00 
 2.33500000e-04  1.99995825e+00  2.33500000e-04  2.00000000e+00  2.33500000e-04  4.17191294e+00  2.33500000e-04  2.08595646e+00 
 2.33700000e-04  1.99995826e+00  2.33700000e-04  2.00000000e+00  2.33700000e-04  4.17191305e+00  2.33700000e-04  2.08595652e+00 
 2.33900000e-04  1.99995829e+00  2.33900000e-04  2.00000000e+00  2.33900000e-04  4.17191308e+00  2.33900000e-04  2.08595654e+00 
 2.34100000e-04  1.99995830e+00  2.34100000e-04  2.00000000e+00  2.34100000e-04  4.17191302e+00  2.34100000e-04  2.08595652e+00 
 2.34300000e-04  1.99995830e+00  2.34300000e-04  2.00000000e+00  2.34300000e-04  4.17191295e+00  2.34300000e-04  2.08595648e+00 
 2.34500000e-04  1.99995828e+00  2.34500000e-04  2.00000000e+00  2.34500000e-04  4.17191291e+00  2.34500000e-04  2.08595646e+00 
 2.34700000e-04  1.99995827e+00  2.34700000e-04  2.00000000e+00  2.34700000e-04  4.17191293e+00  2.34700000e-04  2.08595646e+00 
 2.34900000e-04  1.99995827e+00  2.34900000e-04  2.00000000e+00  2.34900000e-04  4.17191297e+00  2.34900000e-04  2.08595648e+00 
 2.35100000e-04  1.99995828e+00  2.35100000e-04  2.00000000e+00  2.35100000e-04  4.17191301e+00  2.35100000e-04  2.08595650e+00 
 2.35300000e-04  1.99995828e+00  2.35300000e-04  2.00000000e+00  2.35300000e-04  4.17191301e+00  2.35300000e-04  2.08595651e+00 
 2.35500000e-04  1.99995829e+00  2.35500000e-04  2.00000000e+00  2.35500000e-04  4.17191298e+00  2.35500000e-04  2.08595649e+00 
 2.35700000e-04  1.99995829e+00  2.35700000e-04  2.00000000e+00  2.35700000e-04  4.17191296e+00  2.35700000e-04  2.08595648e+00 
 2.35900000e-04  1.99995828e+00  2.35900000e-04  2.00000000e+00  2.35900000e-04  4.17191295e+00  2.35900000e-04  2.08595648e+00 
 2.36100000e-04  1.99995828e+00  2.36100000e-04  2.00000000e+00  2.36100000e-04  4.17191296e+00  2.36100000e-04  2.08595648e+00 
 2.36300000e-04  1.99995828e+00  2.36300000e-04  2.00000000e+00  2.36300000e-04  4.17191298e+00  2.36300000e-04  2.08595649e+00 
 2.36500000e-04  1.99995828e+00  2.36500000e-04  2.00000000e+00  2.36500000e-04  4.17191299e+00  2.36500000e-04  2.08595649e+00 
 2.36700000e-04  1.99995828e+00  2.36700000e-04  2.00000000e+00  2.36700000e-04  4.17191298e+00  2.36700000e-04  2.08595649e+00 
 2.36900000e-04  1.99995828e+00  2.36900000e-04  2.00000000e+00  2.36900000e-04  4.17191297e+00  2.36900000e-04  2.08595649e+00 
 2.37100000e-04  1.99995828e+00  2.37100000e-04  2.00000000e+00  2.37100000e-04  4.17191297e+00  2.37100000e-04  2.08595648e+00 
 2.37300000e-04  1.99995828e+00  2.37300000e-04  2.00000000e+00  2.37300000e-04  4.17191297e+00  2.37300000e-04  2.08595648e+00 
 2.37500000e-04  1.99995828e+00  2.37500000e-04  2.00000000e+00  2.37500000e-04  4.17191297e+00  2.37500000e-04  2.08595649e+00 
 2.37700000e-04  1.99995828e+00  2.37700000e-04  2.00000000e+00  2.37700000e-04  4.17191298e+00  2.37700000e-04  2.08595649e+00 
 2.37900000e-04  1.99995828e+00  2.37900000e-04  2.00000000e+00  2.37900000e-04  4.17191298e+00  2.37900000e-04  2.08595649e+00 
 2.38100000e-04  1.99995828e+00  2.38100000e-04  2.00000000e+00  2.38100000e-04  4.17191298e+00  2.38100000e-04  2.08595649e+00 
 2.38300000e-04  1.99995828e+00  2.38300000e-04  2.00000000e+00  2.38300000e-04  4.17191297e+00  2.38300000e-04  2.08595649e+00 
 2.38500000e-04  1.99995828e+00  2.38500000e-04  2.00000000e+00  2.38500000e-04  4.17191297e+00  2.38500000e-04  2.08595649e+00 
 2.38700000e-04  1.99995828e+00  2.38700000e-04  2.00000000e+00  2.38700000e-04  4.17191297e+00  2.38700000e-04  2.08595649e+00 
 2.38900000e-04  1.99995828e+00  2.38900000e-04  2.00000000e+00  2.38900000e-04  4.17191297e+00  2.38900000e-04  2.08595649e+00 
 2.39100000e-04  1.99995828e+00  2.39100000e-04  2.00000000e+00  2.39100000e-04  4.17191298e+00  2.39100000e-04  2.08595649e+00 
 2.39300000e-04  1.99995828e+00  2.39300000e-04  2.00000000e+00  2.39300000e-04  4.17191298e+00  2.39300000e-04  2.08595649e+00 
 2.39500000e-04  1.99995828e+00  2.39500000e-04  2.00000000e+00  2.39500000e-04  4.17191297e+00  2.39500000e-04  2.08595649e+00 
 2.39700000e-04  1.99995828e+00  2.39700000e-04  2.00000000e+00  2.39700000e-04  4.17191297e+00  2.39700000e-04  2.08595649e+00 
 2.39900000e-04  1.99995828e+00  2.39900000e-04  2.00000000e+00  2.39900000e-04  4.17191297e+00  2.39900000e-04  2.08595649e+00 
 2.40100000e-04  1.99995828e+00  2.40100000e-04  2.00000000e+00  2.40100000e-04  4.17191297e+00  2.40100000e-04  2.08595649e+00 
 2.40300000e-04  1.99995828e+00  2.40300000e-04  2.00000000e+00  2.40300000e-04  4.17191297e+00  2.40300000e-04  2.08595649e+00 
 2.40500000e-04  1.99995828e+00  2.40500000e-04  2.00000000e+00  2.40500000e-04  4.17191297e+00  2.40500000e-04  2.08595649e+00 
 2.40700000e-04  1.99995828e+00  2.40700000e-04  2.00000000e+00  2.40700000e-04  4.17191297e+00  2.40700000e-04  2.08595649e+00 
 2.40900000e-04  1.99995828e+00  2.40900000e-04  2.00000000e+00  2.40900000e-04  4.17191297e+00  2.40900000e-04  2.08595649e+00 
 2.41100000e-04  1.99995828e+00  2.41100000e-04  2.00000000e+00  2.41100000e-04  4.17191297e+00  2.41100000e-04  2.08595649e+00 
 2.41300000e-04  1.99995828e+00  2.41300000e-04  2.00000000e+00  2.41300000e-04  4.17191297e+00  2.41300000e-04  2.08595649e+00 
 2.41500000e-04  1.99995828e+00  2.41500000e-04  2.00000000e+00  2.41500000e-04  4.17191297e+00  2.41500000e-04  2.08595649e+00 
 2.41700000e-04  1.99995828e+00  2.41700000e-04  2.00000000e+00  2.41700000e-04  4.17191297e+00  2.41700000e-04  2.08595649e+00 
 2.41900000e-04  1.99995828e+00  2.41900000e-04  2.00000000e+00  2.41900000e-04  4.17191297e+00  2.41900000e-04  2.08595649e+00 
 2.42100000e-04  1.99995828e+00  2.42100000e-04  2.00000000e+00  2.42100000e-04  4.17191297e+00  2.42100000e-04  2.08595649e+00 
 2.42300000e-04  1.99995828e+00  2.42300000e-04  2.00000000e+00  2.42300000e-04  4.17191297e+00  2.42300000e-04  2.08595649e+00 
 2.42500000e-04  1.99995828e+00  2.42500000e-04  2.00000000e+00  2.42500000e-04  4.17191297e+00  2.42500000e-04  2.08595649e+00 
 2.42700000e-04  1.99995828e+00  2.42700000e-04  2.00000000e+00  2.42700000e-04  4.17191297e+00  2.42700000e-04  2.08595649e+00 
 2.42900000e-04  1.99995828e+00  2.42900000e-04  2.00000000e+00  2.42900000e-04  4.17191297e+00  2.42900000e-04  2.08595649e+00 
 2.43100000e-04  1.99995828e+00  2.43100000e-04  2.00000000e+00  2.43100000e-04  4.17191297e+00  2.43100000e-04  2.08595649e+00 
 2.43300000e-04  1.99995828e+00  2.43300000e-04  2.00000000e+00  2.43300000e-04  4.17191297e+00  2.43300000e-04  2.08595649e+00 
 2.43500000e-04  1.99995828e+00  2.43500000e-04  2.00000000e+00  2.43500000e-04  4.17191297e+00  2.43500000e-04  2.08595649e+00 
 2.43700000e-04  1.99995828e+00  2.43700000e-04  2.00000000e+00  2.43700000e-04  4.17191297e+00  2.43700000e-04  2.08595649e+00 
 2.43900000e-04  1.99995828e+00  2.43900000e-04  2.00000000e+00  2.43900000e-04  4.17191297e+00  2.43900000e-04  2.08595649e+00 
 2.44100000e-04  1.99995828e+00  2.44100000e-04  2.00000000e+00  2.44100000e-04  4.17191297e+00  2.44100000e-04  2.08595649e+00 
 2.44300000e-04  1.99995828e+00  2.44300000e-04  2.00000000e+00  2.44300000e-04  4.17191297e+00  2.44300000e-04  2.08595649e+00 
 2.44500000e-04  1.99995828e+00  2.44500000e-04  2.00000000e+00  2.44500000e-04  4.17191297e+00  2.44500000e-04  2.08595649e+00 
 2.44700000e-04  1.99995828e+00  2.44700000e-04  2.00000000e+00  2.44700000e-04  4.17191297e+00  2.44700000e-04  2.08595649e+00 
 2.44900000e-04  1.99995828e+00  2.44900000e-04  2.00000000e+00  2.44900000e-04  4.17191297e+00  2.44900000e-04  2.08595649e+00 
 2.45100000e-04  1.99995828e+00  2.45100000e-04  2.00000000e+00  2.45100000e-04  4.17191297e+00  2.45100000e-04  2.08595649e+00 
 2.45300000e-04  1.99995828e+00  2.45300000e-04  2.00000000e+00  2.45300000e-04  4.17191297e+00  2.45300000e-04  2.08595649e+00 
 2.45500000e-04  1.99995828e+00  2.45500000e-04  2.00000000e+00  2.45500000e-04  4.17191297e+00  2.45500000e-04  2.08595649e+00 
 2.45700000e-04  1.99995828e+00  2.45700000e-04  2.00000000e+00  2.45700000e-04  4.17191297e+00  2.45700000e-04  2.08595649e+00 
 2.45900000e-04  1.99995828e+00  2.45900000e-04  2.00000000e+00  2.45900000e-04  4.17191297e+00  2.45900000e-04  2.08595649e+00 
 2.46100000e-04  1.99995828e+00  2.46100000e-04  2.00000000e+00  2.46100000e-04  4.17191297e+00  2.46100000e-04  2.08595649e+00 
 2.46300000e-04  1.99995828e+00  2.46300000e-04  2.00000000e+00  2.46300000e-04  4.17191297e+00  2.46300000e-04  2.08595649e+00 
 2.46500000e-04  1.99995828e+00  2.46500000e-04  2.00000000e+00  2.46500000e-04  4.17191297e+00  2.46500000e-04  2.08595649e+00 
 2.46700000e-04  1.99995828e+00  2.46700000e-04  2.00000000e+00  2.46700000e-04  4.17191297e+00  2.46700000e-04  2.08595649e+00 
 2.46900000e-04  1.99995828e+00  2.46900000e-04  2.00000000e+00  2.46900000e-04  4.17191297e+00  2.46900000e-04  2.08595649e+00 
 2.47100000e-04  1.99995828e+00  2.47100000e-04  2.00000000e+00  2.47100000e-04  4.17191297e+00  2.47100000e-04  2.08595649e+00 
 2.47300000e-04  1.99995828e+00  2.47300000e-04  2.00000000e+00  2.47300000e-04  4.17191297e+00  2.47300000e-04  2.08595649e+00 
 2.47500000e-04  1.99995828e+00  2.47500000e-04  2.00000000e+00  2.47500000e-04  4.17191297e+00  2.47500000e-04  2.08595649e+00 
 2.47700000e-04  1.99995828e+00  2.47700000e-04  2.00000000e+00  2.47700000e-04  4.17191297e+00  2.47700000e-04  2.08595649e+00 
 2.47900000e-04  1.99995828e+00  2.47900000e-04  2.00000000e+00  2.47900000e-04  4.17191297e+00  2.47900000e-04  2.08595649e+00 
 2.48100000e-04  1.99995828e+00  2.48100000e-04  2.00000000e+00  2.48100000e-04  4.17191297e+00  2.48100000e-04  2.08595649e+00 
 2.48300000e-04  1.99995828e+00  2.48300000e-04  2.00000000e+00  2.48300000e-04  4.17191297e+00  2.48300000e-04  2.08595649e+00 
 2.48500000e-04  1.99995828e+00  2.48500000e-04  2.00000000e+00  2.48500000e-04  4.17191297e+00  2.48500000e-04  2.08595649e+00 
 2.48700000e-04  1.99995828e+00  2.48700000e-04  2.00000000e+00  2.48700000e-04  4.17191297e+00  2.48700000e-04  2.08595649e+00 
 2.48900000e-04  1.99995828e+00  2.48900000e-04  2.00000000e+00  2.48900000e-04  4.17191297e+00  2.48900000e-04  2.08595649e+00 
 2.49100000e-04  1.99995828e+00  2.49100000e-04  2.00000000e+00  2.49100000e-04  4.17191297e+00  2.49100000e-04  2.08595649e+00 
 2.49300000e-04  1.99995828e+00  2.49300000e-04  2.00000000e+00  2.49300000e-04  4.17191297e+00  2.49300000e-04  2.08595649e+00 
 2.49500000e-04  1.99995828e+00  2.49500000e-04  2.00000000e+00  2.49500000e-04  4.17191297e+00  2.49500000e-04  2.08595649e+00 
 2.49700000e-04  1.99995828e+00  2.49700000e-04  2.00000000e+00  2.49700000e-04  4.17191297e+00  2.49700000e-04  2.08595649e+00 
 2.49850000e-04  1.99995828e+00  2.49850000e-04  2.00000000e+00  2.49850000e-04  4.17191297e+00  2.49850000e-04  2.08595649e+00 
 2.50000000e-04  1.99995828e+00  2.50000000e-04  2.00000000e+00  2.50000000e-04  4.17191297e+00  2.50000000e-04  2.08595649e+00 
