 0.00000000e+00  0.00000000e+00  0.00000000e+00  0.00000000e+00  0.00000000e+00  0.00000000e+00  0.00000000e+00  0.00000000e+00 
 1.00000000e-09  0.00000000e+00  1.00000000e-09  0.00000000e+00  1.00000000e-09  0.00000000e+00  1.00000000e-09  0.00000000e+00 
 2.00000000e-09  0.00000000e+00  2.00000000e-09  0.00000000e+00  2.00000000e-09  0.00000000e+00  2.00000000e-09  0.00000000e+00 
 4.00000000e-09  0.00000000e+00  4.00000000e-09  0.00000000e+00  4.00000000e-09  0.00000000e+00  4.00000000e-09  0.00000000e+00 
 8.00000000e-09  0.00000000e+00  8.00000000e-09  0.00000000e+00  8.00000000e-09  0.00000000e+00  8.00000000e-09  0.00000000e+00 
 1.60000000e-08  0.00000000e+00  1.60000000e-08  0.00000000e+00  1.60000000e-08  0.00000000e+00  1.60000000e-08  0.00000000e+00 
 3.20000000e-08  0.00000000e+00  3.20000000e-08  0.00000000e+00  3.20000000e-08  0.00000000e+00  3.20000000e-08  0.00000000e+00 
 6.40000000e-08  0.00000000e+00  6.40000000e-08  0.00000000e+00  6.40000000e-08  0.00000000e+00  6.40000000e-08  0.00000000e+00 
 1.28000000e-07  0.00000000e+00  1.28000000e-07  0.00000000e+00  1.28000000e-07  0.00000000e+00  1.28000000e-07  0.00000000e+00 
 2.28000000e-07  0.00000000e+00  2.28000000e-07  0.00000000e+00  2.28000000e-07  0.00000000e+00  2.28000000e-07  0.00000000e+00 
 3.28000000e-07  0.00000000e+00  3.28000000e-07  0.00000000e+00  3.28000000e-07  0.00000000e+00  3.28000000e-07  0.00000000e+00 
 4.28000000e-07  0.00000000e+00  4.28000000e-07  0.00000000e+00  4.28000000e-07  0.00000000e+00  4.28000000e-07  0.00000000e+00 
 5.28000000e-07  0.00000000e+00  5.28000000e-07  0.00000000e+00  5.28000000e-07  0.00000000e+00  5.28000000e-07  0.00000000e+00 
 6.28000000e-07  0.00000000e+00  6.28000000e-07  0.00000000e+00  6.28000000e-07  0.00000000e+00  6.28000000e-07  0.00000000e+00 
 7.28000000e-07  0.00000000e+00  7.28000000e-07  0.00000000e+00  7.28000000e-07  0.00000000e+00  7.28000000e-07  0.00000000e+00 
 8.28000000e-07  0.00000000e+00  8.28000000e-07  0.00000000e+00  8.28000000e-07  0.00000000e+00  8.28000000e-07  0.00000000e+00 
 9.28000000e-07  0.00000000e+00  9.28000000e-07  0.00000000e+00  9.28000000e-07  0.00000000e+00  9.28000000e-07  0.00000000e+00 
 1.02800000e-06  0.00000000e+00  1.02800000e-06  0.00000000e+00  1.02800000e-06  0.00000000e+00  1.02800000e-06  0.00000000e+00 
 1.12800000e-06  0.00000000e+00  1.12800000e-06  0.00000000e+00  1.12800000e-06  0.00000000e+00  1.12800000e-06  0.00000000e+00 
 1.22800000e-06  0.00000000e+00  1.22800000e-06  0.00000000e+00  1.22800000e-06  0.00000000e+00  1.22800000e-06  0.00000000e+00 
 1.32800000e-06  0.00000000e+00  1.32800000e-06  0.00000000e+00  1.32800000e-06  0.00000000e+00  1.32800000e-06  0.00000000e+00 
 1.42800000e-06  0.00000000e+00  1.42800000e-06  0.00000000e+00  1.42800000e-06  0.00000000e+00  1.42800000e-06  0.00000000e+00 
 1.52800000e-06  0.00000000e+00  1.52800000e-06  0.00000000e+00  1.52800000e-06  0.00000000e+00  1.52800000e-06  0.00000000e+00 
 1.62800000e-06  0.00000000e+00  1.62800000e-06  0.00000000e+00  1.62800000e-06  0.00000000e+00  1.62800000e-06  0.00000000e+00 
 1.72800000e-06  0.00000000e+00  1.72800000e-06  0.00000000e+00  1.72800000e-06  0.00000000e+00  1.72800000e-06  0.00000000e+00 
 1.82800000e-06  0.00000000e+00  1.82800000e-06  0.00000000e+00  1.82800000e-06  0.00000000e+00  1.82800000e-06  0.00000000e+00 
 1.92800000e-06  0.00000000e+00  1.92800000e-06  0.00000000e+00  1.92800000e-06  0.00000000e+00  1.92800000e-06  0.00000000e+00 
 2.02800000e-06  0.00000000e+00  2.02800000e-06  0.00000000e+00  2.02800000e-06  0.00000000e+00  2.02800000e-06  0.00000000e+00 
 2.12800000e-06  0.00000000e+00  2.12800000e-06  0.00000000e+00  2.12800000e-06  0.00000000e+00  2.12800000e-06  0.00000000e+00 
 2.22800000e-06  0.00000000e+00  2.22800000e-06  0.00000000e+00  2.22800000e-06  0.00000000e+00  2.22800000e-06  0.00000000e+00 
 2.32800000e-06  0.00000000e+00  2.32800000e-06  0.00000000e+00  2.32800000e-06  0.00000000e+00  2.32800000e-06  0.00000000e+00 
 2.42800000e-06  0.00000000e+00  2.42800000e-06  0.00000000e+00  2.42800000e-06  0.00000000e+00  2.42800000e-06  0.00000000e+00 
 2.52800000e-06  0.00000000e+00  2.52800000e-06  0.00000000e+00  2.52800000e-06  0.00000000e+00  2.52800000e-06  0.00000000e+00 
 2.62800000e-06  0.00000000e+00  2.62800000e-06  0.00000000e+00  2.62800000e-06  0.00000000e+00  2.62800000e-06  0.00000000e+00 
 2.72800000e-06  0.00000000e+00  2.72800000e-06  0.00000000e+00  2.72800000e-06  0.00000000e+00  2.72800000e-06  0.00000000e+00 
 2.82800000e-06  0.00000000e+00  2.82800000e-06  0.00000000e+00  2.82800000e-06  0.00000000e+00  2.82800000e-06  0.00000000e+00 
 2.92800000e-06  0.00000000e+00  2.92800000e-06  0.00000000e+00  2.92800000e-06  0.00000000e+00  2.92800000e-06  0.00000000e+00 
 3.02800000e-06  0.00000000e+00  3.02800000e-06  0.00000000e+00  3.02800000e-06  0.00000000e+00  3.02800000e-06  0.00000000e+00 
 3.12800000e-06  0.00000000e+00  3.12800000e-06  0.00000000e+00  3.12800000e-06  0.00000000e+00  3.12800000e-06  0.00000000e+00 
 3.22800000e-06  0.00000000e+00  3.22800000e-06  0.00000000e+00  3.22800000e-06  0.00000000e+00  3.22800000e-06  0.00000000e+00 
 3.32800000e-06  0.00000000e+00  3.32800000e-06  0.00000000e+00  3.32800000e-06  0.00000000e+00  3.32800000e-06  0.00000000e+00 
 3.42800000e-06  0.00000000e+00  3.42800000e-06  0.00000000e+00  3.42800000e-06  0.00000000e+00  3.42800000e-06  0.00000000e+00 
 3.52800000e-06  0.00000000e+00  3.52800000e-06  0.00000000e+00  3.52800000e-06  0.00000000e+00  3.52800000e-06  0.00000000e+00 
 3.62800000e-06  0.00000000e+00  3.62800000e-06  0.00000000e+00  3.62800000e-06  0.00000000e+00  3.62800000e-06  0.00000000e+00 
 3.72800000e-06  0.00000000e+00  3.72800000e-06  0.00000000e+00  3.72800000e-06  0.00000000e+00  3.72800000e-06  0.00000000e+00 
 3.82800000e-06  0.00000000e+00  3.82800000e-06  0.00000000e+00  3.82800000e-06  0.00000000e+00  3.82800000e-06  0.00000000e+00 
 3.92800000e-06  0.00000000e+00  3.92800000e-06  0.00000000e+00  3.92800000e-06  0.00000000e+00  3.92800000e-06  0.00000000e+00 
 4.02800000e-06  0.00000000e+00  4.02800000e-06  0.00000000e+00  4.02800000e-06  0.00000000e+00  4.02800000e-06  0.00000000e+00 
 4.12800000e-06  0.00000000e+00  4.12800000e-06  0.00000000e+00  4.12800000e-06  0.00000000e+00  4.12800000e-06  0.00000000e+00 
 4.22800000e-06  0.00000000e+00  4.22800000e-06  0.00000000e+00  4.22800000e-06  0.00000000e+00  4.22800000e-06  0.00000000e+00 
 4.32800000e-06  0.00000000e+00  4.32800000e-06  0.00000000e+00  4.32800000e-06  0.00000000e+00  4.32800000e-06  0.00000000e+00 
 4.42800000e-06  0.00000000e+00  4.42800000e-06  0.00000000e+00  4.42800000e-06  0.00000000e+00  4.42800000e-06  0.00000000e+00 
 4.52800000e-06  0.00000000e+00  4.52800000e-06  0.00000000e+00  4.52800000e-06  0.00000000e+00  4.52800000e-06  0.00000000e+00 
 4.62800000e-06  0.00000000e+00  4.62800000e-06  0.00000000e+00  4.62800000e-06  0.00000000e+00  4.62800000e-06  0.00000000e+00 
 4.72800000e-06  0.00000000e+00  4.72800000e-06  0.00000000e+00  4.72800000e-06  0.00000000e+00  4.72800000e-06  0.00000000e+00 
 4.82800000e-06  0.00000000e+00  4.82800000e-06  0.00000000e+00  4.82800000e-06  0.00000000e+00  4.82800000e-06  0.00000000e+00 
 4.92800000e-06  0.00000000e+00  4.92800000e-06  0.00000000e+00  4.92800000e-06  0.00000000e+00  4.92800000e-06  0.00000000e+00 
 5.02800000e-06  0.00000000e+00  5.02800000e-06  0.00000000e+00  5.02800000e-06  0.00000000e+00  5.02800000e-06  0.00000000e+00 
 5.12800000e-06  0.00000000e+00  5.12800000e-06  0.00000000e+00  5.12800000e-06  0.00000000e+00  5.12800000e-06  0.00000000e+00 
 5.22800000e-06  0.00000000e+00  5.22800000e-06  0.00000000e+00  5.22800000e-06  0.00000000e+00  5.22800000e-06  0.00000000e+00 
 5.32800000e-06  0.00000000e+00  5.32800000e-06  0.00000000e+00  5.32800000e-06  0.00000000e+00  5.32800000e-06  0.00000000e+00 
 5.42800000e-06  0.00000000e+00  5.42800000e-06  0.00000000e+00  5.42800000e-06  0.00000000e+00  5.42800000e-06  0.00000000e+00 
 5.52800000e-06  0.00000000e+00  5.52800000e-06  0.00000000e+00  5.52800000e-06  0.00000000e+00  5.52800000e-06  0.00000000e+00 
 5.62800000e-06  0.00000000e+00  5.62800000e-06  0.00000000e+00  5.62800000e-06  0.00000000e+00  5.62800000e-06  0.00000000e+00 
 5.72800000e-06  0.00000000e+00  5.72800000e-06  0.00000000e+00  5.72800000e-06  0.00000000e+00  5.72800000e-06  0.00000000e+00 
 5.82800000e-06  0.00000000e+00  5.82800000e-06  0.00000000e+00  5.82800000e-06  0.00000000e+00  5.82800000e-06  0.00000000e+00 
 5.92800000e-06  0.00000000e+00  5.92800000e-06  0.00000000e+00  5.92800000e-06  0.00000000e+00  5.92800000e-06  0.00000000e+00 
 6.02800000e-06  0.00000000e+00  6.02800000e-06  0.00000000e+00  6.02800000e-06  0.00000000e+00  6.02800000e-06  0.00000000e+00 
 6.12800000e-06  0.00000000e+00  6.12800000e-06  0.00000000e+00  6.12800000e-06  0.00000000e+00  6.12800000e-06  0.00000000e+00 
 6.22800000e-06  0.00000000e+00  6.22800000e-06  0.00000000e+00  6.22800000e-06  0.00000000e+00  6.22800000e-06  0.00000000e+00 
 6.32800000e-06  0.00000000e+00  6.32800000e-06  0.00000000e+00  6.32800000e-06  0.00000000e+00  6.32800000e-06  0.00000000e+00 
 6.42800000e-06  0.00000000e+00  6.42800000e-06  0.00000000e+00  6.42800000e-06  0.00000000e+00  6.42800000e-06  0.00000000e+00 
 6.52800000e-06  0.00000000e+00  6.52800000e-06  0.00000000e+00  6.52800000e-06  0.00000000e+00  6.52800000e-06  0.00000000e+00 
 6.62800000e-06  0.00000000e+00  6.62800000e-06  0.00000000e+00  6.62800000e-06  0.00000000e+00  6.62800000e-06  0.00000000e+00 
 6.72800000e-06  0.00000000e+00  6.72800000e-06  0.00000000e+00  6.72800000e-06  0.00000000e+00  6.72800000e-06  0.00000000e+00 
 6.82800000e-06  0.00000000e+00  6.82800000e-06  0.00000000e+00  6.82800000e-06  0.00000000e+00  6.82800000e-06  0.00000000e+00 
 6.92800000e-06  0.00000000e+00  6.92800000e-06  0.00000000e+00  6.92800000e-06  0.00000000e+00  6.92800000e-06  0.00000000e+00 
 7.02800000e-06  0.00000000e+00  7.02800000e-06  0.00000000e+00  7.02800000e-06  0.00000000e+00  7.02800000e-06  0.00000000e+00 
 7.12800000e-06  0.00000000e+00  7.12800000e-06  0.00000000e+00  7.12800000e-06  0.00000000e+00  7.12800000e-06  0.00000000e+00 
 7.22800000e-06  0.00000000e+00  7.22800000e-06  0.00000000e+00  7.22800000e-06  0.00000000e+00  7.22800000e-06  0.00000000e+00 
 7.32800000e-06  0.00000000e+00  7.32800000e-06  0.00000000e+00  7.32800000e-06  0.00000000e+00  7.32800000e-06  0.00000000e+00 
 7.42800000e-06  0.00000000e+00  7.42800000e-06  0.00000000e+00  7.42800000e-06  0.00000000e+00  7.42800000e-06  0.00000000e+00 
 7.52800000e-06  0.00000000e+00  7.52800000e-06  0.00000000e+00  7.52800000e-06  0.00000000e+00  7.52800000e-06  0.00000000e+00 
 7.62800000e-06  0.00000000e+00  7.62800000e-06  0.00000000e+00  7.62800000e-06  0.00000000e+00  7.62800000e-06  0.00000000e+00 
 7.72800000e-06  0.00000000e+00  7.72800000e-06  0.00000000e+00  7.72800000e-06  0.00000000e+00  7.72800000e-06  0.00000000e+00 
 7.82800000e-06  0.00000000e+00  7.82800000e-06  0.00000000e+00  7.82800000e-06  0.00000000e+00  7.82800000e-06  0.00000000e+00 
 7.92800000e-06  0.00000000e+00  7.92800000e-06  0.00000000e+00  7.92800000e-06  0.00000000e+00  7.92800000e-06  0.00000000e+00 
 8.02800000e-06  0.00000000e+00  8.02800000e-06  0.00000000e+00  8.02800000e-06  0.00000000e+00  8.02800000e-06  0.00000000e+00 
 8.12800000e-06  0.00000000e+00  8.12800000e-06  0.00000000e+00  8.12800000e-06  0.00000000e+00  8.12800000e-06  0.00000000e+00 
 8.22800000e-06  0.00000000e+00  8.22800000e-06  0.00000000e+00  8.22800000e-06  0.00000000e+00  8.22800000e-06  0.00000000e+00 
 8.32800000e-06  0.00000000e+00  8.32800000e-06  0.00000000e+00  8.32800000e-06  0.00000000e+00  8.32800000e-06  0.00000000e+00 
 8.42800000e-06  0.00000000e+00  8.42800000e-06  0.00000000e+00  8.42800000e-06  0.00000000e+00  8.42800000e-06  0.00000000e+00 
 8.52800000e-06  0.00000000e+00  8.52800000e-06  0.00000000e+00  8.52800000e-06  0.00000000e+00  8.52800000e-06  0.00000000e+00 
 8.62800000e-06  0.00000000e+00  8.62800000e-06  0.00000000e+00  8.62800000e-06  0.00000000e+00  8.62800000e-06  0.00000000e+00 
 8.72800000e-06  0.00000000e+00  8.72800000e-06  0.00000000e+00  8.72800000e-06  0.00000000e+00  8.72800000e-06  0.00000000e+00 
 8.82800000e-06  0.00000000e+00  8.82800000e-06  0.00000000e+00  8.82800000e-06  0.00000000e+00  8.82800000e-06  0.00000000e+00 
 8.92800000e-06  0.00000000e+00  8.92800000e-06  0.00000000e+00  8.92800000e-06  0.00000000e+00  8.92800000e-06  0.00000000e+00 
 9.02800000e-06  0.00000000e+00  9.02800000e-06  0.00000000e+00  9.02800000e-06  0.00000000e+00  9.02800000e-06  0.00000000e+00 
 9.12800000e-06  0.00000000e+00  9.12800000e-06  0.00000000e+00  9.12800000e-06  0.00000000e+00  9.12800000e-06  0.00000000e+00 
 9.22800000e-06  0.00000000e+00  9.22800000e-06  0.00000000e+00  9.22800000e-06  0.00000000e+00  9.22800000e-06  0.00000000e+00 
 9.32800000e-06  0.00000000e+00  9.32800000e-06  0.00000000e+00  9.32800000e-06  0.00000000e+00  9.32800000e-06  0.00000000e+00 
 9.42800000e-06  0.00000000e+00  9.42800000e-06  0.00000000e+00  9.42800000e-06  0.00000000e+00  9.42800000e-06  0.00000000e+00 
 9.52800000e-06  0.00000000e+00  9.52800000e-06  0.00000000e+00  9.52800000e-06  0.00000000e+00  9.52800000e-06  0.00000000e+00 
 9.62800000e-06  0.00000000e+00  9.62800000e-06  0.00000000e+00  9.62800000e-06  0.00000000e+00  9.62800000e-06  0.00000000e+00 
 9.72800000e-06  0.00000000e+00  9.72800000e-06  0.00000000e+00  9.72800000e-06  0.00000000e+00  9.72800000e-06  0.00000000e+00 
 9.82800000e-06  0.00000000e+00  9.82800000e-06  0.00000000e+00  9.82800000e-06  0.00000000e+00  9.82800000e-06  0.00000000e+00 
 9.91400000e-06  0.00000000e+00  9.91400000e-06  0.00000000e+00  9.91400000e-06  0.00000000e+00  9.91400000e-06  0.00000000e+00 
 1.00000000e-05  0.00000000e+00  1.00000000e-05  0.00000000e+00  1.00000000e-05  0.00000000e+00  1.00000000e-05  0.00000000e+00 
 1.00013440e-05  4.88728651e-07  1.00013440e-05  2.68800000e-03  1.00013440e-05  8.17197750e-05  1.00013440e-05  2.35245411e-06 
 1.00040320e-05  4.21159848e-06  1.00040320e-05  8.06400000e-03  1.00040320e-05  4.08515345e-04  1.00040320e-05  1.61938953e-05 
 1.00082244e-05  3.64176907e-05  1.00082244e-05  1.64487028e-02  1.00082244e-05  1.56909735e-03  1.00082244e-05  9.93947056e-05 
 1.00132139e-05  1.68405953e-04  1.00132139e-05  2.64277621e-02  1.00132139e-05  3.97759444e-03  1.00132139e-05  3.61610449e-04 
 1.00191540e-05  5.58785616e-04  1.00191540e-05  3.83080488e-02  1.00191540e-05  8.27872165e-03  1.00191540e-05  1.00450210e-03 
 1.00279392e-05  1.82639607e-03  1.00279392e-05  5.58783344e-02  1.00279392e-05  1.74018484e-02  1.00279392e-05  2.80717505e-03 
 1.00419926e-05  6.07897279e-03  1.00419926e-05  8.39852334e-02  1.00419926e-05  3.83799033e-02  1.00419926e-05  8.19982669e-03 
 1.00675902e-05  2.18053837e-02  1.00675902e-05  1.35180493e-01  1.00675902e-05  9.37680924e-02  1.00675902e-05  2.64697806e-02 
 1.01187855e-05  8.04331613e-02  1.01187855e-05  2.37571013e-01  1.01187855e-05  2.50428785e-01  1.01187855e-05  9.05524850e-02 
 1.02030820e-05  2.23994681e-01  1.02030820e-05  4.06163906e-01  1.02030820e-05  5.73977269e-01  1.02030820e-05  2.42394142e-01 
 1.03030820e-05  4.21284081e-01  1.03030820e-05  6.06163906e-01  1.03030820e-05  9.89173444e-01  1.03030820e-05  4.48496276e-01 
 1.04030820e-05  6.21759937e-01  1.04030820e-05  8.06163906e-01  1.04030820e-05  1.40688819e+00  1.04030820e-05  6.57550626e-01 
 1.05030820e-05  8.21754414e-01  1.05030820e-05  1.00616391e+00  1.05030820e-05  1.82406144e+00  1.05030820e-05  8.66143377e-01 
 1.06030820e-05  1.02174206e+00  1.06030820e-05  1.20616391e+00  1.06030820e-05  2.24124548e+00  1.06030820e-05  1.07473137e+00 
 1.07030820e-05  1.22173873e+00  1.07030820e-05  1.40616391e+00  1.07030820e-05  2.65843782e+00  1.07030820e-05  1.28332783e+00 
 1.08030820e-05  1.42173462e+00  1.08030820e-05  1.60616391e+00  1.08030820e-05  3.07562913e+00  1.08030820e-05  1.49192353e+00 
 1.09030820e-05  1.62173042e+00  1.09030820e-05  1.80616391e+00  1.09030820e-05  3.49282041e+00  1.09030820e-05  1.70051916e+00 
 1.10000000e-05  1.81556247e+00  1.10000000e-05  2.00000000e+00  1.10000000e-05  3.89715407e+00  1.10000000e-05  1.90268599e+00 
 1.10100000e-05  1.83510246e+00  1.10100000e-05  2.00000000e+00  1.10100000e-05  3.93445230e+00  1.10100000e-05  1.92285479e+00 
 1.10300000e-05  1.87238776e+00  1.10300000e-05  2.00000000e+00  1.10300000e-05  4.00061303e+00  1.10300000e-05  1.96092451e+00 
 1.10700000e-05  1.93125415e+00  1.10700000e-05  2.00000000e+00  1.10700000e-05  4.08942624e+00  1.10700000e-05  2.01957719e+00 
 1.11500000e-05  1.98865428e+00  1.11500000e-05  2.00000000e+00  1.11500000e-05  4.16183264e+00  1.11500000e-05  2.07536755e+00 
 1.12500000e-05  2.00109794e+00  1.12500000e-05  2.00000000e+00  1.12500000e-05  4.17333086e+00  1.12500000e-05  2.08706661e+00 
 1.13500000e-05  2.00004328e+00  1.13500000e-05  2.00000000e+00  1.13500000e-05  4.17194549e+00  1.13500000e-05  2.08602838e+00 
 1.14500000e-05  1.99992690e+00  1.14500000e-05  2.00000000e+00  1.14500000e-05  4.17188484e+00  1.14500000e-05  2.08593005e+00 
 1.15500000e-05  1.99996257e+00  1.15500000e-05  2.00000000e+00  1.15500000e-05  4.17191548e+00  1.15500000e-05  2.08595787e+00 
 1.16500000e-05  1.99995618e+00  1.16500000e-05  2.00000000e+00  1.16500000e-05  4.17191300e+00  1.16500000e-05  2.08595683e+00 
 1.17500000e-05  1.99996029e+00  1.17500000e-05  2.00000000e+00  1.17500000e-05  4.17191310e+00  1.17500000e-05  2.08595641e+00 
 1.18500000e-05  1.99995653e+00  1.18500000e-05  2.00000000e+00  1.18500000e-05  4.17191281e+00  1.18500000e-05  2.08595651e+00 
 1.19500000e-05  1.99995977e+00  1.19500000e-05  2.00000000e+00  1.19500000e-05  4.17191311e+00  1.19500000e-05  2.08595647e+00 
 1.20500000e-05  1.99995702e+00  1.20500000e-05  2.00000000e+00  1.20500000e-05  4.17191286e+00  1.20500000e-05  2.08595650e+00 
 1.21500000e-05  1.99995935e+00  1.21500000e-05  2.00000000e+00  1.21500000e-05  4.17191307e+00  1.21500000e-05  2.08595648e+00 
 1.22500000e-05  1.99995738e+00  1.22500000e-05  2.00000000e+00  1.22500000e-05  4.17191289e+00  1.22500000e-05  2.08595650e+00 
 1.23500000e-05  1.99995905e+00  1.23500000e-05  2.00000000e+00  1.23500000e-05  4.17191305e+00  1.23500000e-05  2.08595648e+00 
 1.24500000e-05  1.99995763e+00  1.24500000e-05  2.00000000e+00  1.24500000e-05  4.17191291e+00  1.24500000e-05  2.08595649e+00 
 1.25500000e-05  1.99995883e+00  1.25500000e-05  2.00000000e+00  1.25500000e-05  4.17191303e+00  1.25500000e-05  2.08595648e+00 
 1.26500000e-05  1.99995781e+00  1.26500000e-05  2.00000000e+00  1.26500000e-05  4.17191293e+00  1.26500000e-05  2.08595649e+00 
 1.27500000e-05  1.99995868e+00  1.27500000e-05  2.00000000e+00  1.27500000e-05  4.17191301e+00  1.27500000e-05  2.08595648e+00 
 1.28500000e-05  1.99995795e+00  1.28500000e-05  2.00000000e+00  1.28500000e-05  4.17191294e+00  1.28500000e-05  2.08595649e+00 
 1.29500000e-05  1.99995856e+00  1.29500000e-05  2.00000000e+00  1.29500000e-05  4.17191300e+00  1.29500000e-05  2.08595648e+00 
 1.30500000e-05  1.99995804e+00  1.30500000e-05  2.00000000e+00  1.30500000e-05  4.17191295e+00  1.30500000e-05  2.08595649e+00 
 1.31500000e-05  1.99995848e+00  1.31500000e-05  2.00000000e+00  1.31500000e-05  4.17191299e+00  1.31500000e-05  2.08595648e+00 
 1.32500000e-05  1.99995811e+00  1.32500000e-05  2.00000000e+00  1.32500000e-05  4.17191296e+00  1.32500000e-05  2.08595649e+00 
 1.33500000e-05  1.99995843e+00  1.33500000e-05  2.00000000e+00  1.33500000e-05  4.17191299e+00  1.33500000e-05  2.08595649e+00 
 1.34500000e-05  1.99995816e+00  1.34500000e-05  2.00000000e+00  1.34500000e-05  4.17191296e+00  1.34500000e-05  2.08595649e+00 
 1.35500000e-05  1.99995839e+00  1.35500000e-05  2.00000000e+00  1.35500000e-05  4.17191298e+00  1.35500000e-05  2.08595649e+00 
 1.36500000e-05  1.99995819e+00  1.36500000e-05  2.00000000e+00  1.36500000e-05  4.17191297e+00  1.36500000e-05  2.08595649e+00 
 1.37500000e-05  1.99995836e+00  1.37500000e-05  2.00000000e+00  1.37500000e-05  4.17191298e+00  1.37500000e-05  2.08595649e+00 
 1.38500000e-05  1.99995822e+00  1.38500000e-05  2.00000000e+00  1.38500000e-05  4.17191297e+00  1.38500000e-05  2.08595649e+00 
 1.39500000e-05  1.99995834e+00  1.39500000e-05  2.00000000e+00  1.39500000e-05  4.17191298e+00  1.39500000e-05  2.08595649e+00 
 1.40500000e-05  1.99995823e+00  1.40500000e-05  2.00000000e+00  1.40500000e-05  4.17191297e+00  1.40500000e-05  2.08595649e+00 
 1.41500000e-05  1.99995832e+00  1.41500000e-05  2.00000000e+00  1.41500000e-05  4.17191298e+00  1.41500000e-05  2.08595649e+00 
 1.42500000e-05  1.99995825e+00  1.42500000e-05  2.00000000e+00  1.42500000e-05  4.17191297e+00  1.42500000e-05  2.08595649e+00 
 1.43500000e-05  1.99995831e+00  1.43500000e-05  2.00000000e+00  1.43500000e-05  4.17191298e+00  1.43500000e-05  2.08595649e+00 
 1.44500000e-05  1.99995826e+00  1.44500000e-05  2.00000000e+00  1.44500000e-05  4.17191297e+00  1.44500000e-05  2.08595649e+00 
 1.45500000e-05  1.99995830e+00  1.45500000e-05  2.00000000e+00  1.45500000e-05  4.17191298e+00  1.45500000e-05  2.08595649e+00 
 1.46500000e-05  1.99995826e+00  1.46500000e-05  2.00000000e+00  1.46500000e-05  4.17191297e+00  1.46500000e-05  2.08595649e+00 
 1.47500000e-05  1.99995830e+00  1.47500000e-05  2.00000000e+00  1.47500000e-05  4.17191298e+00  1.47500000e-05  2.08595649e+00 
 1.48500000e-05  1.99995827e+00  1.48500000e-05  2.00000000e+00  1.48500000e-05  4.17191297e+00  1.48500000e-05  2.08595649e+00 
 1.49500000e-05  1.99995829e+00  1.49500000e-05  2.00000000e+00  1.49500000e-05  4.17191297e+00  1.49500000e-05  2.08595649e+00 
 1.50500000e-05  1.99995827e+00  1.50500000e-05  2.00000000e+00  1.50500000e-05  4.17191297e+00  1.50500000e-05  2.08595649e+00 
 1.51500000e-05  1.99995829e+00  1.51500000e-05  2.00000000e+00  1.51500000e-05  4.17191297e+00  1.51500000e-05  2.08595649e+00 
 1.52500000e-05  1.99995827e+00  1.52500000e-05  2.00000000e+00  1.52500000e-05  4.17191297e+00  1.52500000e-05  2.08595649e+00 
 1.53500000e-05  1.99995829e+00  1.53500000e-05  2.00000000e+00  1.53500000e-05  4.17191297e+00  1.53500000e-05  2.08595649e+00 
 1.54500000e-05  1.99995828e+00  1.54500000e-05  2.00000000e+00  1.54500000e-05  4.17191297e+00  1.54500000e-05  2.08595649e+00 
 1.55500000e-05  1.99995828e+00  1.55500000e-05  2.00000000e+00  1.55500000e-05  4.17191297e+00  1.55500000e-05  2.08595649e+00 
 1.56500000e-05  1.99995828e+00  1.56500000e-05  2.00000000e+00  1.56500000e-05  4.17191297e+00  1.56500000e-05  2.08595649e+00 
 1.57500000e-05  1.99995828e+00  1.57500000e-05  2.00000000e+00  1.57500000e-05  4.17191297e+00  1.57500000e-05  2.08595649e+00 
 1.58500000e-05  1.99995828e+00  1.58500000e-05  2.00000000e+00  1.58500000e-05  4.17191297e+00  1.58500000e-05  2.08595649e+00 
 1.59500000e-05  1.99995828e+00  1.59500000e-05  2.00000000e+00  1.59500000e-05  4.17191297e+00  1.59500000e-05  2.08595649e+00 
 1.60500000e-05  1.99995828e+00  1.60500000e-05  2.00000000e+00  1.60500000e-05  4.17191297e+00  1.60500000e-05  2.08595649e+00 
 1.61500000e-05  1.99995828e+00  1.61500000e-05  2.00000000e+00  1.61500000e-05  4.17191297e+00  1.61500000e-05  2.08595649e+00 
 1.62500000e-05  1.99995828e+00  1.62500000e-05  2.00000000e+00  1.62500000e-05  4.17191297e+00  1.62500000e-05  2.08595649e+00 
 1.63500000e-05  1.99995828e+00  1.63500000e-05  2.00000000e+00  1.63500000e-05  4.17191297e+00  1.63500000e-05  2.08595649e+00 
 1.64500000e-05  1.99995828e+00  1.64500000e-05  2.00000000e+00  1.64500000e-05  4.17191297e+00  1.64500000e-05  2.08595649e+00 
 1.65500000e-05  1.99995828e+00  1.65500000e-05  2.00000000e+00  1.65500000e-05  4.17191297e+00  1.65500000e-05  2.08595649e+00 
 1.66500000e-05  1.99995828e+00  1.66500000e-05  2.00000000e+00  1.66500000e-05  4.17191297e+00  1.66500000e-05  2.08595649e+00 
 1.67500000e-05  1.99995828e+00  1.67500000e-05  2.00000000e+00  1.67500000e-05  4.17191297e+00  1.67500000e-05  2.08595649e+00 
 1.68500000e-05  1.99995828e+00  1.68500000e-05  2.00000000e+00  1.68500000e-05  4.17191297e+00  1.68500000e-05  2.08595649e+00 
 1.69500000e-05  1.99995828e+00  1.69500000e-05  2.00000000e+00  1.69500000e-05  4.17191297e+00  1.69500000e-05  2.08595649e+00 
 1.70500000e-05  1.99995828e+00  1.70500000e-05  2.00000000e+00  1.70500000e-05  4.17191297e+00  1.70500000e-05  2.08595649e+00 
 1.71500000e-05  1.99995828e+00  1.71500000e-05  2.00000000e+00  1.71500000e-05  4.17191297e+00  1.71500000e-05  2.08595649e+00 
 1.72500000e-05  1.99995828e+00  1.72500000e-05  2.00000000e+00  1.72500000e-05  4.17191297e+00  1.72500000e-05  2.08595649e+00 
 1.73500000e-05  1.99995828e+00  1.73500000e-05  2.00000000e+00  1.73500000e-05  4.17191297e+00  1.73500000e-05  2.08595649e+00 
 1.74500000e-05  1.99995828e+00  1.74500000e-05  2.00000000e+00  1.74500000e-05  4.17191297e+00  1.74500000e-05  2.08595649e+00 
 1.75500000e-05  1.99995828e+00  1.75500000e-05  2.00000000e+00  1.75500000e-05  4.17191297e+00  1.75500000e-05  2.08595649e+00 
 1.76500000e-05  1.99995828e+00  1.76500000e-05  2.00000000e+00  1.76500000e-05  4.17191297e+00  1.76500000e-05  2.08595649e+00 
 1.77500000e-05  1.99995828e+00  1.77500000e-05  2.00000000e+00  1.77500000e-05  4.17191297e+00  1.77500000e-05  2.08595649e+00 
 1.78500000e-05  1.99995828e+00  1.78500000e-05  2.00000000e+00  1.78500000e-05  4.17191297e+00  1.78500000e-05  2.08595649e+00 
 1.79500000e-05  1.99995828e+00  1.79500000e-05  2.00000000e+00  1.79500000e-05  4.17191297e+00  1.79500000e-05  2.08595649e+00 
 1.80500000e-05  1.99995828e+00  1.80500000e-05  2.00000000e+00  1.80500000e-05  4.17191297e+00  1.80500000e-05  2.08595649e+00 
 1.81500000e-05  1.99995828e+00  1.81500000e-05  2.00000000e+00  1.81500000e-05  4.17191297e+00  1.81500000e-05  2.08595649e+00 
 1.82500000e-05  1.99995828e+00  1.82500000e-05  2.00000000e+00  1.82500000e-05  4.17191297e+00  1.82500000e-05  2.08595649e+00 
 1.83500000e-05  1.99995828e+00  1.83500000e-05  2.00000000e+00  1.83500000e-05  4.17191297e+00  1.83500000e-05  2.08595649e+00 
 1.84500000e-05  1.99995828e+00  1.84500000e-05  2.00000000e+00  1.84500000e-05  4.17191297e+00  1.84500000e-05  2.08595649e+00 
 1.85500000e-05  1.99995828e+00  1.85500000e-05  2.00000000e+00  1.85500000e-05  4.17191297e+00  1.85500000e-05  2.08595649e+00 
 1.86500000e-05  1.99995828e+00  1.86500000e-05  2.00000000e+00  1.86500000e-05  4.17191297e+00  1.86500000e-05  2.08595649e+00 
 1.87500000e-05  1.99995828e+00  1.87500000e-05  2.00000000e+00  1.87500000e-05  4.17191297e+00  1.87500000e-05  2.08595649e+00 
 1.88500000e-05  1.99995828e+00  1.88500000e-05  2.00000000e+00  1.88500000e-05  4.17191297e+00  1.88500000e-05  2.08595649e+00 
 1.89500000e-05  1.99995828e+00  1.89500000e-05  2.00000000e+00  1.89500000e-05  4.17191297e+00  1.89500000e-05  2.08595649e+00 
 1.90500000e-05  1.99995828e+00  1.90500000e-05  2.00000000e+00  1.90500000e-05  4.17191297e+00  1.90500000e-05  2.08595649e+00 
 1.91500000e-05  1.99995828e+00  1.91500000e-05  2.00000000e+00  1.91500000e-05  4.17191297e+00  1.91500000e-05  2.08595649e+00 
 1.92500000e-05  1.99995828e+00  1.92500000e-05  2.00000000e+00  1.92500000e-05  4.17191297e+00  1.92500000e-05  2.08595649e+00 
 1.93500000e-05  1.99995828e+00  1.93500000e-05  2.00000000e+00  1.93500000e-05  4.17191297e+00  1.93500000e-05  2.08595649e+00 
 1.94500000e-05  1.99995828e+00  1.94500000e-05  2.00000000e+00  1.94500000e-05  4.17191297e+00  1.94500000e-05  2.08595649e+00 
 1.95500000e-05  1.99995828e+00  1.95500000e-05  2.00000000e+00  1.95500000e-05  4.17191297e+00  1.95500000e-05  2.08595649e+00 
 1.96500000e-05  1.99995828e+00  1.96500000e-05  2.00000000e+00  1.96500000e-05  4.17191297e+00  1.96500000e-05  2.08595649e+00 
 1.97500000e-05  1.99995828e+00  1.97500000e-05  2.00000000e+00  1.97500000e-05  4.17191297e+00  1.97500000e-05  2.08595649e+00 
 1.98500000e-05  1.99995828e+00  1.98500000e-05  2.00000000e+00  1.98500000e-05  4.17191297e+00  1.98500000e-05  2.08595649e+00 
 1.99500000e-05  1.99995828e+00  1.99500000e-05  2.00000000e+00  1.99500000e-05  4.17191297e+00  1.99500000e-05  2.08595649e+00 
 2.00500000e-05  1.99995828e+00  2.00500000e-05  2.00000000e+00  2.00500000e-05  4.17191297e+00  2.00500000e-05  2.08595649e+00 
 2.01500000e-05  1.99995828e+00  2.01500000e-05  2.00000000e+00  2.01500000e-05  4.17191297e+00  2.01500000e-05  2.08595649e+00 
 2.02500000e-05  1.99995828e+00  2.02500000e-05  2.00000000e+00  2.02500000e-05  4.17191297e+00  2.02500000e-05  2.08595649e+00 
 2.03500000e-05  1.99995828e+00  2.03500000e-05  2.00000000e+00  2.03500000e-05  4.17191297e+00  2.03500000e-05  2.08595649e+00 
 2.04500000e-05  1.99995828e+00  2.04500000e-05  2.00000000e+00  2.04500000e-05  4.17191297e+00  2.04500000e-05  2.08595649e+00 
 2.05500000e-05  1.99995828e+00  2.05500000e-05  2.00000000e+00  2.05500000e-05  4.17191297e+00  2.05500000e-05  2.08595649e+00 
 2.06500000e-05  1.99995828e+00  2.06500000e-05  2.00000000e+00  2.06500000e-05  4.17191297e+00  2.06500000e-05  2.08595649e+00 
 2.07500000e-05  1.99995828e+00  2.07500000e-05  2.00000000e+00  2.07500000e-05  4.17191297e+00  2.07500000e-05  2.08595649e+00 
 2.08500000e-05  1.99995828e+00  2.08500000e-05  2.00000000e+00  2.08500000e-05  4.17191297e+00  2.08500000e-05  2.08595649e+00 
 2.09500000e-05  1.99995828e+00  2.09500000e-05  2.00000000e+00  2.09500000e-05  4.17191297e+00  2.09500000e-05  2.08595649e+00 
 2.10500000e-05  1.99995828e+00  2.10500000e-05  2.00000000e+00  2.10500000e-05  4.17191297e+00  2.10500000e-05  2.08595649e+00 
 2.11500000e-05  1.99995828e+00  2.11500000e-05  2.00000000e+00  2.11500000e-05  4.17191297e+00  2.11500000e-05  2.08595649e+00 
 2.12500000e-05  1.99995828e+00  2.12500000e-05  2.00000000e+00  2.12500000e-05  4.17191297e+00  2.12500000e-05  2.08595649e+00 
 2.13500000e-05  1.99995828e+00  2.13500000e-05  2.00000000e+00  2.13500000e-05  4.17191297e+00  2.13500000e-05  2.08595649e+00 
 2.14500000e-05  1.99995828e+00  2.14500000e-05  2.00000000e+00  2.14500000e-05  4.17191297e+00  2.14500000e-05  2.08595649e+00 
 2.15500000e-05  1.99995828e+00  2.15500000e-05  2.00000000e+00  2.15500000e-05  4.17191297e+00  2.15500000e-05  2.08595649e+00 
 2.16500000e-05  1.99995828e+00  2.16500000e-05  2.00000000e+00  2.16500000e-05  4.17191297e+00  2.16500000e-05  2.08595649e+00 
 2.17500000e-05  1.99995828e+00  2.17500000e-05  2.00000000e+00  2.17500000e-05  4.17191297e+00  2.17500000e-05  2.08595649e+00 
 2.18500000e-05  1.99995828e+00  2.18500000e-05  2.00000000e+00  2.18500000e-05  4.17191297e+00  2.18500000e-05  2.08595649e+00 
 2.19500000e-05  1.99995828e+00  2.19500000e-05  2.00000000e+00  2.19500000e-05  4.17191297e+00  2.19500000e-05  2.08595649e+00 
 2.20500000e-05  1.99995828e+00  2.20500000e-05  2.00000000e+00  2.20500000e-05  4.17191297e+00  2.20500000e-05  2.08595649e+00 
 2.21500000e-05  1.99995828e+00  2.21500000e-05  2.00000000e+00  2.21500000e-05  4.17191297e+00  2.21500000e-05  2.08595649e+00 
 2.22500000e-05  1.99995828e+00  2.22500000e-05  2.00000000e+00  2.22500000e-05  4.17191297e+00  2.22500000e-05  2.08595649e+00 
 2.23500000e-05  1.99995828e+00  2.23500000e-05  2.00000000e+00  2.23500000e-05  4.17191297e+00  2.23500000e-05  2.08595649e+00 
 2.24500000e-05  1.99995828e+00  2.24500000e-05  2.00000000e+00  2.24500000e-05  4.17191297e+00  2.24500000e-05  2.08595649e+00 
 2.25500000e-05  1.99995828e+00  2.25500000e-05  2.00000000e+00  2.25500000e-05  4.17191297e+00  2.25500000e-05  2.08595649e+00 
 2.26500000e-05  1.99995828e+00  2.26500000e-05  2.00000000e+00  2.26500000e-05  4.17191297e+00  2.26500000e-05  2.08595649e+00 
 2.27500000e-05  1.99995828e+00  2.27500000e-05  2.00000000e+00  2.27500000e-05  4.17191297e+00  2.27500000e-05  2.08595649e+00 
 2.28500000e-05  1.99995828e+00  2.28500000e-05  2.00000000e+00  2.28500000e-05  4.17191297e+00  2.28500000e-05  2.08595649e+00 
 2.29500000e-05  1.99995828e+00  2.29500000e-05  2.00000000e+00  2.29500000e-05  4.17191297e+00  2.29500000e-05  2.08595649e+00 
 2.30500000e-05  1.99995828e+00  2.30500000e-05  2.00000000e+00  2.30500000e-05  4.17191297e+00  2.30500000e-05  2.08595649e+00 
 2.31500000e-05  1.99995828e+00  2.31500000e-05  2.00000000e+00  2.31500000e-05  4.17191297e+00  2.31500000e-05  2.08595649e+00 
 2.32500000e-05  1.99995828e+00  2.32500000e-05  2.00000000e+00  2.32500000e-05  4.17191297e+00  2.32500000e-05  2.08595649e+00 
 2.33500000e-05  1.99995828e+00  2.33500000e-05  2.00000000e+00  2.33500000e-05  4.17191297e+00  2.33500000e-05  2.08595649e+00 
 2.34500000e-05  1.99995828e+00  2.34500000e-05  2.00000000e+00  2.34500000e-05  4.17191297e+00  2.34500000e-05  2.08595649e+00 
 2.35500000e-05  1.99995828e+00  2.35500000e-05  2.00000000e+00  2.35500000e-05  4.17191297e+00  2.35500000e-05  2.08595649e+00 
 2.36500000e-05  1.99995828e+00  2.36500000e-05  2.00000000e+00  2.36500000e-05  4.17191297e+00  2.36500000e-05  2.08595649e+00 
 2.37500000e-05  1.99995828e+00  2.37500000e-05  2.00000000e+00  2.37500000e-05  4.17191297e+00  2.37500000e-05  2.08595649e+00 
 2.38500000e-05  1.99995828e+00  2.38500000e-05  2.00000000e+00  2.38500000e-05  4.17191297e+00  2.38500000e-05  2.08595649e+00 
 2.39500000e-05  1.99995828e+00  2.39500000e-05  2.00000000e+00  2.39500000e-05  4.17191297e+00  2.39500000e-05  2.08595649e+00 
 2.40500000e-05  1.99995828e+00  2.40500000e-05  2.00000000e+00  2.40500000e-05  4.17191297e+00  2.40500000e-05  2.08595649e+00 
 2.41500000e-05  1.99995828e+00  2.41500000e-05  2.00000000e+00  2.41500000e-05  4.17191297e+00  2.41500000e-05  2.08595649e+00 
 2.42500000e-05  1.99995828e+00  2.42500000e-05  2.00000000e+00  2.42500000e-05  4.17191297e+00  2.42500000e-05  2.08595649e+00 
 2.43500000e-05  1.99995828e+00  2.43500000e-05  2.00000000e+00  2.43500000e-05  4.17191297e+00  2.43500000e-05  2.08595649e+00 
 2.44500000e-05  1.99995828e+00  2.44500000e-05  2.00000000e+00  2.44500000e-05  4.17191297e+00  2.44500000e-05  2.08595649e+00 
 2.45500000e-05  1.99995828e+00  2.45500000e-05  2.00000000e+00  2.45500000e-05  4.17191297e+00  2.45500000e-05  2.08595649e+00 
 2.46500000e-05  1.99995828e+00  2.46500000e-05  2.00000000e+00  2.46500000e-05  4.17191297e+00  2.46500000e-05  2.08595649e+00 
 2.47500000e-05  1.99995828e+00  2.47500000e-05  2.00000000e+00  2.47500000e-05  4.17191297e+00  2.47500000e-05  2.08595649e+00 
 2.48500000e-05  1.99995828e+00  2.48500000e-05  2.00000000e+00  2.48500000e-05  4.17191297e+00  2.48500000e-05  2.08595649e+00 
 2.49500000e-05  1.99995828e+00  2.49500000e-05  2.00000000e+00  2.49500000e-05  4.17191297e+00  2.49500000e-05  2.08595649e+00 
 2.50500000e-05  1.99995828e+00  2.50500000e-05  2.00000000e+00  2.50500000e-05  4.17191297e+00  2.50500000e-05  2.08595649e+00 
 2.51500000e-05  1.99995828e+00  2.51500000e-05  2.00000000e+00  2.51500000e-05  4.17191297e+00  2.51500000e-05  2.08595649e+00 
 2.52500000e-05  1.99995828e+00  2.52500000e-05  2.00000000e+00  2.52500000e-05  4.17191297e+00  2.52500000e-05  2.08595649e+00 
 2.53500000e-05  1.99995828e+00  2.53500000e-05  2.00000000e+00  2.53500000e-05  4.17191297e+00  2.53500000e-05  2.08595649e+00 
 2.54500000e-05  1.99995828e+00  2.54500000e-05  2.00000000e+00  2.54500000e-05  4.17191297e+00  2.54500000e-05  2.08595649e+00 
 2.55500000e-05  1.99995828e+00  2.55500000e-05  2.00000000e+00  2.55500000e-05  4.17191297e+00  2.55500000e-05  2.08595649e+00 
 2.56500000e-05  1.99995828e+00  2.56500000e-05  2.00000000e+00  2.56500000e-05  4.17191297e+00  2.56500000e-05  2.08595649e+00 
 2.57500000e-05  1.99995828e+00  2.57500000e-05  2.00000000e+00  2.57500000e-05  4.17191297e+00  2.57500000e-05  2.08595649e+00 
 2.58500000e-05  1.99995828e+00  2.58500000e-05  2.00000000e+00  2.58500000e-05  4.17191297e+00  2.58500000e-05  2.08595649e+00 
 2.59500000e-05  1.99995828e+00  2.59500000e-05  2.00000000e+00  2.59500000e-05  4.17191297e+00  2.59500000e-05  2.08595649e+00 
 2.60500000e-05  1.99995828e+00  2.60500000e-05  2.00000000e+00  2.60500000e-05  4.17191297e+00  2.60500000e-05  2.08595649e+00 
 2.61500000e-05  1.99995828e+00  2.61500000e-05  2.00000000e+00  2.61500000e-05  4.17191297e+00  2.61500000e-05  2.08595649e+00 
 2.62500000e-05  1.99995828e+00  2.62500000e-05  2.00000000e+00  2.62500000e-05  4.17191297e+00  2.62500000e-05  2.08595649e+00 
 2.63500000e-05  1.99995828e+00  2.63500000e-05  2.00000000e+00  2.63500000e-05  4.17191297e+00  2.63500000e-05  2.08595649e+00 
 2.64500000e-05  1.99995828e+00  2.64500000e-05  2.00000000e+00  2.64500000e-05  4.17191297e+00  2.64500000e-05  2.08595649e+00 
 2.65500000e-05  1.99995828e+00  2.65500000e-05  2.00000000e+00  2.65500000e-05  4.17191297e+00  2.65500000e-05  2.08595649e+00 
 2.66500000e-05  1.99995828e+00  2.66500000e-05  2.00000000e+00  2.66500000e-05  4.17191297e+00  2.66500000e-05  2.08595649e+00 
 2.67500000e-05  1.99995828e+00  2.67500000e-05  2.00000000e+00  2.67500000e-05  4.17191297e+00  2.67500000e-05  2.08595649e+00 
 2.68500000e-05  1.99995828e+00  2.68500000e-05  2.00000000e+00  2.68500000e-05  4.17191297e+00  2.68500000e-05  2.08595649e+00 
 2.69500000e-05  1.99995828e+00  2.69500000e-05  2.00000000e+00  2.69500000e-05  4.17191297e+00  2.69500000e-05  2.08595649e+00 
 2.70500000e-05  1.99995828e+00  2.70500000e-05  2.00000000e+00  2.70500000e-05  4.17191297e+00  2.70500000e-05  2.08595649e+00 
 2.71500000e-05  1.99995828e+00  2.71500000e-05  2.00000000e+00  2.71500000e-05  4.17191297e+00  2.71500000e-05  2.08595649e+00 
 2.72500000e-05  1.99995828e+00  2.72500000e-05  2.00000000e+00  2.72500000e-05  4.17191297e+00  2.72500000e-05  2.08595649e+00 
 2.73500000e-05  1.99995828e+00  2.73500000e-05  2.00000000e+00  2.73500000e-05  4.17191297e+00  2.73500000e-05  2.08595649e+00 
 2.74500000e-05  1.99995828e+00  2.74500000e-05  2.00000000e+00  2.74500000e-05  4.17191297e+00  2.74500000e-05  2.08595649e+00 
 2.75500000e-05  1.99995828e+00  2.75500000e-05  2.00000000e+00  2.75500000e-05  4.17191297e+00  2.75500000e-05  2.08595649e+00 
 2.76500000e-05  1.99995828e+00  2.76500000e-05  2.00000000e+00  2.76500000e-05  4.17191297e+00  2.76500000e-05  2.08595649e+00 
 2.77500000e-05  1.99995828e+00  2.77500000e-05  2.00000000e+00  2.77500000e-05  4.17191297e+00  2.77500000e-05  2.08595649e+00 
 2.78500000e-05  1.99995828e+00  2.78500000e-05  2.00000000e+00  2.78500000e-05  4.17191297e+00  2.78500000e-05  2.08595649e+00 
 2.79500000e-05  1.99995828e+00  2.79500000e-05  2.00000000e+00  2.79500000e-05  4.17191297e+00  2.79500000e-05  2.08595649e+00 
 2.80500000e-05  1.99995828e+00  2.80500000e-05  2.00000000e+00  2.80500000e-05  4.17191297e+00  2.80500000e-05  2.08595649e+00 
 2.81500000e-05  1.99995828e+00  2.81500000e-05  2.00000000e+00  2.81500000e-05  4.17191297e+00  2.81500000e-05  2.08595649e+00 
 2.82500000e-05  1.99995828e+00  2.82500000e-05  2.00000000e+00  2.82500000e-05  4.17191297e+00  2.82500000e-05  2.08595649e+00 
 2.83500000e-05  1.99995828e+00  2.83500000e-05  2.00000000e+00  2.83500000e-05  4.17191297e+00  2.83500000e-05  2.08595649e+00 
 2.84500000e-05  1.99995828e+00  2.84500000e-05  2.00000000e+00  2.84500000e-05  4.17191297e+00  2.84500000e-05  2.08595649e+00 
 2.85500000e-05  1.99995828e+00  2.85500000e-05  2.00000000e+00  2.85500000e-05  4.17191297e+00  2.85500000e-05  2.08595649e+00 
 2.86500000e-05  1.99995828e+00  2.86500000e-05  2.00000000e+00  2.86500000e-05  4.17191297e+00  2.86500000e-05  2.08595649e+00 
 2.87500000e-05  1.99995828e+00  2.87500000e-05  2.00000000e+00  2.87500000e-05  4.17191297e+00  2.87500000e-05  2.08595649e+00 
 2.88500000e-05  1.99995828e+00  2.88500000e-05  2.00000000e+00  2.88500000e-05  4.17191297e+00  2.88500000e-05  2.08595649e+00 
 2.89500000e-05  1.99995828e+00  2.89500000e-05  2.00000000e+00  2.89500000e-05  4.17191297e+00  2.89500000e-05  2.08595649e+00 
 2.90500000e-05  1.99995828e+00  2.90500000e-05  2.00000000e+00  2.90500000e-05  4.17191297e+00  2.90500000e-05  2.08595649e+00 
 2.91500000e-05  1.99995828e+00  2.91500000e-05  2.00000000e+00  2.91500000e-05  4.17191297e+00  2.91500000e-05  2.08595649e+00 
 2.92500000e-05  1.99995828e+00  2.92500000e-05  2.00000000e+00  2.92500000e-05  4.17191297e+00  2.92500000e-05  2.08595649e+00 
 2.93500000e-05  1.99995828e+00  2.93500000e-05  2.00000000e+00  2.93500000e-05  4.17191297e+00  2.93500000e-05  2.08595649e+00 
 2.94500000e-05  1.99995828e+00  2.94500000e-05  2.00000000e+00  2.94500000e-05  4.17191297e+00  2.94500000e-05  2.08595649e+00 
 2.95500000e-05  1.99995828e+00  2.95500000e-05  2.00000000e+00  2.95500000e-05  4.17191297e+00  2.95500000e-05  2.08595649e+00 
 2.96500000e-05  1.99995828e+00  2.96500000e-05  2.00000000e+00  2.96500000e-05  4.17191297e+00  2.96500000e-05  2.08595649e+00 
 2.97500000e-05  1.99995828e+00  2.97500000e-05  2.00000000e+00  2.97500000e-05  4.17191297e+00  2.97500000e-05  2.08595649e+00 
 2.98500000e-05  1.99995828e+00  2.98500000e-05  2.00000000e+00  2.98500000e-05  4.17191297e+00  2.98500000e-05  2.08595649e+00 
 2.99500000e-05  1.99995828e+00  2.99500000e-05  2.00000000e+00  2.99500000e-05  4.17191297e+00  2.99500000e-05  2.08595649e+00 
 3.00500000e-05  1.99995828e+00  3.00500000e-05  2.00000000e+00  3.00500000e-05  4.17191297e+00  3.00500000e-05  2.08595649e+00 
 3.01500000e-05  1.99995828e+00  3.01500000e-05  2.00000000e+00  3.01500000e-05  4.17191297e+00  3.01500000e-05  2.08595649e+00 
 3.02500000e-05  1.99995828e+00  3.02500000e-05  2.00000000e+00  3.02500000e-05  4.17191297e+00  3.02500000e-05  2.08595649e+00 
 3.03500000e-05  1.99995828e+00  3.03500000e-05  2.00000000e+00  3.03500000e-05  4.17191297e+00  3.03500000e-05  2.08595649e+00 
 3.04500000e-05  1.99995828e+00  3.04500000e-05  2.00000000e+00  3.04500000e-05  4.17191297e+00  3.04500000e-05  2.08595649e+00 
 3.05500000e-05  1.99995828e+00  3.05500000e-05  2.00000000e+00  3.05500000e-05  4.17191297e+00  3.05500000e-05  2.08595649e+00 
 3.06500000e-05  1.99995828e+00  3.06500000e-05  2.00000000e+00  3.06500000e-05  4.17191297e+00  3.06500000e-05  2.08595649e+00 
 3.07500000e-05  1.99995828e+00  3.07500000e-05  2.00000000e+00  3.07500000e-05  4.17191297e+00  3.07500000e-05  2.08595649e+00 
 3.08500000e-05  1.99995828e+00  3.08500000e-05  2.00000000e+00  3.08500000e-05  4.17191297e+00  3.08500000e-05  2.08595649e+00 
 3.09500000e-05  1.99995828e+00  3.09500000e-05  2.00000000e+00  3.09500000e-05  4.17191297e+00  3.09500000e-05  2.08595649e+00 
 3.10500000e-05  1.99995828e+00  3.10500000e-05  2.00000000e+00  3.10500000e-05  4.17191297e+00  3.10500000e-05  2.08595649e+00 
 3.11500000e-05  1.99995828e+00  3.11500000e-05  2.00000000e+00  3.11500000e-05  4.17191297e+00  3.11500000e-05  2.08595649e+00 
 3.12500000e-05  1.99995828e+00  3.12500000e-05  2.00000000e+00  3.12500000e-05  4.17191297e+00  3.12500000e-05  2.08595649e+00 
 3.13500000e-05  1.99995828e+00  3.13500000e-05  2.00000000e+00  3.13500000e-05  4.17191297e+00  3.13500000e-05  2.08595649e+00 
 3.14500000e-05  1.99995828e+00  3.14500000e-05  2.00000000e+00  3.14500000e-05  4.17191297e+00  3.14500000e-05  2.08595649e+00 
 3.15500000e-05  1.99995828e+00  3.15500000e-05  2.00000000e+00  3.15500000e-05  4.17191297e+00  3.15500000e-05  2.08595649e+00 
 3.16500000e-05  1.99995828e+00  3.16500000e-05  2.00000000e+00  3.16500000e-05  4.17191297e+00  3.16500000e-05  2.08595649e+00 
 3.17500000e-05  1.99995828e+00  3.17500000e-05  2.00000000e+00  3.17500000e-05  4.17191297e+00  3.17500000e-05  2.08595649e+00 
 3.18500000e-05  1.99995828e+00  3.18500000e-05  2.00000000e+00  3.18500000e-05  4.17191297e+00  3.18500000e-05  2.08595649e+00 
 3.19500000e-05  1.99995828e+00  3.19500000e-05  2.00000000e+00  3.19500000e-05  4.17191297e+00  3.19500000e-05  2.08595649e+00 
 3.20500000e-05  1.99995828e+00  3.20500000e-05  2.00000000e+00  3.20500000e-05  4.17191297e+00  3.20500000e-05  2.08595649e+00 
 3.21500000e-05  1.99995828e+00  3.21500000e-05  2.00000000e+00  3.21500000e-05  4.17191297e+00  3.21500000e-05  2.08595649e+00 
 3.22500000e-05  1.99995828e+00  3.22500000e-05  2.00000000e+00  3.22500000e-05  4.17191297e+00  3.22500000e-05  2.08595649e+00 
 3.23500000e-05  1.99995828e+00  3.23500000e-05  2.00000000e+00  3.23500000e-05  4.17191297e+00  3.23500000e-05  2.08595649e+00 
 3.24500000e-05  1.99995828e+00  3.24500000e-05  2.00000000e+00  3.24500000e-05  4.17191297e+00  3.24500000e-05  2.08595649e+00 
 3.25500000e-05  1.99995828e+00  3.25500000e-05  2.00000000e+00  3.25500000e-05  4.17191297e+00  3.25500000e-05  2.08595649e+00 
 3.26500000e-05  1.99995828e+00  3.26500000e-05  2.00000000e+00  3.26500000e-05  4.17191297e+00  3.26500000e-05  2.08595649e+00 
 3.27500000e-05  1.99995828e+00  3.27500000e-05  2.00000000e+00  3.27500000e-05  4.17191297e+00  3.27500000e-05  2.08595649e+00 
 3.28500000e-05  1.99995828e+00  3.28500000e-05  2.00000000e+00  3.28500000e-05  4.17191297e+00  3.28500000e-05  2.08595649e+00 
 3.29500000e-05  1.99995828e+00  3.29500000e-05  2.00000000e+00  3.29500000e-05  4.17191297e+00  3.29500000e-05  2.08595649e+00 
 3.30500000e-05  1.99995828e+00  3.30500000e-05  2.00000000e+00  3.30500000e-05  4.17191297e+00  3.30500000e-05  2.08595649e+00 
 3.31500000e-05  1.99995828e+00  3.31500000e-05  2.00000000e+00  3.31500000e-05  4.17191297e+00  3.31500000e-05  2.08595649e+00 
 3.32500000e-05  1.99995828e+00  3.32500000e-05  2.00000000e+00  3.32500000e-05  4.17191297e+00  3.32500000e-05  2.08595649e+00 
 3.33500000e-05  1.99995828e+00  3.33500000e-05  2.00000000e+00  3.33500000e-05  4.17191297e+00  3.33500000e-05  2.08595649e+00 
 3.34500000e-05  1.99995828e+00  3.34500000e-05  2.00000000e+00  3.34500000e-05  4.17191297e+00  3.34500000e-05  2.08595649e+00 
 3.35500000e-05  1.99995828e+00  3.35500000e-05  2.00000000e+00  3.35500000e-05  4.17191297e+00  3.35500000e-05  2.08595649e+00 
 3.36500000e-05  1.99995828e+00  3.36500000e-05  2.00000000e+00  3.36500000e-05  4.17191297e+00  3.36500000e-05  2.08595649e+00 
 3.37500000e-05  1.99995828e+00  3.37500000e-05  2.00000000e+00  3.37500000e-05  4.17191297e+00  3.37500000e-05  2.08595649e+00 
 3.38500000e-05  1.99995828e+00  3.38500000e-05  2.00000000e+00  3.38500000e-05  4.17191297e+00  3.38500000e-05  2.08595649e+00 
 3.39500000e-05  1.99995828e+00  3.39500000e-05  2.00000000e+00  3.39500000e-05  4.17191297e+00  3.39500000e-05  2.08595649e+00 
 3.40500000e-05  1.99995828e+00  3.40500000e-05  2.00000000e+00  3.40500000e-05  4.17191297e+00  3.40500000e-05  2.08595649e+00 
 3.41500000e-05  1.99995828e+00  3.41500000e-05  2.00000000e+00  3.41500000e-05  4.17191297e+00  3.41500000e-05  2.08595649e+00 
 3.42500000e-05  1.99995828e+00  3.42500000e-05  2.00000000e+00  3.42500000e-05  4.17191297e+00  3.42500000e-05  2.08595649e+00 
 3.43500000e-05  1.99995828e+00  3.43500000e-05  2.00000000e+00  3.43500000e-05  4.17191297e+00  3.43500000e-05  2.08595649e+00 
 3.44500000e-05  1.99995828e+00  3.44500000e-05  2.00000000e+00  3.44500000e-05  4.17191297e+00  3.44500000e-05  2.08595649e+00 
 3.45500000e-05  1.99995828e+00  3.45500000e-05  2.00000000e+00  3.45500000e-05  4.17191297e+00  3.45500000e-05  2.08595649e+00 
 3.46500000e-05  1.99995828e+00  3.46500000e-05  2.00000000e+00  3.46500000e-05  4.17191297e+00  3.46500000e-05  2.08595649e+00 
 3.47500000e-05  1.99995828e+00  3.47500000e-05  2.00000000e+00  3.47500000e-05  4.17191297e+00  3.47500000e-05  2.08595649e+00 
 3.48500000e-05  1.99995828e+00  3.48500000e-05  2.00000000e+00  3.48500000e-05  4.17191297e+00  3.48500000e-05  2.08595649e+00 
 3.49500000e-05  1.99995828e+00  3.49500000e-05  2.00000000e+00  3.49500000e-05  4.17191297e+00  3.49500000e-05  2.08595649e+00 
 3.50500000e-05  1.99995828e+00  3.50500000e-05  2.00000000e+00  3.50500000e-05  4.17191297e+00  3.50500000e-05  2.08595649e+00 
 3.51500000e-05  1.99995828e+00  3.51500000e-05  2.00000000e+00  3.51500000e-05  4.17191297e+00  3.51500000e-05  2.08595649e+00 
 3.52500000e-05  1.99995828e+00  3.52500000e-05  2.00000000e+00  3.52500000e-05  4.17191297e+00  3.52500000e-05  2.08595649e+00 
 3.53500000e-05  1.99995828e+00  3.53500000e-05  2.00000000e+00  3.53500000e-05  4.17191297e+00  3.53500000e-05  2.08595649e+00 
 3.54500000e-05  1.99995828e+00  3.54500000e-05  2.00000000e+00  3.54500000e-05  4.17191297e+00  3.54500000e-05  2.08595649e+00 
 3.55500000e-05  1.99995828e+00  3.55500000e-05  2.00000000e+00  3.55500000e-05  4.17191297e+00  3.55500000e-05  2.08595649e+00 
 3.56500000e-05  1.99995828e+00  3.56500000e-05  2.00000000e+00  3.56500000e-05  4.17191297e+00  3.56500000e-05  2.08595649e+00 
 3.57500000e-05  1.99995828e+00  3.57500000e-05  2.00000000e+00  3.57500000e-05  4.17191297e+00  3.57500000e-05  2.08595649e+00 
 3.58500000e-05  1.99995828e+00  3.58500000e-05  2.00000000e+00  3.58500000e-05  4.17191297e+00  3.58500000e-05  2.08595649e+00 
 3.59500000e-05  1.99995828e+00  3.59500000e-05  2.00000000e+00  3.59500000e-05  4.17191297e+00  3.59500000e-05  2.08595649e+00 
 3.60500000e-05  1.99995828e+00  3.60500000e-05  2.00000000e+00  3.60500000e-05  4.17191297e+00  3.60500000e-05  2.08595649e+00 
 3.61500000e-05  1.99995828e+00  3.61500000e-05  2.00000000e+00  3.61500000e-05  4.17191297e+00  3.61500000e-05  2.08595649e+00 
 3.62500000e-05  1.99995828e+00  3.62500000e-05  2.00000000e+00  3.62500000e-05  4.17191297e+00  3.62500000e-05  2.08595649e+00 
 3.63500000e-05  1.99995828e+00  3.63500000e-05  2.00000000e+00  3.63500000e-05  4.17191297e+00  3.63500000e-05  2.08595649e+00 
 3.64500000e-05  1.99995828e+00  3.64500000e-05  2.00000000e+00  3.64500000e-05  4.17191297e+00  3.64500000e-05  2.08595649e+00 
 3.65500000e-05  1.99995828e+00  3.65500000e-05  2.00000000e+00  3.65500000e-05  4.17191297e+00  3.65500000e-05  2.08595649e+00 
 3.66500000e-05  1.99995828e+00  3.66500000e-05  2.00000000e+00  3.66500000e-05  4.17191297e+00  3.66500000e-05  2.08595649e+00 
 3.67500000e-05  1.99995828e+00  3.67500000e-05  2.00000000e+00  3.67500000e-05  4.17191297e+00  3.67500000e-05  2.08595649e+00 
 3.68500000e-05  1.99995828e+00  3.68500000e-05  2.00000000e+00  3.68500000e-05  4.17191297e+00  3.68500000e-05  2.08595649e+00 
 3.69500000e-05  1.99995828e+00  3.69500000e-05  2.00000000e+00  3.69500000e-05  4.17191297e+00  3.69500000e-05  2.08595649e+00 
 3.70500000e-05  1.99995828e+00  3.70500000e-05  2.00000000e+00  3.70500000e-05  4.17191297e+00  3.70500000e-05  2.08595649e+00 
 3.71500000e-05  1.99995828e+00  3.71500000e-05  2.00000000e+00  3.71500000e-05  4.17191297e+00  3.71500000e-05  2.08595649e+00 
 3.72500000e-05  1.99995828e+00  3.72500000e-05  2.00000000e+00  3.72500000e-05  4.17191297e+00  3.72500000e-05  2.08595649e+00 
 3.73500000e-05  1.99995828e+00  3.73500000e-05  2.00000000e+00  3.73500000e-05  4.17191297e+00  3.73500000e-05  2.08595649e+00 
 3.74500000e-05  1.99995828e+00  3.74500000e-05  2.00000000e+00  3.74500000e-05  4.17191297e+00  3.74500000e-05  2.08595649e+00 
 3.75500000e-05  1.99995828e+00  3.75500000e-05  2.00000000e+00  3.75500000e-05  4.17191297e+00  3.75500000e-05  2.08595649e+00 
 3.76500000e-05  1.99995828e+00  3.76500000e-05  2.00000000e+00  3.76500000e-05  4.17191297e+00  3.76500000e-05  2.08595649e+00 
 3.77500000e-05  1.99995828e+00  3.77500000e-05  2.00000000e+00  3.77500000e-05  4.17191297e+00  3.77500000e-05  2.08595649e+00 
 3.78500000e-05  1.99995828e+00  3.78500000e-05  2.00000000e+00  3.78500000e-05  4.17191297e+00  3.78500000e-05  2.08595649e+00 
 3.79500000e-05  1.99995828e+00  3.79500000e-05  2.00000000e+00  3.79500000e-05  4.17191297e+00  3.79500000e-05  2.08595649e+00 
 3.80500000e-05  1.99995828e+00  3.80500000e-05  2.00000000e+00  3.80500000e-05  4.17191297e+00  3.80500000e-05  2.08595649e+00 
 3.81500000e-05  1.99995828e+00  3.81500000e-05  2.00000000e+00  3.81500000e-05  4.17191297e+00  3.81500000e-05  2.08595649e+00 
 3.82500000e-05  1.99995828e+00  3.82500000e-05  2.00000000e+00  3.82500000e-05  4.17191297e+00  3.82500000e-05  2.08595649e+00 
 3.83500000e-05  1.99995828e+00  3.83500000e-05  2.00000000e+00  3.83500000e-05  4.17191297e+00  3.83500000e-05  2.08595649e+00 
 3.84500000e-05  1.99995828e+00  3.84500000e-05  2.00000000e+00  3.84500000e-05  4.17191297e+00  3.84500000e-05  2.08595649e+00 
 3.85500000e-05  1.99995828e+00  3.85500000e-05  2.00000000e+00  3.85500000e-05  4.17191297e+00  3.85500000e-05  2.08595649e+00 
 3.86500000e-05  1.99995828e+00  3.86500000e-05  2.00000000e+00  3.86500000e-05  4.17191297e+00  3.86500000e-05  2.08595649e+00 
 3.87500000e-05  1.99995828e+00  3.87500000e-05  2.00000000e+00  3.87500000e-05  4.17191297e+00  3.87500000e-05  2.08595649e+00 
 3.88500000e-05  1.99995828e+00  3.88500000e-05  2.00000000e+00  3.88500000e-05  4.17191297e+00  3.88500000e-05  2.08595649e+00 
 3.89500000e-05  1.99995828e+00  3.89500000e-05  2.00000000e+00  3.89500000e-05  4.17191297e+00  3.89500000e-05  2.08595649e+00 
 3.90500000e-05  1.99995828e+00  3.90500000e-05  2.00000000e+00  3.90500000e-05  4.17191297e+00  3.90500000e-05  2.08595649e+00 
 3.91500000e-05  1.99995828e+00  3.91500000e-05  2.00000000e+00  3.91500000e-05  4.17191297e+00  3.91500000e-05  2.08595649e+00 
 3.92500000e-05  1.99995828e+00  3.92500000e-05  2.00000000e+00  3.92500000e-05  4.17191297e+00  3.92500000e-05  2.08595649e+00 
 3.93500000e-05  1.99995828e+00  3.93500000e-05  2.00000000e+00  3.93500000e-05  4.17191297e+00  3.93500000e-05  2.08595649e+00 
 3.94500000e-05  1.99995828e+00  3.94500000e-05  2.00000000e+00  3.94500000e-05  4.17191297e+00  3.94500000e-05  2.08595649e+00 
 3.95500000e-05  1.99995828e+00  3.95500000e-05  2.00000000e+00  3.95500000e-05  4.17191297e+00  3.95500000e-05  2.08595649e+00 
 3.96500000e-05  1.99995828e+00  3.96500000e-05  2.00000000e+00  3.96500000e-05  4.17191297e+00  3.96500000e-05  2.08595649e+00 
 3.97500000e-05  1.99995828e+00  3.97500000e-05  2.00000000e+00  3.97500000e-05  4.17191297e+00  3.97500000e-05  2.08595649e+00 
 3.98500000e-05  1.99995828e+00  3.98500000e-05  2.00000000e+00  3.98500000e-05  4.17191297e+00  3.98500000e-05  2.08595649e+00 
 3.99500000e-05  1.99995828e+00  3.99500000e-05  2.00000000e+00  3.99500000e-05  4.17191297e+00  3.99500000e-05  2.08595649e+00 
 4.00500000e-05  1.99995828e+00  4.00500000e-05  2.00000000e+00  4.00500000e-05  4.17191297e+00  4.00500000e-05  2.08595649e+00 
 4.01500000e-05  1.99995828e+00  4.01500000e-05  2.00000000e+00  4.01500000e-05  4.17191297e+00  4.01500000e-05  2.08595649e+00 
 4.02500000e-05  1.99995828e+00  4.02500000e-05  2.00000000e+00  4.02500000e-05  4.17191297e+00  4.02500000e-05  2.08595649e+00 
 4.03500000e-05  1.99995828e+00  4.03500000e-05  2.00000000e+00  4.03500000e-05  4.17191297e+00  4.03500000e-05  2.08595649e+00 
 4.04500000e-05  1.99995828e+00  4.04500000e-05  2.00000000e+00  4.04500000e-05  4.17191297e+00  4.04500000e-05  2.08595649e+00 
 4.05500000e-05  1.99995828e+00  4.05500000e-05  2.00000000e+00  4.05500000e-05  4.17191297e+00  4.05500000e-05  2.08595649e+00 
 4.06500000e-05  1.99995828e+00  4.06500000e-05  2.00000000e+00  4.06500000e-05  4.17191297e+00  4.06500000e-05  2.08595649e+00 
 4.07500000e-05  1.99995828e+00  4.07500000e-05  2.00000000e+00  4.07500000e-05  4.17191297e+00  4.07500000e-05  2.08595649e+00 
 4.08500000e-05  1.99995828e+00  4.08500000e-05  2.00000000e+00  4.08500000e-05  4.17191297e+00  4.08500000e-05  2.08595649e+00 
 4.09500000e-05  1.99995828e+00  4.09500000e-05  2.00000000e+00  4.09500000e-05  4.17191297e+00  4.09500000e-05  2.08595649e+00 
 4.10500000e-05  1.99995828e+00  4.10500000e-05  2.00000000e+00  4.10500000e-05  4.17191297e+00  4.10500000e-05  2.08595649e+00 
 4.11500000e-05  1.99995828e+00  4.11500000e-05  2.00000000e+00  4.11500000e-05  4.17191297e+00  4.11500000e-05  2.08595649e+00 
 4.12500000e-05  1.99995828e+00  4.12500000e-05  2.00000000e+00  4.12500000e-05  4.17191297e+00  4.12500000e-05  2.08595649e+00 
 4.13500000e-05  1.99995828e+00  4.13500000e-05  2.00000000e+00  4.13500000e-05  4.17191297e+00  4.13500000e-05  2.08595649e+00 
 4.14500000e-05  1.99995828e+00  4.14500000e-05  2.00000000e+00  4.14500000e-05  4.17191297e+00  4.14500000e-05  2.08595649e+00 
 4.15500000e-05  1.99995828e+00  4.15500000e-05  2.00000000e+00  4.15500000e-05  4.17191297e+00  4.15500000e-05  2.08595649e+00 
 4.16500000e-05  1.99995828e+00  4.16500000e-05  2.00000000e+00  4.16500000e-05  4.17191297e+00  4.16500000e-05  2.08595649e+00 
 4.17500000e-05  1.99995828e+00  4.17500000e-05  2.00000000e+00  4.17500000e-05  4.17191297e+00  4.17500000e-05  2.08595649e+00 
 4.18500000e-05  1.99995828e+00  4.18500000e-05  2.00000000e+00  4.18500000e-05  4.17191297e+00  4.18500000e-05  2.08595649e+00 
 4.19500000e-05  1.99995828e+00  4.19500000e-05  2.00000000e+00  4.19500000e-05  4.17191297e+00  4.19500000e-05  2.08595649e+00 
 4.20500000e-05  1.99995828e+00  4.20500000e-05  2.00000000e+00  4.20500000e-05  4.17191297e+00  4.20500000e-05  2.08595649e+00 
 4.21500000e-05  1.99995828e+00  4.21500000e-05  2.00000000e+00  4.21500000e-05  4.17191297e+00  4.21500000e-05  2.08595649e+00 
 4.22500000e-05  1.99995828e+00  4.22500000e-05  2.00000000e+00  4.22500000e-05  4.17191297e+00  4.22500000e-05  2.08595649e+00 
 4.23500000e-05  1.99995828e+00  4.23500000e-05  2.00000000e+00  4.23500000e-05  4.17191297e+00  4.23500000e-05  2.08595649e+00 
 4.24500000e-05  1.99995828e+00  4.24500000e-05  2.00000000e+00  4.24500000e-05  4.17191297e+00  4.24500000e-05  2.08595649e+00 
 4.25500000e-05  1.99995828e+00  4.25500000e-05  2.00000000e+00  4.25500000e-05  4.17191297e+00  4.25500000e-05  2.08595649e+00 
 4.26500000e-05  1.99995828e+00  4.26500000e-05  2.00000000e+00  4.26500000e-05  4.17191297e+00  4.26500000e-05  2.08595649e+00 
 4.27500000e-05  1.99995828e+00  4.27500000e-05  2.00000000e+00  4.27500000e-05  4.17191297e+00  4.27500000e-05  2.08595649e+00 
 4.28500000e-05  1.99995828e+00  4.28500000e-05  2.00000000e+00  4.28500000e-05  4.17191297e+00  4.28500000e-05  2.08595649e+00 
 4.29500000e-05  1.99995828e+00  4.29500000e-05  2.00000000e+00  4.29500000e-05  4.17191297e+00  4.29500000e-05  2.08595649e+00 
 4.30500000e-05  1.99995828e+00  4.30500000e-05  2.00000000e+00  4.30500000e-05  4.17191297e+00  4.30500000e-05  2.08595649e+00 
 4.31500000e-05  1.99995828e+00  4.31500000e-05  2.00000000e+00  4.31500000e-05  4.17191297e+00  4.31500000e-05  2.08595649e+00 
 4.32500000e-05  1.99995828e+00  4.32500000e-05  2.00000000e+00  4.32500000e-05  4.17191297e+00  4.32500000e-05  2.08595649e+00 
 4.33500000e-05  1.99995828e+00  4.33500000e-05  2.00000000e+00  4.33500000e-05  4.17191297e+00  4.33500000e-05  2.08595649e+00 
 4.34500000e-05  1.99995828e+00  4.34500000e-05  2.00000000e+00  4.34500000e-05  4.17191297e+00  4.34500000e-05  2.08595649e+00 
 4.35500000e-05  1.99995828e+00  4.35500000e-05  2.00000000e+00  4.35500000e-05  4.17191297e+00  4.35500000e-05  2.08595649e+00 
 4.36500000e-05  1.99995828e+00  4.36500000e-05  2.00000000e+00  4.36500000e-05  4.17191297e+00  4.36500000e-05  2.08595649e+00 
 4.37500000e-05  1.99995828e+00  4.37500000e-05  2.00000000e+00  4.37500000e-05  4.17191297e+00  4.37500000e-05  2.08595649e+00 
 4.38500000e-05  1.99995828e+00  4.38500000e-05  2.00000000e+00  4.38500000e-05  4.17191297e+00  4.38500000e-05  2.08595649e+00 
 4.39500000e-05  1.99995828e+00  4.39500000e-05  2.00000000e+00  4.39500000e-05  4.17191297e+00  4.39500000e-05  2.08595649e+00 
 4.40500000e-05  1.99995828e+00  4.40500000e-05  2.00000000e+00  4.40500000e-05  4.17191297e+00  4.40500000e-05  2.08595649e+00 
 4.41500000e-05  1.99995828e+00  4.41500000e-05  2.00000000e+00  4.41500000e-05  4.17191297e+00  4.41500000e-05  2.08595649e+00 
 4.42500000e-05  1.99995828e+00  4.42500000e-05  2.00000000e+00  4.42500000e-05  4.17191297e+00  4.42500000e-05  2.08595649e+00 
 4.43500000e-05  1.99995828e+00  4.43500000e-05  2.00000000e+00  4.43500000e-05  4.17191297e+00  4.43500000e-05  2.08595649e+00 
 4.44500000e-05  1.99995828e+00  4.44500000e-05  2.00000000e+00  4.44500000e-05  4.17191297e+00  4.44500000e-05  2.08595649e+00 
 4.45500000e-05  1.99995828e+00  4.45500000e-05  2.00000000e+00  4.45500000e-05  4.17191297e+00  4.45500000e-05  2.08595649e+00 
 4.46500000e-05  1.99995828e+00  4.46500000e-05  2.00000000e+00  4.46500000e-05  4.17191297e+00  4.46500000e-05  2.08595649e+00 
 4.47500000e-05  1.99995828e+00  4.47500000e-05  2.00000000e+00  4.47500000e-05  4.17191297e+00  4.47500000e-05  2.08595649e+00 
 4.48500000e-05  1.99995828e+00  4.48500000e-05  2.00000000e+00  4.48500000e-05  4.17191297e+00  4.48500000e-05  2.08595649e+00 
 4.49500000e-05  1.99995828e+00  4.49500000e-05  2.00000000e+00  4.49500000e-05  4.17191297e+00  4.49500000e-05  2.08595649e+00 
 4.50500000e-05  1.99995828e+00  4.50500000e-05  2.00000000e+00  4.50500000e-05  4.17191297e+00  4.50500000e-05  2.08595649e+00 
 4.51500000e-05  1.99995828e+00  4.51500000e-05  2.00000000e+00  4.51500000e-05  4.17191297e+00  4.51500000e-05  2.08595649e+00 
 4.52500000e-05  1.99995828e+00  4.52500000e-05  2.00000000e+00  4.52500000e-05  4.17191297e+00  4.52500000e-05  2.08595649e+00 
 4.53500000e-05  1.99995828e+00  4.53500000e-05  2.00000000e+00  4.53500000e-05  4.17191297e+00  4.53500000e-05  2.08595649e+00 
 4.54500000e-05  1.99995828e+00  4.54500000e-05  2.00000000e+00  4.54500000e-05  4.17191297e+00  4.54500000e-05  2.08595649e+00 
 4.55500000e-05  1.99995828e+00  4.55500000e-05  2.00000000e+00  4.55500000e-05  4.17191297e+00  4.55500000e-05  2.08595649e+00 
 4.56500000e-05  1.99995828e+00  4.56500000e-05  2.00000000e+00  4.56500000e-05  4.17191297e+00  4.56500000e-05  2.08595649e+00 
 4.57500000e-05  1.99995828e+00  4.57500000e-05  2.00000000e+00  4.57500000e-05  4.17191297e+00  4.57500000e-05  2.08595649e+00 
 4.58500000e-05  1.99995828e+00  4.58500000e-05  2.00000000e+00  4.58500000e-05  4.17191297e+00  4.58500000e-05  2.08595649e+00 
 4.59500000e-05  1.99995828e+00  4.59500000e-05  2.00000000e+00  4.59500000e-05  4.17191297e+00  4.59500000e-05  2.08595649e+00 
 4.60500000e-05  1.99995828e+00  4.60500000e-05  2.00000000e+00  4.60500000e-05  4.17191297e+00  4.60500000e-05  2.08595649e+00 
 4.61500000e-05  1.99995828e+00  4.61500000e-05  2.00000000e+00  4.61500000e-05  4.17191297e+00  4.61500000e-05  2.08595649e+00 
 4.62500000e-05  1.99995828e+00  4.62500000e-05  2.00000000e+00  4.62500000e-05  4.17191297e+00  4.62500000e-05  2.08595649e+00 
 4.63500000e-05  1.99995828e+00  4.63500000e-05  2.00000000e+00  4.63500000e-05  4.17191297e+00  4.63500000e-05  2.08595649e+00 
 4.64500000e-05  1.99995828e+00  4.64500000e-05  2.00000000e+00  4.64500000e-05  4.17191297e+00  4.64500000e-05  2.08595649e+00 
 4.65500000e-05  1.99995828e+00  4.65500000e-05  2.00000000e+00  4.65500000e-05  4.17191297e+00  4.65500000e-05  2.08595649e+00 
 4.66500000e-05  1.99995828e+00  4.66500000e-05  2.00000000e+00  4.66500000e-05  4.17191297e+00  4.66500000e-05  2.08595649e+00 
 4.67500000e-05  1.99995828e+00  4.67500000e-05  2.00000000e+00  4.67500000e-05  4.17191297e+00  4.67500000e-05  2.08595649e+00 
 4.68500000e-05  1.99995828e+00  4.68500000e-05  2.00000000e+00  4.68500000e-05  4.17191297e+00  4.68500000e-05  2.08595649e+00 
 4.69500000e-05  1.99995828e+00  4.69500000e-05  2.00000000e+00  4.69500000e-05  4.17191297e+00  4.69500000e-05  2.08595649e+00 
 4.70500000e-05  1.99995828e+00  4.70500000e-05  2.00000000e+00  4.70500000e-05  4.17191297e+00  4.70500000e-05  2.08595649e+00 
 4.71500000e-05  1.99995828e+00  4.71500000e-05  2.00000000e+00  4.71500000e-05  4.17191297e+00  4.71500000e-05  2.08595649e+00 
 4.72500000e-05  1.99995828e+00  4.72500000e-05  2.00000000e+00  4.72500000e-05  4.17191297e+00  4.72500000e-05  2.08595649e+00 
 4.73500000e-05  1.99995828e+00  4.73500000e-05  2.00000000e+00  4.73500000e-05  4.17191297e+00  4.73500000e-05  2.08595649e+00 
 4.74500000e-05  1.99995828e+00  4.74500000e-05  2.00000000e+00  4.74500000e-05  4.17191297e+00  4.74500000e-05  2.08595649e+00 
 4.75500000e-05  1.99995828e+00  4.75500000e-05  2.00000000e+00  4.75500000e-05  4.17191297e+00  4.75500000e-05  2.08595649e+00 
 4.76500000e-05  1.99995828e+00  4.76500000e-05  2.00000000e+00  4.76500000e-05  4.17191297e+00  4.76500000e-05  2.08595649e+00 
 4.77500000e-05  1.99995828e+00  4.77500000e-05  2.00000000e+00  4.77500000e-05  4.17191297e+00  4.77500000e-05  2.08595649e+00 
 4.78500000e-05  1.99995828e+00  4.78500000e-05  2.00000000e+00  4.78500000e-05  4.17191297e+00  4.78500000e-05  2.08595649e+00 
 4.79500000e-05  1.99995828e+00  4.79500000e-05  2.00000000e+00  4.79500000e-05  4.17191297e+00  4.79500000e-05  2.08595649e+00 
 4.80500000e-05  1.99995828e+00  4.80500000e-05  2.00000000e+00  4.80500000e-05  4.17191297e+00  4.80500000e-05  2.08595649e+00 
 4.81500000e-05  1.99995828e+00  4.81500000e-05  2.00000000e+00  4.81500000e-05  4.17191297e+00  4.81500000e-05  2.08595649e+00 
 4.82500000e-05  1.99995828e+00  4.82500000e-05  2.00000000e+00  4.82500000e-05  4.17191297e+00  4.82500000e-05  2.08595649e+00 
 4.83500000e-05  1.99995828e+00  4.83500000e-05  2.00000000e+00  4.83500000e-05  4.17191297e+00  4.83500000e-05  2.08595649e+00 
 4.84500000e-05  1.99995828e+00  4.84500000e-05  2.00000000e+00  4.84500000e-05  4.17191297e+00  4.84500000e-05  2.08595649e+00 
 4.85500000e-05  1.99995828e+00  4.85500000e-05  2.00000000e+00  4.85500000e-05  4.17191297e+00  4.85500000e-05  2.08595649e+00 
 4.86500000e-05  1.99995828e+00  4.86500000e-05  2.00000000e+00  4.86500000e-05  4.17191297e+00  4.86500000e-05  2.08595649e+00 
 4.87500000e-05  1.99995828e+00  4.87500000e-05  2.00000000e+00  4.87500000e-05  4.17191297e+00  4.87500000e-05  2.08595649e+00 
 4.88500000e-05  1.99995828e+00  4.88500000e-05  2.00000000e+00  4.88500000e-05  4.17191297e+00  4.88500000e-05  2.08595649e+00 
 4.89500000e-05  1.99995828e+00  4.89500000e-05  2.00000000e+00  4.89500000e-05  4.17191297e+00  4.89500000e-05  2.08595649e+00 
 4.90500000e-05  1.99995828e+00  4.90500000e-05  2.00000000e+00  4.90500000e-05  4.17191297e+00  4.90500000e-05  2.08595649e+00 
 4.91500000e-05  1.99995828e+00  4.91500000e-05  2.00000000e+00  4.91500000e-05  4.17191297e+00  4.91500000e-05  2.08595649e+00 
 4.92500000e-05  1.99995828e+00  4.92500000e-05  2.00000000e+00  4.92500000e-05  4.17191297e+00  4.92500000e-05  2.08595649e+00 
 4.93500000e-05  1.99995828e+00  4.93500000e-05  2.00000000e+00  4.93500000e-05  4.17191297e+00  4.93500000e-05  2.08595649e+00 
 4.94500000e-05  1.99995828e+00  4.94500000e-05  2.00000000e+00  4.94500000e-05  4.17191297e+00  4.94500000e-05  2.08595649e+00 
 4.95500000e-05  1.99995828e+00  4.95500000e-05  2.00000000e+00  4.95500000e-05  4.17191297e+00  4.95500000e-05  2.08595649e+00 
 4.96500000e-05  1.99995828e+00  4.96500000e-05  2.00000000e+00  4.96500000e-05  4.17191297e+00  4.96500000e-05  2.08595649e+00 
 4.97500000e-05  1.99995828e+00  4.97500000e-05  2.00000000e+00  4.97500000e-05  4.17191297e+00  4.97500000e-05  2.08595649e+00 
 4.98500000e-05  1.99995828e+00  4.98500000e-05  2.00000000e+00  4.98500000e-05  4.17191297e+00  4.98500000e-05  2.08595649e+00 
 4.99500000e-05  1.99995828e+00  4.99500000e-05  2.00000000e+00  4.99500000e-05  4.17191297e+00  4.99500000e-05  2.08595649e+00 
 5.00500000e-05  1.99995828e+00  5.00500000e-05  2.00000000e+00  5.00500000e-05  4.17191297e+00  5.00500000e-05  2.08595649e+00 
 5.01500000e-05  1.99995828e+00  5.01500000e-05  2.00000000e+00  5.01500000e-05  4.17191297e+00  5.01500000e-05  2.08595649e+00 
 5.02500000e-05  1.99995828e+00  5.02500000e-05  2.00000000e+00  5.02500000e-05  4.17191297e+00  5.02500000e-05  2.08595649e+00 
 5.03500000e-05  1.99995828e+00  5.03500000e-05  2.00000000e+00  5.03500000e-05  4.17191297e+00  5.03500000e-05  2.08595649e+00 
 5.04500000e-05  1.99995828e+00  5.04500000e-05  2.00000000e+00  5.04500000e-05  4.17191297e+00  5.04500000e-05  2.08595649e+00 
 5.05500000e-05  1.99995828e+00  5.05500000e-05  2.00000000e+00  5.05500000e-05  4.17191297e+00  5.05500000e-05  2.08595649e+00 
 5.06500000e-05  1.99995828e+00  5.06500000e-05  2.00000000e+00  5.06500000e-05  4.17191297e+00  5.06500000e-05  2.08595649e+00 
 5.07500000e-05  1.99995828e+00  5.07500000e-05  2.00000000e+00  5.07500000e-05  4.17191297e+00  5.07500000e-05  2.08595649e+00 
 5.08500000e-05  1.99995828e+00  5.08500000e-05  2.00000000e+00  5.08500000e-05  4.17191297e+00  5.08500000e-05  2.08595649e+00 
 5.09250000e-05  1.99995828e+00  5.09250000e-05  2.00000000e+00  5.09250000e-05  4.17191297e+00  5.09250000e-05  2.08595649e+00 
 5.10000000e-05  1.99995828e+00  5.10000000e-05  2.00000000e+00  5.10000000e-05  4.17191297e+00  5.10000000e-05  2.08595649e+00 
 5.10100000e-05  1.99949869e+00  5.10100000e-05  1.98000000e+00  5.10100000e-05  4.16749208e+00  5.10100000e-05  2.08526572e+00 
 5.10300000e-05  1.99678482e+00  5.10300000e-05  1.94000000e+00  5.10300000e-05  4.15021455e+00  5.10300000e-05  2.08161631e+00 
 5.10700000e-05  1.97565287e+00  5.10700000e-05  1.86000000e+00  5.10700000e-05  4.07215124e+00  5.10700000e-05  2.05683073e+00 
 5.11500000e-05  1.87305634e+00  5.11500000e-05  1.70000000e+00  5.11500000e-05  3.81080459e+00  5.11500000e-05  1.94574457e+00 
 5.12500000e-05  1.68550418e+00  5.12500000e-05  1.50000000e+00  5.12500000e-05  3.40511152e+00  5.12500000e-05  1.74884798e+00 
 5.13500000e-05  1.48445368e+00  5.13500000e-05  1.30000000e+00  5.13500000e-05  2.98653485e+00  5.13500000e-05  1.53921411e+00 
 5.14500000e-05  1.28434148e+00  5.14500000e-05  1.10000000e+00  5.14500000e-05  2.56928290e+00  5.14500000e-05  1.33052012e+00 
 5.15500000e-05  1.08438132e+00  5.15500000e-05  9.00000000e-01  5.15500000e-05  2.15212225e+00  5.15500000e-05  1.12195230e+00 
 5.16500000e-05  8.84379105e-01  5.16500000e-05  7.00000000e-01  5.16500000e-05  1.73492847e+00  5.16500000e-05  9.13355608e-01 
 5.17500000e-05  6.84387387e-01  5.17500000e-05  5.00000000e-01  5.17500000e-05  1.31773728e+00  5.17500000e-05  7.04759537e-01 
 5.18500000e-05  4.84387794e-01  5.18500000e-05  3.00000000e-01  5.18500000e-05  9.00545688e-01  5.18500000e-05  4.96163987e-01 
 5.19250000e-05  3.34394084e-01  5.19250000e-05  1.50000000e-01  5.19250000e-05  5.87652509e-01  5.19250000e-05  3.39717217e-01 
 5.20000000e-05  1.84394679e-01  5.20000000e-05  0.00000000e+00  5.20000000e-05  2.74758798e-01  5.20000000e-05  1.83270507e-01 
 5.20100000e-05  1.64855489e-01  5.20100000e-05  0.00000000e+00  5.20100000e-05  2.37460639e-01  5.20100000e-05  1.63101698e-01 
 5.20300000e-05  1.27570656e-01  5.20300000e-05  0.00000000e+00  5.20300000e-05  1.71299953e-01  5.20300000e-05  1.25031979e-01 
 5.20700000e-05  6.87040455e-02  5.20700000e-05  0.00000000e+00  5.20700000e-05  8.24867222e-02  5.20700000e-05  6.63793026e-02 
 5.21205397e-05  2.61942159e-02  5.21205397e-05  0.00000000e+00  5.21205397e-05  2.82312714e-02  5.21205397e-05  2.50024888e-02 
 5.21549627e-05  1.27689962e-02  5.21549627e-05  0.00000000e+00  5.21549627e-05  1.30588093e-02  5.21549627e-05  1.21152306e-02 
 5.21831674e-05  6.90294491e-03  5.21831674e-05  0.00000000e+00  5.21831674e-05  6.78225694e-03  5.21831674e-05  6.52546398e-03 
 5.22164934e-05  3.19561348e-03  5.22164934e-05  0.00000000e+00  5.22164934e-05  2.97515365e-03  5.22164934e-05  3.00339445e-03 
 5.22473349e-05  1.51310828e-03  5.22473349e-05  0.00000000e+00  5.22473349e-05  1.33233516e-03  5.22473349e-05  1.41559132e-03 
 5.22740242e-05  7.73521984e-04  5.22740242e-05  0.00000000e+00  5.22740242e-05  6.41959888e-04  5.22740242e-05  7.19360780e-04 
 5.23023770e-05  3.63195418e-04  5.23023770e-05  0.00000000e+00  5.23023770e-05  2.77374311e-04  5.23023770e-05  3.35700072e-04 
 5.23284693e-05  1.74215217e-04  5.23284693e-05  0.00000000e+00  5.23284693e-05  1.18750283e-04  5.23284693e-05  1.59497226e-04 
 5.23508630e-05  8.89907612e-05  5.23508630e-05  0.00000000e+00  5.23508630e-05  5.20737628e-05  5.23508630e-05  8.07129291e-05 
 5.23714854e-05  4.56724365e-05  5.23714854e-05  0.00000000e+00  5.23714854e-05  2.06586307e-05  5.23714854e-05  4.08036544e-05 
 5.23905077e-05  2.30627562e-05  5.23905077e-05  0.00000000e+00  5.23905077e-05  5.86783994e-06  5.23905077e-05  2.01750666e-05 
 5.24099372e-05  1.01609367e-05  5.24099372e-05  0.00000000e+00  5.24099372e-05 -1.43442219e-06  5.24099372e-05  8.49417888e-06 
 5.24256553e-05  4.34658735e-06  5.24256553e-05  0.00000000e+00  5.24256553e-05 -4.01394991e-06  5.24256553e-05  3.30573303e-06 
 5.24418631e-05  9.39180794e-07  5.24418631e-05  0.00000000e+00  5.24418631e-05 -4.98305589e-06  5.24418631e-05  3.14961451e-07 
 5.24637991e-05 -1.25208845e-06  5.24637991e-05  0.00000000e+00  5.24637991e-05 -4.90538490e-06  5.24637991e-05 -1.53948018e-06 
 5.24890875e-05 -1.94419293e-06  5.24890875e-05  0.00000000e+00  5.24890875e-05 -3.99100453e-06  5.24890875e-05 -2.03921437e-06 
 5.25217351e-05 -1.71590291e-06  5.25217351e-05  0.00000000e+00  5.25217351e-05 -2.63924839e-06  5.25217351e-05 -1.71409061e-06 
 5.25587035e-05 -1.10938179e-06  5.25587035e-05  0.00000000e+00  5.25587035e-05 -1.45771206e-06  5.25587035e-05 -1.08414918e-06 
 5.26088624e-05 -4.83807646e-07  5.26088624e-05  0.00000000e+00  5.26088624e-05 -5.53711240e-07  5.26088624e-05 -4.64833512e-07 
 5.26560520e-05 -1.86710998e-07  5.26560520e-05  0.00000000e+00  5.26560520e-05 -1.95771931e-07  5.26560520e-05 -1.77665904e-07 
 5.26861319e-05 -9.83829155e-08  5.26861319e-05  0.00000000e+00  5.26861319e-05 -9.87616686e-08  5.26861319e-05 -9.31816612e-08 
 5.27143920e-05 -5.24680480e-08  5.27143920e-05  0.00000000e+00  5.27143920e-05 -5.05365780e-08  5.27143920e-05 -4.94915603e-08 
 5.27463164e-05 -2.47822773e-08  5.27463164e-05  0.00000000e+00  5.27463164e-05 -2.26384349e-08  5.27463164e-05 -2.32556786e-08 
 5.27776874e-05 -1.14101497e-08  5.27776874e-05  0.00000000e+00  5.27776874e-05 -9.79451628e-09  5.27776874e-05 -1.06463125e-08 
 5.28069165e-05 -5.33996166e-09  5.28069165e-05  0.00000000e+00  5.28069165e-05 -4.25611227e-09  5.28069165e-05 -4.95157207e-09 
 5.28334164e-05 -2.58982435e-09  5.28334164e-05  0.00000000e+00  5.28334164e-05 -1.87896277e-09  5.28334164e-05 -2.38216683e-09 
 5.28586950e-05 -1.23840445e-09  5.28586950e-05  0.00000000e+00  5.28586950e-05 -7.84246267e-10  5.28586950e-05 -1.12962150e-09 
 5.28847905e-05 -5.39862481e-10  5.28847905e-05  0.00000000e+00  5.28847905e-05 -2.59302647e-10  5.28847905e-05 -4.82788294e-10 
 5.29205021e-05 -1.24666003e-10  5.29205021e-05  0.00000000e+00  5.29205021e-05  9.15303440e-12  5.29205021e-05 -1.06234885e-10 
 5.29637702e-05  1.16939725e-11  5.29637702e-05  0.00000000e+00  5.29637702e-05  6.44477203e-11  5.29637702e-05  1.73548420e-11 
 5.30245714e-05  2.84641040e-11  5.30245714e-05  0.00000000e+00  5.30245714e-05  3.68264604e-11  5.30245714e-05  2.65952465e-11 
 5.31082785e-05  4.60309917e-12  5.31082785e-05  0.00000000e+00  5.31082785e-05  5.51431181e-12  5.31082785e-05  5.60729344e-12 
 5.32082785e-05  8.53734259e-13  5.32082785e-05  0.00000000e+00  5.32082785e-05 -6.58607424e-13  5.32082785e-05 -4.94605650e-13 
 5.33082785e-05 -1.40718412e-12  5.33082785e-05  0.00000000e+00  5.33082785e-05 -3.25055600e-14  5.33082785e-05 -4.76231446e-14 
 5.34082785e-05  1.36248575e-12  5.34082785e-05  0.00000000e+00  5.34082785e-05  1.80741601e-14  5.34082785e-05  1.35092091e-14 
 5.35082785e-05 -1.34226698e-12  5.35082785e-05  0.00000000e+00  5.35082785e-05 -4.78515395e-15  5.35082785e-05 -6.39343050e-16 
 5.36082785e-05  1.33462736e-12  5.36082785e-05  0.00000000e+00  5.36082785e-05  3.86725303e-15  5.36082785e-05 -7.00821873e-17 
 5.37082785e-05 -1.32757575e-12  5.37082785e-05  0.00000000e+00  5.37082785e-05 -4.10136694e-15  5.37082785e-05 -5.40353676e-17 
 5.38082785e-05  1.32019770e-12  5.38082785e-05  0.00000000e+00  5.38082785e-05  4.25155489e-15  5.38082785e-05  7.31623494e-17 
 5.39082785e-05 -1.31261158e-12  5.39082785e-05  0.00000000e+00  5.39082785e-05 -4.32460446e-15  5.39082785e-05 -5.38164563e-17 
 5.40082785e-05  1.30490332e-12  5.40082785e-05  0.00000000e+00  5.40082785e-05  4.39952513e-15  5.40082785e-05  4.69427447e-17 
 5.41082785e-05 -1.29708340e-12  5.41082785e-05  0.00000000e+00  5.41082785e-05 -4.44299639e-15  5.41082785e-05 -3.33497005e-17 
 5.42082785e-05  1.28919127e-12  5.42082785e-05  0.00000000e+00  5.42082785e-05  4.48760989e-15  5.42082785e-05  2.84601245e-17 
 5.43082785e-05 -1.28123487e-12  5.43082785e-05  0.00000000e+00  5.43082785e-05 -4.51053882e-15  5.43082785e-05 -1.90292599e-17 
 5.44082785e-05  1.27324167e-12  5.44082785e-05  0.00000000e+00  5.44082785e-05  4.53340078e-15  5.44082785e-05  1.53384491e-17 
 5.45082785e-05 -1.26521815e-12  5.45082785e-05  0.00000000e+00  5.45082785e-05 -4.54147497e-15  5.45082785e-05 -8.76849227e-18 
 5.46082785e-05  1.25718327e-12  5.46082785e-05  0.00000000e+00  5.46082785e-05  4.54897321e-15  5.46082785e-05  6.01352225e-18 
 5.47082785e-05 -1.24914211e-12  5.47082785e-05  0.00000000e+00  5.47082785e-05 -4.54638330e-15  5.47082785e-05 -1.43931856e-18 
 5.48082785e-05  1.24110775e-12  5.48082785e-05  0.00000000e+00  5.48082785e-05  4.54305425e-15  5.48082785e-05 -5.96185343e-19 
 5.49082785e-05 -1.23308408e-12  5.49082785e-05  0.00000000e+00  5.49082785e-05 -4.53284646e-15  5.49082785e-05  3.77622104e-18 
 5.50082785e-05  1.22508013e-12  5.50082785e-05  0.00000000e+00  5.50082785e-05  4.52191463e-15  5.50082785e-05 -5.26430534e-18 
 5.51082785e-05 -1.21709882e-12  5.51082785e-05  0.00000000e+00  5.51082785e-05 -4.50630063e-15  5.51082785e-05  7.46875578e-18 
 5.52082785e-05  1.20914634e-12  5.52082785e-05  0.00000000e+00  5.52082785e-05  4.49005948e-15  5.52082785e-05 -8.54380478e-18 
 5.53082785e-05 -1.20122484e-12  5.53082785e-05  0.00000000e+00  5.53082785e-05 -4.47064276e-15  5.53082785e-05  1.00645077e-17 
 5.54082785e-05  1.19333854e-12  5.54082785e-05  0.00000000e+00  5.54082785e-05  4.45072434e-15  5.54082785e-05 -1.08300931e-17 
 5.55082785e-05 -1.18548900e-12  5.55082785e-05  0.00000000e+00  5.55082785e-05 -4.42866582e-15  5.55082785e-05  1.18709101e-17 
 5.56082785e-05  1.17767908e-12  5.56082785e-05  0.00000000e+00  5.56082785e-05  4.40623191e-15  5.56082785e-05 -1.24060176e-17 
 5.57082785e-05 -1.16990986e-12  5.57082785e-05  0.00000000e+00  5.57082785e-05 -4.38237096e-15  5.57082785e-05  1.31096170e-17 
 5.58082785e-05  1.16218323e-12  5.58082785e-05  0.00000000e+00  5.58082785e-05  4.35824869e-15  5.58082785e-05 -1.34739730e-17 
 5.59082785e-05 -1.15449993e-12  5.59082785e-05  0.00000000e+00  5.59082785e-05 -4.33319126e-15  5.59082785e-05  1.39403736e-17 
 5.60082785e-05  1.14686120e-12  5.60082785e-05  0.00000000e+00  5.60082785e-05  4.30796945e-15  5.60082785e-05 -1.41788274e-17 
 5.61082785e-05 -1.13926749e-12  5.61082785e-05  0.00000000e+00  5.61082785e-05 -4.28215234e-15  5.61082785e-05  1.44782651e-17 
 5.62082785e-05  1.13171958e-12  5.62082785e-05  0.00000000e+00  5.62082785e-05  4.25625001e-15  5.62082785e-05 -1.46242999e-17 
 5.63082785e-05 -1.12421771e-12  5.63082785e-05  0.00000000e+00  5.63082785e-05 -4.22998745e-15  5.63082785e-05  1.48061736e-17 
 5.64082785e-05  1.11676236e-12  5.64082785e-05  0.00000000e+00  5.64082785e-05  4.20370253e-15  5.64082785e-05 -1.48846652e-17 
 5.65082785e-05 -1.10935360e-12  5.65082785e-05  0.00000000e+00  5.65082785e-05 -4.17722009e-15  5.65082785e-05  1.49837698e-17 
 5.66082785e-05  1.10199168e-12  5.66082785e-05  0.00000000e+00  5.66082785e-05  4.15076412e-15  5.66082785e-05 -1.50131219e-17 
 5.67082785e-05 -1.09467658e-12  5.67082785e-05  0.00000000e+00  5.67082785e-05 -4.12422330e-15  5.67082785e-05  1.50539995e-17 
 5.68082785e-05  1.08740837e-12  5.68082785e-05  0.00000000e+00  5.68082785e-05  4.09774618e-15  5.68082785e-05 -1.50477792e-17 
 5.69082785e-05 -1.08018696e-12  5.69082785e-05  0.00000000e+00  5.69082785e-05 -4.07126214e-15  5.69082785e-05  1.50477618e-17 
 5.70082785e-05  1.07301230e-12  5.70082785e-05  0.00000000e+00  5.70082785e-05  4.04486973e-15  5.70082785e-05 -1.50159388e-17 
 5.71082785e-05 -1.06588426e-12  5.71082785e-05  0.00000000e+00  5.71082785e-05 -4.01852421e-15  5.71082785e-05  1.49872808e-17 
 5.72082785e-05  1.05880270e-12  5.72082785e-05  0.00000000e+00  5.72082785e-05  3.99229094e-15  5.72082785e-05 -1.49371610e-17 
 5.73082785e-05 -1.05176744e-12  5.73082785e-05  0.00000000e+00  5.73082785e-05 -3.96614158e-15  5.73082785e-05  1.48885356e-17 
 5.74082785e-05  1.04477831e-12  5.74082785e-05  0.00000000e+00  5.74082785e-05  3.94011941e-15  5.74082785e-05 -1.48254593e-17 
 5.75082785e-05 -1.03783509e-12  5.75082785e-05  0.00000000e+00  5.75082785e-05 -3.91420646e-15  5.75082785e-05  1.47630102e-17 
 5.76082785e-05  1.03093756e-12  5.76082785e-05  0.00000000e+00  5.76082785e-05  3.88843132e-15  5.76082785e-05 -1.46908722e-17 
 5.77082785e-05 -1.02408548e-12  5.77082785e-05  0.00000000e+00  5.77082785e-05 -3.86278251e-15  5.77082785e-05  1.46189545e-17 
 5.78082785e-05  1.01727863e-12  5.78082785e-05  0.00000000e+00  5.78082785e-05  3.83727884e-15  5.78082785e-05 -1.45405889e-17 
 5.79082785e-05 -1.01051674e-12  5.79082785e-05  0.00000000e+00  5.79082785e-05 -3.81191290e-15  5.79082785e-05  1.44622915e-17 
 5.80082785e-05  1.00379957e-12  5.80082785e-05  0.00000000e+00  5.80082785e-05  3.78669697e-15  5.80082785e-05 -1.43797561e-17 
 5.81082785e-05 -9.97126854e-13  5.81082785e-05  0.00000000e+00  5.81082785e-05 -3.76162616e-15  5.81082785e-05  1.42972705e-17 
 5.82082785e-05  9.90498327e-13  5.82082785e-05  0.00000000e+00  5.82082785e-05  3.73670838e-15  5.82082785e-05 -1.42120564e-17 
 5.83082785e-05 -9.83913722e-13  5.83082785e-05  0.00000000e+00  5.83082785e-05 -3.71194030e-15  5.83082785e-05  1.41269371e-17 
 5.84082785e-05  9.77372770e-13  5.84082785e-05  0.00000000e+00  5.84082785e-05  3.68732692e-15  5.84082785e-05 -1.40401221e-17 
 5.85082785e-05 -9.70875200e-13  5.85082785e-05  0.00000000e+00  5.85082785e-05 -3.66286586e-15  5.85082785e-05  1.39534715e-17 
 5.86082785e-05  9.64420739e-13  5.86082785e-05  0.00000000e+00  5.86082785e-05  3.63856015e-15  5.86082785e-05 -1.38658326e-17 
 5.87082785e-05 -9.58009116e-13  5.87082785e-05  0.00000000e+00  5.87082785e-05 -3.61440800e-15  5.87082785e-05  1.37784317e-17 
 5.88082785e-05  9.51640056e-13  5.88082785e-05  0.00000000e+00  5.88082785e-05  3.59041112e-15  5.88082785e-05 -1.36905274e-17 
 5.89082785e-05 -9.45313286e-13  5.89082785e-05  0.00000000e+00  5.89082785e-05 -3.56656808e-15  5.89082785e-05  1.36029285e-17 
 5.90082785e-05  9.39028535e-13  5.90082785e-05  0.00000000e+00  5.90082785e-05  3.54287970e-15  5.90082785e-05 -1.35151587e-17 
 5.91082785e-05 -9.32785529e-13  5.91082785e-05  0.00000000e+00  5.91082785e-05 -3.51934476e-15  5.91082785e-05  1.34277515e-17 
 5.92082785e-05  9.26583996e-13  5.92082785e-05  0.00000000e+00  5.92082785e-05  3.49596348e-15  5.92082785e-05 -1.33404010e-17 
 5.93082785e-05 -9.20423667e-13  5.93082785e-05  0.00000000e+00  5.93082785e-05 -3.47273477e-15  5.93082785e-05  1.32534592e-17 
 5.94082785e-05  9.14304272e-13  5.94082785e-05  0.00000000e+00  5.94082785e-05  3.44965846e-15  5.94082785e-05 -1.31667297e-17 
 5.95082785e-05 -9.08225542e-13  5.95082785e-05  0.00000000e+00  5.95082785e-05 -3.42673352e-15  5.95082785e-05  1.30804445e-17 
 5.96082785e-05  9.02187209e-13  5.96082785e-05  0.00000000e+00  5.96082785e-05  3.40395952e-15  5.96082785e-05 -1.29944774e-17 
 5.97082785e-05 -8.96189009e-13  5.97082785e-05  0.00000000e+00  5.97082785e-05 -3.38133547e-15  5.97082785e-05  1.29089812e-17 
 5.98082785e-05  8.90230676e-13  5.98082785e-05  0.00000000e+00  5.98082785e-05  3.35886077e-15  5.98082785e-05 -1.28238744e-17 
 5.99082785e-05 -8.84311946e-13  5.99082785e-05  0.00000000e+00  5.99082785e-05 -3.33653445e-15  5.99082785e-05  1.27392574e-17 
 6.00082785e-05  8.78432560e-13  6.00082785e-05  0.00000000e+00  6.00082785e-05  3.31435579e-15  6.00082785e-05 -1.26550774e-17 
 6.01082785e-05 -8.72592255e-13  6.01082785e-05  0.00000000e+00  6.01082785e-05 -3.29232385e-15  6.01082785e-05  1.25714001e-17 
 6.02082785e-05  8.66790774e-13  6.02082785e-05  0.00000000e+00  6.02082785e-05  3.27043783e-15  6.02082785e-05 -1.24881910e-17 
 6.03082785e-05 -8.61027859e-13  6.03082785e-05  0.00000000e+00  6.03082785e-05 -3.24869678e-15  6.03082785e-05  1.24054926e-17 
 6.04082785e-05  8.55303255e-13  6.04082785e-05  0.00000000e+00  6.04082785e-05  3.22709988e-15  6.04082785e-05 -1.23232819e-17 
 6.05082785e-05 -8.49616708e-13  6.05082785e-05  0.00000000e+00  6.05082785e-05 -3.20564619e-15  6.05082785e-05  1.22415862e-17 
 6.06082785e-05  8.43967965e-13  6.06082785e-05  0.00000000e+00  6.06082785e-05  3.18433484e-15  6.06082785e-05 -1.21603900e-17 
 6.07082785e-05 -8.38356775e-13  6.07082785e-05  0.00000000e+00  6.07082785e-05 -3.16316491e-15  6.07082785e-05  1.20797103e-17 
 6.08082785e-05  8.32782890e-13  6.08082785e-05  0.00000000e+00  6.08082785e-05  3.14213553e-15  6.08082785e-05 -1.19995361e-17 
 6.09082785e-05 -8.27246061e-13  6.09082785e-05  0.00000000e+00  6.09082785e-05 -3.12124576e-15  6.09082785e-05  1.19198777e-17 
 6.10082785e-05  8.21746043e-13  6.10082785e-05  0.00000000e+00  6.10082785e-05  3.10049473e-15  6.10082785e-05 -1.18407272e-17 
 6.11082785e-05 -8.16282590e-13  6.11082785e-05  0.00000000e+00  6.11082785e-05 -3.07988152e-15  6.11082785e-05  1.17620903e-17 
 6.12082785e-05  8.10855461e-13  6.12082785e-05  0.00000000e+00  6.12082785e-05  3.05940526e-15  6.12082785e-05 -1.16839607e-17 
 6.13082785e-05 -8.05464413e-13  6.13082785e-05  0.00000000e+00  6.13082785e-05 -3.03906503e-15  6.13082785e-05  1.16063414e-17 
 6.14082785e-05  8.00109208e-13  6.14082785e-05  0.00000000e+00  6.14082785e-05  3.01885996e-15  6.14082785e-05 -1.15292272e-17 
 6.15082785e-05 -7.94789606e-13  6.15082785e-05  0.00000000e+00  6.15082785e-05 -2.99878915e-15  6.15082785e-05  1.14526189e-17 
 6.16082785e-05  7.89505372e-13  6.16082785e-05  0.00000000e+00  6.16082785e-05  2.97885173e-15  6.16082785e-05 -1.13765121e-17 
 6.17082785e-05 -7.84256270e-13  6.17082785e-05  0.00000000e+00  6.17082785e-05 -2.95904681e-15  6.17082785e-05  1.13009065e-17 
 6.18082785e-05  7.79042066e-13  6.18082785e-05  0.00000000e+00  6.18082785e-05  2.93937353e-15  6.18082785e-05 -1.12257980e-17 
 6.19082785e-05 -7.73862530e-13  6.19082785e-05  0.00000000e+00  6.19082785e-05 -2.91983101e-15  6.19082785e-05  1.11511853e-17 
 6.20082785e-05  7.68717430e-13  6.20082785e-05  0.00000000e+00  6.20082785e-05  2.90041839e-15  6.20082785e-05 -1.10770647e-17 
 6.21082785e-05 -7.63606537e-13  6.21082785e-05  0.00000000e+00  6.21082785e-05 -2.88113481e-15  6.21082785e-05  1.10034343e-17 
 6.22082785e-05  7.58529624e-13  6.22082785e-05  0.00000000e+00  6.22082785e-05  2.86197942e-15  6.22082785e-05 -1.09302907e-17 
 6.23082785e-05 -7.53486465e-13  6.23082785e-05  0.00000000e+00  6.23082785e-05 -2.84295137e-15  6.23082785e-05  1.08576315e-17 
 6.24082785e-05  7.48476836e-13  6.24082785e-05  0.00000000e+00  6.24082785e-05  2.82404981e-15  6.24082785e-05 -1.07854534e-17 
 6.25082785e-05 -7.43500514e-13  6.25082785e-05  0.00000000e+00  6.25082785e-05 -2.80527390e-15  6.25082785e-05  1.07137538e-17 
 6.26082785e-05  7.38557278e-13  6.26082785e-05  0.00000000e+00  6.26082785e-05  2.78662282e-15  6.26082785e-05 -1.06425294e-17 
 6.27082785e-05 -7.33646907e-13  6.27082785e-05  0.00000000e+00  6.27082785e-05 -2.76809574e-15  6.27082785e-05  1.05717776e-17 
 6.28082785e-05  7.28769183e-13  6.28082785e-05  0.00000000e+00  6.28082785e-05  2.74969182e-15  6.28082785e-05 -1.05014953e-17 
 6.29082785e-05 -7.23923889e-13  6.29082785e-05  0.00000000e+00  6.29082785e-05 -2.73141026e-15  6.29082785e-05  1.04316794e-17 
 6.30082785e-05  7.19110809e-13  6.30082785e-05  0.00000000e+00  6.30082785e-05  2.71325024e-15  6.30082785e-05 -1.03623270e-17 
 6.31082785e-05 -7.14329730e-13  6.31082785e-05  0.00000000e+00  6.31082785e-05 -2.69521095e-15  6.31082785e-05  1.02934352e-17 
 6.32082785e-05  7.09580438e-13  6.32082785e-05  0.00000000e+00  6.32082785e-05  2.67729160e-15  6.32082785e-05 -1.02250009e-17 
 6.33082785e-05 -7.04862722e-13  6.33082785e-05  0.00000000e+00  6.33082785e-05 -2.65949138e-15  6.33082785e-05  1.01570213e-17 
 6.34082785e-05  7.00176372e-13  6.34082785e-05  0.00000000e+00  6.34082785e-05  2.64180950e-15  6.34082785e-05 -1.00894932e-17 
 6.35082785e-05 -6.95521180e-13  6.35082785e-05  0.00000000e+00  6.35082785e-05 -2.62424518e-15  6.35082785e-05  1.00224138e-17 
 6.36082785e-05  6.90896938e-13  6.36082785e-05  0.00000000e+00  6.36082785e-05  2.60679764e-15  6.36082785e-05 -9.95578019e-18 
 6.37082785e-05 -6.86303441e-13  6.37082785e-05  0.00000000e+00  6.37082785e-05 -2.58946609e-15  6.37082785e-05  9.88958936e-18 
 6.38082785e-05  6.81740484e-13  6.38082785e-05  0.00000000e+00  6.38082785e-05  2.57224978e-15  6.38082785e-05 -9.82383842e-18 
 6.39082785e-05 -6.77207865e-13  6.39082785e-05  0.00000000e+00  6.39082785e-05 -2.55514793e-15  6.39082785e-05  9.75852449e-18 
 6.40082785e-05  6.72705381e-13  6.40082785e-05  0.00000000e+00  6.40082785e-05  2.53815978e-15  6.40082785e-05 -9.69364467e-18 
 6.41082785e-05 -6.68232832e-13  6.41082785e-05  0.00000000e+00  6.41082785e-05 -2.52128457e-15  6.41082785e-05  9.62919611e-18 
 6.42082785e-05  6.63790020e-13  6.42082785e-05  0.00000000e+00  6.42082785e-05  2.50452157e-15  6.42082785e-05 -9.56517595e-18 
 6.43082785e-05 -6.59376746e-13  6.43082785e-05  0.00000000e+00  6.43082785e-05 -2.48787001e-15  6.43082785e-05  9.50158136e-18 
 6.44082785e-05  6.54992814e-13  6.44082785e-05  0.00000000e+00  6.44082785e-05  2.47132916e-15  6.44082785e-05 -9.43840951e-18 
 6.45082785e-05 -6.50638029e-13  6.45082785e-05  0.00000000e+00  6.45082785e-05 -2.45489829e-15  6.45082785e-05  9.37565762e-18 
 6.46082785e-05  6.46312198e-13  6.46082785e-05  0.00000000e+00  6.46082785e-05  2.43857665e-15  6.46082785e-05 -9.31332288e-18 
 6.47082785e-05 -6.42015127e-13  6.47082785e-05  0.00000000e+00  6.47082785e-05 -2.42236354e-15  6.47082785e-05  9.25140255e-18 
 6.48082785e-05  6.37746625e-13  6.48082785e-05  0.00000000e+00  6.48082785e-05  2.40625821e-15  6.48082785e-05 -9.18989387e-18 
 6.49082785e-05 -6.33506503e-13  6.49082785e-05  0.00000000e+00  6.49082785e-05 -2.39025997e-15  6.49082785e-05  9.12879410e-18 
 6.50082785e-05  6.29294572e-13  6.50082785e-05  0.00000000e+00  6.50082785e-05  2.37436809e-15  6.50082785e-05 -9.06810054e-18 
 6.51082785e-05 -6.25110645e-13  6.51082785e-05  0.00000000e+00  6.51082785e-05 -2.35858186e-15  6.51082785e-05  9.00781049e-18 
 6.52082785e-05  6.20954534e-13  6.52082785e-05  0.00000000e+00  6.52082785e-05  2.34290060e-15  6.52082785e-05 -8.94792126e-18 
 6.53082785e-05 -6.16826056e-13  6.53082785e-05  0.00000000e+00  6.53082785e-05 -2.32732359e-15  6.53082785e-05  8.88843020e-18 
 6.54082785e-05  6.12725027e-13  6.54082785e-05  0.00000000e+00  6.54082785e-05  2.31185015e-15  6.54082785e-05 -8.82933465e-18 
 6.55082785e-05 -6.08651263e-13  6.55082785e-05  0.00000000e+00  6.55082785e-05 -2.29647958e-15  6.55082785e-05  8.77063200e-18 
 6.56082785e-05  6.04604585e-13  6.56082785e-05  0.00000000e+00  6.56082785e-05  2.28121121e-15  6.56082785e-05 -8.71231963e-18 
 6.57082785e-05 -6.00584811e-13  6.57082785e-05  0.00000000e+00  6.57082785e-05 -2.26604435e-15  6.57082785e-05  8.65439495e-18 
 6.58082785e-05  5.96591763e-13  6.58082785e-05  0.00000000e+00  6.58082785e-05  2.25097833e-15  6.58082785e-05 -8.59685538e-18 
 6.59082785e-05 -5.92625264e-13  6.59082785e-05  0.00000000e+00  6.59082785e-05 -2.23601248e-15  6.59082785e-05  8.53969836e-18 
 6.60082785e-05  5.88685135e-13  6.60082785e-05  0.00000000e+00  6.60082785e-05  2.22114613e-15  6.60082785e-05 -8.48292135e-18 
 6.61082785e-05 -5.84771204e-13  6.61082785e-05  0.00000000e+00  6.61082785e-05 -2.20637862e-15  6.61082785e-05  8.42652183e-18 
 6.62082785e-05  5.80883294e-13  6.62082785e-05  0.00000000e+00  6.62082785e-05  2.19170929e-15  6.62082785e-05 -8.37049728e-18 
 6.63082785e-05 -5.77021234e-13  6.63082785e-05  0.00000000e+00  6.63082785e-05 -2.17713749e-15  6.63082785e-05  8.31484521e-18 
 6.64082785e-05  5.73184851e-13  6.64082785e-05  0.00000000e+00  6.64082785e-05  2.16266258e-15  6.64082785e-05 -8.25956315e-18 
 6.65082785e-05 -5.69373974e-13  6.65082785e-05  0.00000000e+00  6.65082785e-05 -2.14828390e-15  6.65082785e-05  8.20464863e-18 
 6.66082785e-05  5.65588435e-13  6.66082785e-05  0.00000000e+00  6.66082785e-05  2.13400082e-15  6.66082785e-05 -8.15009922e-18 
 6.67082785e-05 -5.61828064e-13  6.67082785e-05  0.00000000e+00  6.67082785e-05 -2.11981270e-15  6.67082785e-05  8.09591248e-18 
 6.68082785e-05  5.58092694e-13  6.68082785e-05  0.00000000e+00  6.68082785e-05  2.10571892e-15  6.68082785e-05 -8.04208601e-18 
 6.69082785e-05 -5.54382159e-13  6.69082785e-05  0.00000000e+00  6.69082785e-05 -2.09171883e-15  6.69082785e-05  7.98861740e-18 
 6.70082785e-05  5.50696294e-13  6.70082785e-05  0.00000000e+00  6.70082785e-05  2.07781183e-15  6.70082785e-05 -7.93550429e-18 
 6.71082785e-05 -5.47034935e-13  6.71082785e-05  0.00000000e+00  6.71082785e-05 -2.06399730e-15  6.71082785e-05  7.88274430e-18 
 6.72082785e-05  5.43397919e-13  6.72082785e-05  0.00000000e+00  6.72082785e-05  2.05027460e-15  6.72082785e-05 -7.83033509e-18 
 6.73082785e-05 -5.39785083e-13  6.73082785e-05  0.00000000e+00  6.73082785e-05 -2.03664315e-15  6.73082785e-05  7.77827434e-18 
 6.74082785e-05  5.36196269e-13  6.74082785e-05  0.00000000e+00  6.74082785e-05  2.02310232e-15  6.74082785e-05 -7.72655971e-18 
 6.75082785e-05 -5.32631314e-13  6.75082785e-05  0.00000000e+00  6.75082785e-05 -2.00965153e-15  6.75082785e-05  7.67518891e-18 
 6.76082785e-05  5.29090062e-13  6.76082785e-05  0.00000000e+00  6.76082785e-05  1.99629016e-15  6.76082785e-05 -7.62415965e-18 
 6.77082785e-05 -5.25572354e-13  6.77082785e-05  0.00000000e+00  6.77082785e-05 -1.98301762e-15  6.77082785e-05  7.57346967e-18 
 6.78082785e-05  5.22078034e-13  6.78082785e-05  0.00000000e+00  6.78082785e-05  1.96983333e-15  6.78082785e-05 -7.52311670e-18 
 6.79082785e-05 -5.18606946e-13  6.79082785e-05  0.00000000e+00  6.79082785e-05 -1.95673670e-15  6.79082785e-05  7.47309851e-18 
 6.80082785e-05  5.15158936e-13  6.80082785e-05  0.00000000e+00  6.80082785e-05  1.94372714e-15  6.80082785e-05 -7.42341288e-18 
 6.81082785e-05 -5.11733851e-13  6.81082785e-05  0.00000000e+00  6.81082785e-05 -1.93080408e-15  6.81082785e-05  7.37405758e-18 
 6.82082785e-05  5.08331537e-13  6.82082785e-05  0.00000000e+00  6.82082785e-05  1.91796694e-15  6.82082785e-05 -7.32503042e-18 
 6.83082785e-05 -5.04951844e-13  6.83082785e-05  0.00000000e+00  6.83082785e-05 -1.90521514e-15  6.83082785e-05  7.27632923e-18 
 6.84082785e-05  5.01594622e-13  6.84082785e-05  0.00000000e+00  6.84082785e-05  1.89254813e-15  6.84082785e-05 -7.22795183e-18 
 6.85082785e-05 -4.98259720e-13  6.85082785e-05  0.00000000e+00  6.85082785e-05 -1.87996534e-15  6.85082785e-05  7.17989607e-18 
 6.86082785e-05  4.94946991e-13  6.86082785e-05  0.00000000e+00  6.86082785e-05  1.86746620e-15  6.86082785e-05 -7.13215982e-18 
 6.87082785e-05 -4.91656286e-13  6.87082785e-05  0.00000000e+00  6.87082785e-05 -1.85505016e-15  6.87082785e-05  7.08474095e-18 
 6.88082785e-05  4.88387461e-13  6.88082785e-05  0.00000000e+00  6.88082785e-05  1.84271668e-15  6.88082785e-05 -7.03763734e-18 
 6.89082785e-05 -4.85140368e-13  6.89082785e-05  0.00000000e+00  6.89082785e-05 -1.83046519e-15  6.89082785e-05  6.99084691e-18 
 6.90082785e-05  4.81914864e-13  6.90082785e-05  0.00000000e+00  6.90082785e-05  1.81829516e-15  6.90082785e-05 -6.94436757e-18 
 6.91082785e-05 -4.78710805e-13  6.91082785e-05  0.00000000e+00  6.91082785e-05 -1.80620605e-15  6.91082785e-05  6.89819725e-18 
 6.92082785e-05  4.75528049e-13  6.92082785e-05  0.00000000e+00  6.92082785e-05  1.79419731e-15  6.92082785e-05 -6.85233390e-18 
 6.93082785e-05 -4.72366453e-13  6.93082785e-05  0.00000000e+00  6.93082785e-05 -1.78226841e-15  6.93082785e-05  6.80677547e-18 
 6.94082785e-05  4.69225878e-13  6.94082785e-05  0.00000000e+00  6.94082785e-05  1.77041882e-15  6.94082785e-05 -6.76151995e-18 
 6.95082785e-05 -4.66106183e-13  6.95082785e-05  0.00000000e+00  6.95082785e-05 -1.75864801e-15  6.95082785e-05  6.71656531e-18 
 6.96082785e-05  4.63007229e-13  6.96082785e-05  0.00000000e+00  6.96082785e-05  1.74695547e-15  6.96082785e-05 -6.67190956e-18 
 6.97082785e-05 -4.59928880e-13  6.97082785e-05  0.00000000e+00  6.97082785e-05 -1.73534066e-15  6.97082785e-05  6.62755070e-18 
 6.98082785e-05  4.56870997e-13  6.98082785e-05  0.00000000e+00  6.98082785e-05  1.72380307e-15  6.98082785e-05 -6.58348677e-18 
 6.99082785e-05 -4.53833444e-13  6.99082785e-05  0.00000000e+00  6.99082785e-05 -1.71234220e-15  6.99082785e-05  6.53971580e-18 
 7.00082785e-05  4.50816088e-13  7.00082785e-05  0.00000000e+00  7.00082785e-05  1.70095752e-15  7.00082785e-05 -6.49623585e-18 
 7.01082785e-05 -4.47818792e-13  7.01082785e-05  0.00000000e+00  7.01082785e-05 -1.68964853e-15  7.01082785e-05  6.45304498e-18 
 7.02082785e-05  4.44841424e-13  7.02082785e-05  0.00000000e+00  7.02082785e-05  1.67841474e-15  7.02082785e-05 -6.41014127e-18 
 7.03082785e-05 -4.41883852e-13  7.03082785e-05  0.00000000e+00  7.03082785e-05 -1.66725563e-15  7.03082785e-05  6.36752281e-18 
 7.04082785e-05  4.38945943e-13  7.04082785e-05  0.00000000e+00  7.04082785e-05  1.65617071e-15  7.04082785e-05 -6.32518770e-18 
 7.05082785e-05 -4.36027567e-13  7.05082785e-05  0.00000000e+00  7.05082785e-05 -1.64515950e-15  7.05082785e-05  6.28313406e-18 
 7.06082785e-05  4.33128594e-13  7.06082785e-05  0.00000000e+00  7.06082785e-05  1.63422149e-15  7.06082785e-05 -6.24136002e-18 
 7.07082785e-05 -4.30248896e-13  7.07082785e-05  0.00000000e+00  7.07082785e-05 -1.62335621e-15  7.07082785e-05  6.19986371e-18 
 7.08082785e-05  4.27388343e-13  7.08082785e-05  0.00000000e+00  7.08082785e-05  1.61256316e-15  7.08082785e-05 -6.15864330e-18 
 7.09082785e-05 -4.24546809e-13  7.09082785e-05  0.00000000e+00  7.09082785e-05 -1.60184188e-15  7.09082785e-05  6.11769695e-18 
 7.10082785e-05  4.21724167e-13  7.10082785e-05  0.00000000e+00  7.10082785e-05  1.59119187e-15  7.10082785e-05 -6.07702283e-18 
 7.11082785e-05 -4.18920292e-13  7.11082785e-05  0.00000000e+00  7.11082785e-05 -1.58061267e-15  7.11082785e-05  6.03661914e-18 
 7.12082785e-05  4.16135059e-13  7.12082785e-05  0.00000000e+00  7.12082785e-05  1.57010381e-15  7.12082785e-05 -5.99648408e-18 
 7.13082785e-05 -4.13368344e-13  7.13082785e-05  0.00000000e+00  7.13082785e-05 -1.55966482e-15  7.13082785e-05  5.95661586e-18 
 7.14082785e-05  4.10620023e-13  7.14082785e-05  0.00000000e+00  7.14082785e-05  1.54929523e-15  7.14082785e-05 -5.91701270e-18 
 7.15082785e-05 -4.07889975e-13  7.15082785e-05  0.00000000e+00  7.15082785e-05 -1.53899459e-15  7.15082785e-05  5.87767286e-18 
 7.16082785e-05  4.05178078e-13  7.16082785e-05  0.00000000e+00  7.16082785e-05  1.52876243e-15  7.16082785e-05 -5.83859456e-18 
 7.17082785e-05 -4.02484211e-13  7.17082785e-05  0.00000000e+00  7.17082785e-05 -1.51859830e-15  7.17082785e-05  5.79977608e-18 
 7.18082785e-05  3.99808255e-13  7.18082785e-05  0.00000000e+00  7.18082785e-05  1.50850175e-15  7.18082785e-05 -5.76121570e-18 
 7.19082785e-05 -3.97150090e-13  7.19082785e-05  0.00000000e+00  7.19082785e-05 -1.49847233e-15  7.19082785e-05  5.72291168e-18 
 7.20082785e-05  3.94509598e-13  7.20082785e-05  0.00000000e+00  7.20082785e-05  1.48850958e-15  7.20082785e-05 -5.68486233e-18 
 7.21082785e-05 -3.91886662e-13  7.21082785e-05  0.00000000e+00  7.21082785e-05 -1.47861308e-15  7.21082785e-05  5.64706596e-18 
 7.22082785e-05  3.89281164e-13  7.22082785e-05  0.00000000e+00  7.22082785e-05  1.46878237e-15  7.22082785e-05 -5.60952088e-18 
 7.23082785e-05 -3.86692990e-13  7.23082785e-05  0.00000000e+00  7.23082785e-05 -1.45901703e-15  7.23082785e-05  5.57222542e-18 
 7.24082785e-05  3.84122023e-13  7.24082785e-05  0.00000000e+00  7.24082785e-05  1.44931661e-15  7.24082785e-05 -5.53517792e-18 
 7.25082785e-05 -3.81568149e-13  7.25082785e-05  0.00000000e+00  7.25082785e-05 -1.43968068e-15  7.25082785e-05  5.49837674e-18 
 7.26082785e-05  3.79031255e-13  7.26082785e-05  0.00000000e+00  7.26082785e-05  1.43010882e-15  7.26082785e-05 -5.46182024e-18 
 7.27082785e-05 -3.76511228e-13  7.27082785e-05  0.00000000e+00  7.27082785e-05 -1.42060060e-15  7.27082785e-05  5.42550678e-18 
 7.28082785e-05  3.74007956e-13  7.28082785e-05  0.00000000e+00  7.28082785e-05  1.41115560e-15  7.28082785e-05 -5.38943476e-18 
 7.29082785e-05 -3.71521327e-13  7.29082785e-05  0.00000000e+00  7.29082785e-05 -1.40177339e-15  7.29082785e-05  5.35360257e-18 
 7.30082785e-05  3.69051230e-13  7.30082785e-05  0.00000000e+00  7.30082785e-05  1.39245356e-15  7.30082785e-05 -5.31800861e-18 
 7.31082785e-05 -3.66597556e-13  7.31082785e-05  0.00000000e+00  7.31082785e-05 -1.38319569e-15  7.31082785e-05  5.28265130e-18 
 7.32082785e-05  3.64160196e-13  7.32082785e-05  0.00000000e+00  7.32082785e-05  1.37399938e-15  7.32082785e-05 -5.24752906e-18 
 7.33082785e-05 -3.61739041e-13  7.33082785e-05  0.00000000e+00  7.33082785e-05 -1.36486421e-15  7.33082785e-05  5.21264035e-18 
 7.34082785e-05  3.59333983e-13  7.34082785e-05  0.00000000e+00  7.34082785e-05  1.35578977e-15  7.34082785e-05 -5.17798359e-18 
 7.35082785e-05 -3.56944915e-13  7.35082785e-05  0.00000000e+00  7.35082785e-05 -1.34677567e-15  7.35082785e-05  5.14355725e-18 
 7.36082785e-05  3.54571731e-13  7.36082785e-05  0.00000000e+00  7.36082785e-05  1.33782149e-15  7.36082785e-05 -5.10935980e-18 
 7.37082785e-05 -3.52214326e-13  7.37082785e-05  0.00000000e+00  7.37082785e-05 -1.32892686e-15  7.37082785e-05  5.07538971e-18 
 7.38082785e-05  3.49872594e-13  7.38082785e-05  0.00000000e+00  7.38082785e-05  1.32009135e-15  7.38082785e-05 -5.04164547e-18 
 7.39082785e-05 -3.47546431e-13  7.39082785e-05  0.00000000e+00  7.39082785e-05 -1.31131459e-15  7.39082785e-05  5.00812559e-18 
 7.40082785e-05  3.45235734e-13  7.40082785e-05  0.00000000e+00  7.40082785e-05  1.30259619e-15  7.40082785e-05 -4.97482857e-18 
 7.41082785e-05 -3.42940400e-13  7.41082785e-05  0.00000000e+00  7.41082785e-05 -1.29393575e-15  7.41082785e-05  4.94175293e-18 
 7.42082785e-05  3.40660326e-13  7.42082785e-05  0.00000000e+00  7.42082785e-05  1.28533289e-15  7.42082785e-05 -4.90889719e-18 
 7.43082785e-05 -3.38395412e-13  7.43082785e-05  0.00000000e+00  7.43082785e-05 -1.27678722e-15  7.43082785e-05  4.87625990e-18 
 7.44082785e-05  3.36145557e-13  7.44082785e-05  0.00000000e+00  7.44082785e-05  1.26829838e-15  7.44082785e-05 -4.84383960e-18 
 7.45082785e-05 -3.33910660e-13  7.45082785e-05  0.00000000e+00  7.45082785e-05 -1.25986597e-15  7.45082785e-05  4.81163485e-18 
 7.46082785e-05  3.31690621e-13  7.46082785e-05  0.00000000e+00  7.46082785e-05  1.25148962e-15  7.46082785e-05 -4.77964422e-18 
 7.47082785e-05 -3.29485343e-13  7.47082785e-05  0.00000000e+00  7.47082785e-05 -1.24316897e-15  7.47082785e-05  4.74786628e-18 
 7.48082785e-05  3.27294727e-13  7.48082785e-05  0.00000000e+00  7.48082785e-05  1.23490364e-15  7.48082785e-05 -4.71629962e-18 
 7.49082785e-05 -3.25118675e-13  7.49082785e-05  0.00000000e+00  7.49082785e-05 -1.22669326e-15  7.49082785e-05  4.68494283e-18 
 7.50082785e-05  3.22957092e-13  7.50082785e-05  0.00000000e+00  7.50082785e-05  1.21853747e-15  7.50082785e-05 -4.65379452e-18 
 7.51082785e-05 -3.20809879e-13  7.51082785e-05  0.00000000e+00  7.51082785e-05 -1.21043590e-15  7.51082785e-05  4.62285330e-18 
 7.52082785e-05  3.18676943e-13  7.52082785e-05  0.00000000e+00  7.52082785e-05  1.20238820e-15  7.52082785e-05 -4.59211780e-18 
 7.53082785e-05 -3.16558187e-13  7.53082785e-05  0.00000000e+00  7.53082785e-05 -1.19439400e-15  7.53082785e-05  4.56158665e-18 
 7.54082785e-05  3.14453519e-13  7.54082785e-05  0.00000000e+00  7.54082785e-05  1.18645295e-15  7.54082785e-05 -4.53125849e-18 
 7.55082785e-05 -3.12362843e-13  7.55082785e-05  0.00000000e+00  7.55082785e-05 -1.17856470e-15  7.55082785e-05  4.50113196e-18 
 7.56082785e-05  3.10286068e-13  7.56082785e-05  0.00000000e+00  7.56082785e-05  1.17072889e-15  7.56082785e-05 -4.47120574e-18 
 7.57082785e-05 -3.08223100e-13  7.57082785e-05  0.00000000e+00  7.57082785e-05 -1.16294519e-15  7.57082785e-05  4.44147848e-18 
 7.58082785e-05  3.06173848e-13  7.58082785e-05  0.00000000e+00  7.58082785e-05  1.15521323e-15  7.58082785e-05 -4.41194887e-18 
 7.59082785e-05 -3.04138221e-13  7.59082785e-05  0.00000000e+00  7.59082785e-05 -1.14753268e-15  7.59082785e-05  4.38261559e-18 
 7.60082785e-05  3.02116127e-13  7.60082785e-05  0.00000000e+00  7.60082785e-05  1.13990320e-15  7.60082785e-05 -4.35347733e-18 
 7.61082785e-05 -3.00107478e-13  7.61082785e-05  0.00000000e+00  7.61082785e-05 -1.13232444e-15  7.61082785e-05  4.32453281e-18 
 7.62082785e-05  2.98112184e-13  7.62082785e-05  0.00000000e+00  7.62082785e-05  1.12479606e-15  7.62082785e-05 -4.29578072e-18 
 7.63082785e-05 -2.96130155e-13  7.63082785e-05  0.00000000e+00  7.63082785e-05 -1.11731774e-15  7.63082785e-05  4.26721979e-18 
 7.64082785e-05  2.94161305e-13  7.64082785e-05  0.00000000e+00  7.64082785e-05  1.10988915e-15  7.64082785e-05 -4.23884876e-18 
 7.65082785e-05 -2.92205544e-13  7.65082785e-05  0.00000000e+00  7.65082785e-05 -1.10250994e-15  7.65082785e-05  4.21066635e-18 
 7.66082785e-05  2.90262786e-13  7.66082785e-05  0.00000000e+00  7.66082785e-05  1.09517979e-15  7.66082785e-05 -4.18267132e-18 
 7.67082785e-05 -2.88332945e-13  7.67082785e-05  0.00000000e+00  7.67082785e-05 -1.08789838e-15  7.67082785e-05  4.15486241e-18 
 7.68082785e-05  2.86415935e-13  7.68082785e-05  0.00000000e+00  7.68082785e-05  1.08066538e-15  7.68082785e-05 -4.12723839e-18 
 7.69082785e-05 -2.84511670e-13  7.69082785e-05  0.00000000e+00  7.69082785e-05 -1.07348047e-15  7.69082785e-05  4.09979804e-18 
 7.70082785e-05  2.82620066e-13  7.70082785e-05  0.00000000e+00  7.70082785e-05  1.06634333e-15  7.70082785e-05 -4.07254012e-18 
 7.71082785e-05 -2.80741038e-13  7.71082785e-05  0.00000000e+00  7.71082785e-05 -1.05925364e-15  7.71082785e-05  4.04546343e-18 
 7.72082785e-05  2.78874503e-13  7.72082785e-05  0.00000000e+00  7.72082785e-05  1.05221108e-15  7.72082785e-05 -4.01856677e-18 
 7.73082785e-05 -2.77020379e-13  7.73082785e-05  0.00000000e+00  7.73082785e-05 -1.04521535e-15  7.73082785e-05  3.99184893e-18 
 7.74082785e-05  2.75178581e-13  7.74082785e-05  0.00000000e+00  7.74082785e-05  1.03826613e-15  7.74082785e-05 -3.96530872e-18 
 7.75082785e-05 -2.73349029e-13  7.75082785e-05  0.00000000e+00  7.75082785e-05 -1.03136312e-15  7.75082785e-05  3.93894497e-18 
 7.76082785e-05  2.71531641e-13  7.76082785e-05  0.00000000e+00  7.76082785e-05  1.02450600e-15  7.76082785e-05 -3.91275651e-18 
 7.77082785e-05 -2.69726335e-13  7.77082785e-05  0.00000000e+00  7.77082785e-05 -1.01769447e-15  7.77082785e-05  3.88674215e-18 
 7.78082785e-05  2.67933033e-13  7.78082785e-05  0.00000000e+00  7.78082785e-05  1.01092822e-15  7.78082785e-05 -3.86090076e-18 
 7.79082785e-05 -2.66151654e-13  7.79082785e-05  0.00000000e+00  7.79082785e-05 -1.00420697e-15  7.79082785e-05  3.83523118e-18 
 7.80082785e-05  2.64382118e-13  7.80082785e-05  0.00000000e+00  7.80082785e-05  9.97530398e-16  7.80082785e-05 -3.80973226e-18 
 7.81082785e-05 -2.62624347e-13  7.81082785e-05  0.00000000e+00  7.81082785e-05 -9.90898218e-16  7.81082785e-05  3.78440288e-18 
 7.82082785e-05  2.60878263e-13  7.82082785e-05  0.00000000e+00  7.82082785e-05  9.84310132e-16  7.82082785e-05 -3.75924190e-18 
 7.83082785e-05 -2.59143788e-13  7.83082785e-05  0.00000000e+00  7.83082785e-05 -9.77765848e-16  7.83082785e-05  3.73424820e-18 
 7.84082785e-05  2.57420845e-13  7.84082785e-05  0.00000000e+00  7.84082785e-05  9.71265075e-16  7.84082785e-05 -3.70942068e-18 
 7.85082785e-05 -2.55709356e-13  7.85082785e-05  0.00000000e+00  7.85082785e-05 -9.64807522e-16  7.85082785e-05  3.68475823e-18 
 7.86082785e-05  2.54009247e-13  7.86082785e-05  0.00000000e+00  7.86082785e-05  9.58392903e-16  7.86082785e-05 -3.66025975e-18 
 7.87082785e-05 -2.52320442e-13  7.87082785e-05  0.00000000e+00  7.87082785e-05 -9.52020933e-16  7.87082785e-05  3.63592415e-18 
 7.88082785e-05  2.50642864e-13  7.88082785e-05  0.00000000e+00  7.88082785e-05  9.45691327e-16  7.88082785e-05 -3.61175034e-18 
 7.89082785e-05 -2.48976440e-13  7.89082785e-05  0.00000000e+00  7.89082785e-05 -9.39403804e-16  7.89082785e-05  3.58773726e-18 
 7.90082785e-05  2.47321095e-13  7.90082785e-05  0.00000000e+00  7.90082785e-05  9.33158084e-16  7.90082785e-05 -3.56388383e-18 
 7.91082785e-05 -2.45676756e-13  7.91082785e-05  0.00000000e+00  7.91082785e-05 -9.26953890e-16  7.91082785e-05  3.54018900e-18 
 7.92082785e-05  2.44043350e-13  7.92082785e-05  0.00000000e+00  7.92082785e-05  9.20790944e-16  7.92082785e-05 -3.51665170e-18 
 7.93082785e-05 -2.42420803e-13  7.93082785e-05  0.00000000e+00  7.93082785e-05 -9.14668974e-16  7.93082785e-05  3.49327089e-18 
 7.94082785e-05  2.40809045e-13  7.94082785e-05  0.00000000e+00  7.94082785e-05  9.08587706e-16  7.94082785e-05 -3.47004553e-18 
 7.95082785e-05 -2.39208002e-13  7.95082785e-05  0.00000000e+00  7.95082785e-05 -9.02546871e-16  7.95082785e-05  3.44697459e-18 
 7.96082785e-05  2.37617604e-13  7.96082785e-05  0.00000000e+00  7.96082785e-05  8.96546198e-16  7.96082785e-05 -3.42405703e-18 
 7.97082785e-05 -2.36037779e-13  7.97082785e-05  0.00000000e+00  7.97082785e-05 -8.90585421e-16  7.97082785e-05  3.40129185e-18 
 7.98082785e-05  2.34468459e-13  7.98082785e-05  0.00000000e+00  7.98082785e-05  8.84664275e-16  7.98082785e-05 -3.37867802e-18 
 7.99082785e-05 -2.32909572e-13  7.99082785e-05  0.00000000e+00  7.99082785e-05 -8.78782497e-16  7.99082785e-05  3.35621454e-18 
 8.00082785e-05  2.31361049e-13  8.00082785e-05  0.00000000e+00  8.00082785e-05  8.72939824e-16  8.00082785e-05 -3.33390042e-18 
 8.01082785e-05 -2.29822822e-13  8.01082785e-05  0.00000000e+00  8.01082785e-05 -8.67135997e-16  8.01082785e-05  3.31173465e-18 
 8.02082785e-05  2.28294822e-13  8.02082785e-05  0.00000000e+00  8.02082785e-05  8.61370757e-16  8.02082785e-05 -3.28971625e-18 
 8.03082785e-05 -2.26776981e-13  8.03082785e-05  0.00000000e+00  8.03082785e-05 -8.55643848e-16  8.03082785e-05  3.26784425e-18 
 8.04082785e-05  2.25269232e-13  8.04082785e-05  0.00000000e+00  8.04082785e-05  8.49955014e-16  8.04082785e-05 -3.24611766e-18 
 8.05082785e-05 -2.23771507e-13  8.05082785e-05  0.00000000e+00  8.05082785e-05 -8.44304004e-16  8.05082785e-05  3.22453552e-18 
 8.06082785e-05  2.22283740e-13  8.06082785e-05  0.00000000e+00  8.06082785e-05  8.38690564e-16  8.06082785e-05 -3.20309688e-18 
 8.07082785e-05 -2.20805864e-13  8.07082785e-05  0.00000000e+00  8.07082785e-05 -8.33114447e-16  8.07082785e-05  3.18180077e-18 
 8.08082785e-05  2.19337815e-13  8.08082785e-05  0.00000000e+00  8.08082785e-05  8.27575402e-16  8.08082785e-05 -3.16064625e-18 
 8.09082785e-05 -2.17879525e-13  8.09082785e-05  0.00000000e+00  8.09082785e-05 -8.22073185e-16  8.09082785e-05  3.13963238e-18 
 8.10082785e-05  2.16430932e-13  8.10082785e-05  0.00000000e+00  8.10082785e-05  8.16607550e-16  8.10082785e-05 -3.11875822e-18 
 8.11082785e-05 -2.14991969e-13  8.11082785e-05  0.00000000e+00  8.11082785e-05 -8.11178253e-16  8.11082785e-05  3.09802284e-18 
 8.12082785e-05  2.13562574e-13  8.12082785e-05  0.00000000e+00  8.12082785e-05  8.05785054e-16  8.12082785e-05 -3.07742533e-18 
 8.13082785e-05 -2.12142682e-13  8.13082785e-05  0.00000000e+00  8.13082785e-05 -8.00427711e-16  8.13082785e-05  3.05696476e-18 
 8.14082785e-05  2.10732230e-13  8.14082785e-05  0.00000000e+00  8.14082785e-05  7.95105988e-16  8.14082785e-05 -3.03664023e-18 
 8.15082785e-05 -2.09331156e-13  8.15082785e-05  0.00000000e+00  8.15082785e-05 -7.89819647e-16  8.15082785e-05  3.01645082e-18 
 8.16082785e-05  2.07939397e-13  8.16082785e-05  0.00000000e+00  8.16082785e-05  7.84568452e-16  8.16082785e-05 -2.99639565e-18 
 8.17082785e-05 -2.06556891e-13  8.17082785e-05  0.00000000e+00  8.17082785e-05 -7.79352171e-16  8.17082785e-05  2.97647381e-18 
 8.18082785e-05  2.05183577e-13  8.18082785e-05  0.00000000e+00  8.18082785e-05  7.74170570e-16  8.18082785e-05 -2.95668443e-18 
 8.19082785e-05 -2.03819393e-13  8.19082785e-05  0.00000000e+00  8.19082785e-05 -7.69023420e-16  8.19082785e-05  2.93702662e-18 
 8.20082785e-05  2.02464280e-13  8.20082785e-05  0.00000000e+00  8.20082785e-05  7.63910491e-16  8.20082785e-05 -2.91749951e-18 
 8.21082785e-05 -2.01118176e-13  8.21082785e-05  0.00000000e+00  8.21082785e-05 -7.58831557e-16  8.21082785e-05  2.89810222e-18 
 8.22082785e-05  1.99781022e-13  8.22082785e-05  0.00000000e+00  8.22082785e-05  7.53786389e-16  8.22082785e-05 -2.87883390e-18 
 8.23082785e-05 -1.98452758e-13  8.23082785e-05  0.00000000e+00  8.23082785e-05 -7.48774766e-16  8.23082785e-05  2.85969369e-18 
 8.24082785e-05  1.97133325e-13  8.24082785e-05  0.00000000e+00  8.24082785e-05  7.43796462e-16  8.24082785e-05 -2.84068073e-18 
 8.25082785e-05 -1.95822664e-13  8.25082785e-05  0.00000000e+00  8.25082785e-05 -7.38851257e-16  8.25082785e-05  2.82179418e-18 
 8.26082785e-05  1.94520718e-13  8.26082785e-05  0.00000000e+00  8.26082785e-05  7.33938931e-16  8.26082785e-05 -2.80303320e-18 
 8.27082785e-05 -1.93227427e-13  8.27082785e-05  0.00000000e+00  8.27082785e-05 -7.29059265e-16  8.27082785e-05  2.78439696e-18 
 8.28082785e-05  1.91942736e-13  8.28082785e-05  0.00000000e+00  8.28082785e-05  7.24212042e-16  8.28082785e-05 -2.76588462e-18 
 8.29082785e-05 -1.90666585e-13  8.29082785e-05  0.00000000e+00  8.29082785e-05 -7.19397046e-16  8.29082785e-05  2.74749535e-18 
 8.30082785e-05  1.89398919e-13  8.30082785e-05  0.00000000e+00  8.30082785e-05  7.14614063e-16  8.30082785e-05 -2.72922836e-18 
 8.31082785e-05 -1.88139682e-13  8.31082785e-05  0.00000000e+00  8.31082785e-05 -7.09862880e-16  8.31082785e-05  2.71108281e-18 
 8.32082785e-05  1.86888816e-13  8.32082785e-05  0.00000000e+00  8.32082785e-05  7.05143286e-16  8.32082785e-05 -2.69305791e-18 
 8.33082785e-05 -1.85646268e-13  8.33082785e-05  0.00000000e+00  8.33082785e-05 -7.00455071e-16  8.33082785e-05  2.67515285e-18 
 8.34082785e-05  1.84411980e-13  8.34082785e-05  0.00000000e+00  8.34082785e-05  6.95798026e-16  8.34082785e-05 -2.65736683e-18 
 8.35082785e-05 -1.83185898e-13  8.35082785e-05  0.00000000e+00  8.35082785e-05 -6.91171943e-16  8.35082785e-05  2.63969906e-18 
 8.36082785e-05  1.81967969e-13  8.36082785e-05  0.00000000e+00  8.36082785e-05  6.86576618e-16  8.36082785e-05 -2.62214876e-18 
 8.37082785e-05 -1.80758137e-13  8.37082785e-05  0.00000000e+00  8.37082785e-05 -6.82011845e-16  8.37082785e-05  2.60471514e-18 
 8.38082785e-05  1.79556348e-13  8.38082785e-05  0.00000000e+00  8.38082785e-05  6.77477421e-16  8.38082785e-05 -2.58739743e-18 
 8.39082785e-05 -1.78362550e-13  8.39082785e-05  0.00000000e+00  8.39082785e-05 -6.72973145e-16  8.39082785e-05  2.57019486e-18 
 8.40082785e-05  1.77176689e-13  8.40082785e-05  0.00000000e+00  8.40082785e-05  6.68498816e-16  8.40082785e-05 -2.55310666e-18 
 8.41082785e-05 -1.75998712e-13  8.41082785e-05  0.00000000e+00  8.41082785e-05 -6.64054235e-16  8.41082785e-05  2.53613208e-18 
 8.42082785e-05  1.74828567e-13  8.42082785e-05  0.00000000e+00  8.42082785e-05  6.59639205e-16  8.42082785e-05 -2.51927035e-18 
 8.43082785e-05 -1.73666202e-13  8.43082785e-05  0.00000000e+00  8.43082785e-05 -6.55253528e-16  8.43082785e-05  2.50252073e-18 
 8.44082785e-05  1.72511565e-13  8.44082785e-05  0.00000000e+00  8.44082785e-05  6.50897009e-16  8.44082785e-05 -2.48588248e-18 
 8.45082785e-05 -1.71364604e-13  8.45082785e-05  0.00000000e+00  8.45082785e-05 -6.46569456e-16  8.45082785e-05  2.46935484e-18 
 8.46082785e-05  1.70225270e-13  8.46082785e-05  0.00000000e+00  8.46082785e-05  6.42270674e-16  8.46082785e-05 -2.45293709e-18 
 8.47082785e-05 -1.69093510e-13  8.47082785e-05  0.00000000e+00  8.47082785e-05 -6.38000474e-16  8.47082785e-05  2.43662849e-18 
 8.48082785e-05  1.67969275e-13  8.48082785e-05  0.00000000e+00  8.48082785e-05  6.33758664e-16  8.48082785e-05 -2.42042832e-18 
 8.49082785e-05 -1.66852515e-13  8.49082785e-05  0.00000000e+00  8.49082785e-05 -6.29545057e-16  8.49082785e-05  2.40433587e-18 
 8.50082785e-05  1.65743179e-13  8.50082785e-05  0.00000000e+00  8.50082785e-05  6.25359464e-16  8.50082785e-05 -2.38835040e-18 
 8.51082785e-05 -1.64641219e-13  8.51082785e-05  0.00000000e+00  8.51082785e-05 -6.21201699e-16  8.51082785e-05  2.37247121e-18 
 8.52082785e-05  1.63546586e-13  8.52082785e-05  0.00000000e+00  8.52082785e-05  6.17071578e-16  8.52082785e-05 -2.35669760e-18 
 8.53082785e-05 -1.62459230e-13  8.53082785e-05  0.00000000e+00  8.53082785e-05 -6.12968916e-16  8.53082785e-05  2.34102886e-18 
 8.54082785e-05  1.61379103e-13  8.54082785e-05  0.00000000e+00  8.54082785e-05  6.08893531e-16  8.54082785e-05 -2.32546430e-18 
 8.55082785e-05 -1.60306158e-13  8.55082785e-05  0.00000000e+00  8.55082785e-05 -6.04845242e-16  8.55082785e-05  2.31000322e-18 
 8.56082785e-05  1.59240347e-13  8.56082785e-05  0.00000000e+00  8.56082785e-05  6.00823868e-16  8.56082785e-05 -2.29464493e-18 
 8.57082785e-05 -1.58181622e-13  8.57082785e-05  0.00000000e+00  8.57082785e-05 -5.96829231e-16  8.57082785e-05  2.27938876e-18 
 8.58082785e-05  1.57129935e-13  8.58082785e-05  0.00000000e+00  8.58082785e-05  5.92861152e-16  8.58082785e-05 -2.26423402e-18 
 8.59082785e-05 -1.56085241e-13  8.59082785e-05  0.00000000e+00  8.59082785e-05 -5.88919456e-16  8.59082785e-05  2.24918003e-18 
 8.60082785e-05  1.55047493e-13  8.60082785e-05  0.00000000e+00  8.60082785e-05  5.85003966e-16  8.60082785e-05 -2.23422613e-18 
 8.61082785e-05 -1.54016644e-13  8.61082785e-05  0.00000000e+00  8.61082785e-05 -5.81114509e-16  8.61082785e-05  2.21937166e-18 
 8.62082785e-05  1.52992649e-13  8.62082785e-05  0.00000000e+00  8.62082785e-05  5.77250911e-16  8.62082785e-05 -2.20461594e-18 
 8.63082785e-05 -1.51975463e-13  8.63082785e-05  0.00000000e+00  8.63082785e-05 -5.73413001e-16  8.63082785e-05  2.18995834e-18 
 8.64082785e-05  1.50965039e-13  8.64082785e-05  0.00000000e+00  8.64082785e-05  5.69600608e-16  8.64082785e-05 -2.17539818e-18 
 8.65082785e-05 -1.49961332e-13  8.65082785e-05  0.00000000e+00  8.65082785e-05 -5.65813561e-16  8.65082785e-05  2.16093483e-18 
 8.66082785e-05  1.48964300e-13  8.66082785e-05  0.00000000e+00  8.66082785e-05  5.62051694e-16  8.66082785e-05 -2.14656764e-18 
 8.67082785e-05 -1.47973896e-13  8.67082785e-05  0.00000000e+00  8.67082785e-05 -5.58314837e-16  8.67082785e-05  2.13229597e-18 
 8.68082785e-05  1.46990076e-13  8.68082785e-05  0.00000000e+00  8.68082785e-05  5.54602825e-16  8.68082785e-05 -2.11811919e-18 
 8.69082785e-05 -1.46012798e-13  8.69082785e-05  0.00000000e+00  8.69082785e-05 -5.50915493e-16  8.69082785e-05  2.10403666e-18 
 8.70082785e-05  1.45042018e-13  8.70082785e-05  0.00000000e+00  8.70082785e-05  5.47252677e-16  8.70082785e-05 -2.09004776e-18 
 8.71082785e-05 -1.44077691e-13  8.71082785e-05  0.00000000e+00  8.71082785e-05 -5.43614213e-16  8.71082785e-05  2.07615187e-18 
 8.72082785e-05  1.43119777e-13  8.72082785e-05  0.00000000e+00  8.72082785e-05  5.39999939e-16  8.72082785e-05 -2.06234837e-18 
 8.73082785e-05 -1.42168230e-13  8.73082785e-05  0.00000000e+00  8.73082785e-05 -5.36409696e-16  8.73082785e-05  2.04863664e-18 
 8.74082785e-05  1.41223011e-13  8.74082785e-05  0.00000000e+00  8.74082785e-05  5.32843323e-16  8.74082785e-05 -2.03501608e-18 
 8.75082785e-05 -1.40284076e-13  8.75082785e-05  0.00000000e+00  8.75082785e-05 -5.29300661e-16  8.75082785e-05  2.02148607e-18 
 8.76082785e-05  1.39351383e-13  8.76082785e-05  0.00000000e+00  8.76082785e-05  5.25781553e-16  8.76082785e-05 -2.00804602e-18 
 8.77082785e-05 -1.38424891e-13  8.77082785e-05  0.00000000e+00  8.77082785e-05 -5.22285842e-16  8.77082785e-05  1.99469533e-18 
 8.78082785e-05  1.37504560e-13  8.78082785e-05  0.00000000e+00  8.78082785e-05  5.18813372e-16  8.78082785e-05 -1.98143340e-18 
 8.79082785e-05 -1.36590347e-13  8.79082785e-05  0.00000000e+00  8.79082785e-05 -5.15363990e-16  8.79082785e-05  1.96825964e-18 
 8.80082785e-05  1.35682212e-13  8.80082785e-05  0.00000000e+00  8.80082785e-05  5.11937541e-16  8.80082785e-05 -1.95517347e-18 
 8.81082785e-05 -1.34780116e-13  8.81082785e-05  0.00000000e+00  8.81082785e-05 -5.08533874e-16  8.81082785e-05  1.94217430e-18 
 8.82082785e-05  1.33884017e-13  8.82082785e-05  0.00000000e+00  8.82082785e-05  5.05152835e-16  8.82082785e-05 -1.92926156e-18 
 8.83082785e-05 -1.32993876e-13  8.83082785e-05  0.00000000e+00  8.83082785e-05 -5.01794277e-16  8.83082785e-05  1.91643468e-18 
 8.84082785e-05  1.32109653e-13  8.84082785e-05  0.00000000e+00  8.84082785e-05  4.98458047e-16  8.84082785e-05 -1.90369307e-18 
 8.85082785e-05 -1.31231308e-13  8.85082785e-05  0.00000000e+00  8.85082785e-05 -4.95143999e-16  8.85082785e-05  1.89103618e-18 
 8.86082785e-05  1.30358804e-13  8.86082785e-05  0.00000000e+00  8.86082785e-05  4.91851985e-16  8.86082785e-05 -1.87846343e-18 
 8.87082785e-05 -1.29492100e-13  8.87082785e-05  0.00000000e+00  8.87082785e-05 -4.88581858e-16  8.87082785e-05  1.86597428e-18 
 8.88082785e-05  1.28631159e-13  8.88082785e-05  0.00000000e+00  8.88082785e-05  4.85333473e-16  8.88082785e-05 -1.85356817e-18 
 8.89082785e-05 -1.27775942e-13  8.89082785e-05  0.00000000e+00  8.89082785e-05 -4.82106685e-16  8.89082785e-05  1.84124453e-18 
 8.90082785e-05  1.26926411e-13  8.90082785e-05  0.00000000e+00  8.90082785e-05  4.78901351e-16  8.90082785e-05 -1.82900284e-18 
 8.91082785e-05 -1.26082528e-13  8.91082785e-05  0.00000000e+00  8.91082785e-05 -4.75717328e-16  8.91082785e-05  1.81684253e-18 
 8.92082785e-05  1.25244256e-13  8.92082785e-05  0.00000000e+00  8.92082785e-05  4.72554474e-16  8.92082785e-05 -1.80476307e-18 
 8.93082785e-05 -1.24411557e-13  8.93082785e-05  0.00000000e+00  8.93082785e-05 -4.69412648e-16  8.93082785e-05  1.79276392e-18 
 8.94082785e-05  1.23584395e-13  8.94082785e-05  0.00000000e+00  8.94082785e-05  4.66291712e-16  8.94082785e-05 -1.78084455e-18 
 8.95082785e-05 -1.22762731e-13  8.95082785e-05  0.00000000e+00  8.95082785e-05 -4.63191525e-16  8.95082785e-05  1.76900443e-18 
 8.96082785e-05  1.21946531e-13  8.96082785e-05  0.00000000e+00  8.96082785e-05  4.60111950e-16  8.96082785e-05 -1.75724303e-18 
 8.97082785e-05 -1.21135757e-13  8.97082785e-05  0.00000000e+00  8.97082785e-05 -4.57052850e-16  8.97082785e-05  1.74555982e-18 
 8.98082785e-05  1.20330374e-13  8.98082785e-05  0.00000000e+00  8.98082785e-05  4.54014088e-16  8.98082785e-05 -1.73395430e-18 
 8.99082785e-05 -1.19530346e-13  8.99082785e-05  0.00000000e+00  8.99082785e-05 -4.50995530e-16  8.99082785e-05  1.72242593e-18 
 9.00082785e-05  1.18735636e-13  9.00082785e-05  0.00000000e+00  9.00082785e-05  4.47997042e-16  9.00082785e-05 -1.71097421e-18 
 9.01082785e-05 -1.17946211e-13  9.01082785e-05  0.00000000e+00  9.01082785e-05 -4.45018489e-16  9.01082785e-05  1.69959863e-18 
 9.02082785e-05  1.17162034e-13  9.02082785e-05  0.00000000e+00  9.02082785e-05  4.42059739e-16  9.02082785e-05 -1.68829868e-18 
 9.03082785e-05 -1.16383070e-13  9.03082785e-05  0.00000000e+00  9.03082785e-05 -4.39120661e-16  9.03082785e-05  1.67707385e-18 
 9.04082785e-05  1.15609286e-13  9.04082785e-05  0.00000000e+00  9.04082785e-05  4.36201123e-16  9.04082785e-05 -1.66592366e-18 
 9.05082785e-05 -1.14840646e-13  9.05082785e-05  0.00000000e+00  9.05082785e-05 -4.33300997e-16  9.05082785e-05  1.65484760e-18 
 9.06082785e-05  1.14077116e-13  9.06082785e-05  0.00000000e+00  9.06082785e-05  4.30420152e-16  9.06082785e-05 -1.64384518e-18 
 9.07082785e-05 -1.13318663e-13  9.07082785e-05  0.00000000e+00  9.07082785e-05 -4.27558461e-16  9.07082785e-05  1.63291591e-18 
 9.08082785e-05  1.12565253e-13  9.08082785e-05  0.00000000e+00  9.08082785e-05  4.24715796e-16  9.08082785e-05 -1.62205931e-18 
 9.09082785e-05 -1.11816852e-13  9.09082785e-05  0.00000000e+00  9.09082785e-05 -4.21892031e-16  9.09082785e-05  1.61127489e-18 
 9.10082785e-05  1.11073426e-13  9.10082785e-05  0.00000000e+00  9.10082785e-05  4.19087039e-16  9.10082785e-05 -1.60056217e-18 
 9.11082785e-05 -1.10334943e-13  9.11082785e-05  0.00000000e+00  9.11082785e-05 -4.16300697e-16  9.11082785e-05  1.58992067e-18 
 9.12082785e-05  1.09601371e-13  9.12082785e-05  0.00000000e+00  9.12082785e-05  4.13532881e-16  9.12082785e-05 -1.57934992e-18 
 9.13082785e-05 -1.08872675e-13  9.13082785e-05  0.00000000e+00  9.13082785e-05 -4.10783466e-16  9.13082785e-05  1.56884946e-18 
 9.14082785e-05  1.08148824e-13  9.14082785e-05  0.00000000e+00  9.14082785e-05  4.08052332e-16  9.14082785e-05 -1.55841881e-18 
 9.15082785e-05 -1.07429786e-13  9.15082785e-05  0.00000000e+00  9.15082785e-05 -4.05339355e-16  9.15082785e-05  1.54805750e-18 
 9.16082785e-05  1.06715528e-13  9.16082785e-05  0.00000000e+00  9.16082785e-05  4.02644416e-16  9.16082785e-05 -1.53776509e-18 
 9.17082785e-05 -1.06006020e-13  9.17082785e-05  0.00000000e+00  9.17082785e-05 -3.99967394e-16  9.17082785e-05  1.52754111e-18 
 9.18082785e-05  1.05301228e-13  9.18082785e-05  0.00000000e+00  9.18082785e-05  3.97308171e-16  9.18082785e-05 -1.51738510e-18 
 9.19082785e-05 -1.04601122e-13  9.19082785e-05  0.00000000e+00  9.19082785e-05 -3.94666629e-16  9.19082785e-05  1.50729661e-18 
 9.20082785e-05  1.03905671e-13  9.20082785e-05  0.00000000e+00  9.20082785e-05  3.92042648e-16  9.20082785e-05 -1.49727520e-18 
 9.21082785e-05 -1.03214844e-13  9.21082785e-05  0.00000000e+00  9.21082785e-05 -3.89436114e-16  9.21082785e-05  1.48732042e-18 
 9.22082785e-05  1.02528610e-13  9.22082785e-05  0.00000000e+00  9.22082785e-05  3.86846909e-16  9.22082785e-05 -1.47743182e-18 
 9.23082785e-05 -1.01846938e-13  9.23082785e-05  0.00000000e+00  9.23082785e-05 -3.84274919e-16  9.23082785e-05  1.46760897e-18 
 9.24082785e-05  1.01169799e-13  9.24082785e-05  0.00000000e+00  9.24082785e-05  3.81720029e-16  9.24082785e-05 -1.45785142e-18 
 9.25082785e-05 -1.00497161e-13  9.25082785e-05  0.00000000e+00  9.25082785e-05 -3.79182125e-16  9.25082785e-05  1.44815875e-18 
 9.26082785e-05  9.98289959e-14  9.26082785e-05  0.00000000e+00  9.26082785e-05  3.76661095e-16  9.26082785e-05 -1.43853052e-18 
 9.27082785e-05 -9.91652729e-14  9.27082785e-05  0.00000000e+00  9.27082785e-05 -3.74156826e-16  9.27082785e-05  1.42896631e-18 
 9.28082785e-05  9.85059627e-14  9.28082785e-05  0.00000000e+00  9.28082785e-05  3.71669207e-16  9.28082785e-05 -1.41946568e-18 
 9.29082785e-05 -9.78510360e-14  9.29082785e-05  0.00000000e+00  9.29082785e-05 -3.69198127e-16  9.29082785e-05  1.41002823e-18 
 9.30082785e-05  9.72004636e-14  9.30082785e-05  0.00000000e+00  9.30082785e-05  3.66743477e-16  9.30082785e-05 -1.40065351e-18 
 9.31082785e-05 -9.65542167e-14  9.31082785e-05  0.00000000e+00  9.31082785e-05 -3.64305146e-16  9.31082785e-05  1.39134113e-18 
 9.32082785e-05  9.59122663e-14  9.32082785e-05  0.00000000e+00  9.32082785e-05  3.61883027e-16  9.32082785e-05 -1.38209066e-18 
 9.33082785e-05 -9.52745841e-14  9.33082785e-05  0.00000000e+00  9.33082785e-05 -3.59477012e-16  9.33082785e-05  1.37290169e-18 
 9.34082785e-05  9.46411415e-14  9.34082785e-05  0.00000000e+00  9.34082785e-05  3.57086993e-16  9.34082785e-05 -1.36377382e-18 
 9.35082785e-05 -9.40119105e-14  9.35082785e-05  0.00000000e+00  9.35082785e-05 -3.54712865e-16  9.35082785e-05  1.35470663e-18 
 9.36082785e-05  9.33868629e-14  9.36082785e-05  0.00000000e+00  9.36082785e-05  3.52354521e-16  9.36082785e-05 -1.34569973e-18 
 9.37082785e-05 -9.27659711e-14  9.37082785e-05  0.00000000e+00  9.37082785e-05 -3.50011857e-16  9.37082785e-05  1.33675271e-18 
 9.38082785e-05  9.21492073e-14  9.38082785e-05  0.00000000e+00  9.38082785e-05  3.47684768e-16  9.38082785e-05 -1.32786518e-18 
 9.39082785e-05 -9.15365441e-14  9.39082785e-05  0.00000000e+00  9.39082785e-05 -3.45373152e-16  9.39082785e-05  1.31903673e-18 
 9.40082785e-05  9.09279543e-14  9.40082785e-05  0.00000000e+00  9.40082785e-05  3.43076904e-16  9.40082785e-05 -1.31026699e-18 
 9.41082785e-05 -9.03234107e-14  9.41082785e-05  0.00000000e+00  9.41082785e-05 -3.40795923e-16  9.41082785e-05  1.30155555e-18 
 9.42082785e-05  8.97228865e-14  9.42082785e-05  0.00000000e+00  9.42082785e-05  3.38530107e-16  9.42082785e-05 -1.29290202e-18 
 9.43082785e-05 -8.91263550e-14  9.43082785e-05  0.00000000e+00  9.43082785e-05 -3.36279356e-16  9.43082785e-05  1.28430604e-18 
 9.44082785e-05  8.85337895e-14  9.44082785e-05  0.00000000e+00  9.44082785e-05  3.34043569e-16  9.44082785e-05 -1.27576720e-18 
 9.45082785e-05 -8.79451638e-14  9.45082785e-05  0.00000000e+00  9.45082785e-05 -3.31822647e-16  9.45082785e-05  1.26728514e-18 
 9.46082785e-05  8.73604517e-14  9.46082785e-05  0.00000000e+00  9.46082785e-05  3.29616491e-16  9.46082785e-05 -1.25885946e-18 
 9.47082785e-05 -8.67796270e-14  9.47082785e-05  0.00000000e+00  9.47082785e-05 -3.27425003e-16  9.47082785e-05  1.25048981e-18 
 9.48082785e-05  8.62026640e-14  9.48082785e-05  0.00000000e+00  9.48082785e-05  3.25248086e-16  9.48082785e-05 -1.24217581e-18 
 9.49082785e-05 -8.56295370e-14  9.49082785e-05  0.00000000e+00  9.49082785e-05 -3.23085641e-16  9.49082785e-05  1.23391708e-18 
 9.50082785e-05  8.50602205e-14  9.50082785e-05  0.00000000e+00  9.50082785e-05  3.20937574e-16  9.50082785e-05 -1.22571326e-18 
 9.51082785e-05 -8.44946892e-14  9.51082785e-05  0.00000000e+00  9.51082785e-05 -3.18803789e-16  9.51082785e-05  1.21756398e-18 
 9.52082785e-05  8.39329178e-14  9.52082785e-05  0.00000000e+00  9.52082785e-05  3.16684190e-16  9.52082785e-05 -1.20946888e-18 
 9.53082785e-05 -8.33748815e-14  9.53082785e-05  0.00000000e+00  9.53082785e-05 -3.14578684e-16  9.53082785e-05  1.20142761e-18 
 9.54082785e-05  8.28205553e-14  9.54082785e-05  0.00000000e+00  9.54082785e-05  3.12487176e-16  9.54082785e-05 -1.19343980e-18 
 9.55082785e-05 -8.22699145e-14  9.55082785e-05  0.00000000e+00  9.55082785e-05 -3.10409574e-16  9.55082785e-05  1.18550509e-18 
 9.56082785e-05  8.17229348e-14  9.56082785e-05  0.00000000e+00  9.56082785e-05  3.08345785e-16  9.56082785e-05 -1.17762315e-18 
 9.57082785e-05 -8.11795918e-14  9.57082785e-05  0.00000000e+00  9.57082785e-05 -3.06295717e-16  9.57082785e-05  1.16979360e-18 
 9.58082785e-05  8.06398612e-14  9.58082785e-05  0.00000000e+00  9.58082785e-05  3.04259280e-16  9.58082785e-05 -1.16201611e-18 
 9.59082785e-05 -8.01037190e-14  9.59082785e-05  0.00000000e+00  9.59082785e-05 -3.02236382e-16  9.59082785e-05  1.15429033e-18 
 9.60082785e-05  7.95711415e-14  9.60082785e-05  0.00000000e+00  9.60082785e-05  3.00226933e-16  9.60082785e-05 -1.14661592e-18 
 9.61082785e-05 -7.90421048e-14  9.61082785e-05  0.00000000e+00  9.61082785e-05 -2.98230844e-16  9.61082785e-05  1.13899253e-18 
 9.62082785e-05  7.85165855e-14  9.62082785e-05  0.00000000e+00  9.62082785e-05  2.96248027e-16  9.62082785e-05 -1.13141982e-18 
 9.63082785e-05 -7.79945602e-14  9.63082785e-05  0.00000000e+00  9.63082785e-05 -2.94278392e-16  9.63082785e-05  1.12389747e-18 
 9.64082785e-05  7.74760056e-14  9.64082785e-05  0.00000000e+00  9.64082785e-05  2.92321853e-16  9.64082785e-05 -1.11642512e-18 
 9.65082785e-05 -7.69608986e-14  9.65082785e-05  0.00000000e+00  9.65082785e-05 -2.90378322e-16  9.65082785e-05  1.10900246e-18 
 9.66082785e-05  7.64492165e-14  9.66082785e-05  0.00000000e+00  9.66082785e-05  2.88447713e-16  9.66082785e-05 -1.10162914e-18 
 9.67082785e-05 -7.59409362e-14  9.67082785e-05  0.00000000e+00  9.67082785e-05 -2.86529940e-16  9.67082785e-05  1.09430485e-18 
 9.68082785e-05  7.54360353e-14  9.68082785e-05  0.00000000e+00  9.68082785e-05  2.84624917e-16  9.68082785e-05 -1.08702926e-18 
 9.69082785e-05 -7.49344914e-14  9.69082785e-05  0.00000000e+00  9.69082785e-05 -2.82732560e-16  9.69082785e-05  1.07980204e-18 
 9.70082785e-05  7.44362819e-14  9.70082785e-05  0.00000000e+00  9.70082785e-05  2.80852784e-16  9.70082785e-05 -1.07262286e-18 
 9.71082785e-05 -7.39413849e-14  9.71082785e-05  0.00000000e+00  9.71082785e-05 -2.78985507e-16  9.71082785e-05  1.06549143e-18 
 9.72082785e-05  7.34497782e-14  9.72082785e-05  0.00000000e+00  9.72082785e-05  2.77130644e-16  9.72082785e-05 -1.05840740e-18 
 9.73082785e-05 -7.29614401e-14  9.73082785e-05  0.00000000e+00  9.73082785e-05 -2.75288113e-16  9.73082785e-05  1.05137047e-18 
 9.74082785e-05  7.24763487e-14  9.74082785e-05  0.00000000e+00  9.74082785e-05  2.73457833e-16  9.74082785e-05 -1.04438033e-18 
 9.75082785e-05 -7.19944825e-14  9.75082785e-05  0.00000000e+00  9.75082785e-05 -2.71639721e-16  9.75082785e-05  1.03743666e-18 
 9.76082785e-05  7.15158200e-14  9.76082785e-05  0.00000000e+00  9.76082785e-05  2.69833697e-16  9.76082785e-05 -1.03053916e-18 
 9.77082785e-05 -7.10403399e-14  9.77082785e-05  0.00000000e+00  9.77082785e-05 -2.68039681e-16  9.77082785e-05  1.02368752e-18 
 9.78082785e-05  7.05680212e-14  9.78082785e-05  0.00000000e+00  9.78082785e-05  2.66257593e-16  9.78082785e-05 -1.01688143e-18 
 9.79082785e-05 -7.00988426e-14  9.79082785e-05  0.00000000e+00  9.79082785e-05 -2.64487352e-16  9.79082785e-05  1.01012060e-18 
 9.80082785e-05  6.96327835e-14  9.80082785e-05  0.00000000e+00  9.80082785e-05  2.62728882e-16  9.80082785e-05 -1.00340471e-18 
 9.81082785e-05 -6.91698230e-14  9.81082785e-05  0.00000000e+00  9.81082785e-05 -2.60982103e-16  9.81082785e-05  9.96733472e-19 
 9.82082785e-05  6.87099406e-14  9.82082785e-05  0.00000000e+00  9.82082785e-05  2.59246937e-16  9.82082785e-05 -9.90106591e-19 
 9.83082785e-05 -6.82531157e-14  9.83082785e-05  0.00000000e+00  9.83082785e-05 -2.57523308e-16  9.83082785e-05  9.83523768e-19 
 9.84082785e-05  6.77993281e-14  9.84082785e-05  0.00000000e+00  9.84082785e-05  2.55811139e-16  9.84082785e-05 -9.76984713e-19 
 9.85082785e-05 -6.73485575e-14  9.85082785e-05  0.00000000e+00  9.85082785e-05 -2.54110353e-16  9.85082785e-05  9.70489133e-19 
 9.86082785e-05  6.69007839e-14  9.86082785e-05  0.00000000e+00  9.86082785e-05  2.52420875e-16  9.86082785e-05 -9.64036739e-19 
 9.87082785e-05 -6.64559874e-14  9.87082785e-05  0.00000000e+00  9.87082785e-05 -2.50742630e-16  9.87082785e-05  9.57627245e-19 
 9.88082785e-05  6.60141481e-14  9.88082785e-05  0.00000000e+00  9.88082785e-05  2.49075542e-16  9.88082785e-05 -9.51260365e-19 
 9.89082785e-05 -6.55752465e-14  9.89082785e-05  0.00000000e+00  9.89082785e-05 -2.47419539e-16  9.89082785e-05  9.44935815e-19 
 9.90082785e-05  6.51392629e-14  9.90082785e-05  0.00000000e+00  9.90082785e-05  2.45774546e-16  9.90082785e-05 -9.38653315e-19 
 9.91082785e-05 -6.47061780e-14  9.91082785e-05  0.00000000e+00  9.91082785e-05 -2.44140489e-16  9.91082785e-05  9.32412586e-19 
 9.92082785e-05  6.42759726e-14  9.92082785e-05  0.00000000e+00  9.92082785e-05  2.42517297e-16  9.92082785e-05 -9.26213348e-19 
 9.93082785e-05 -6.38486274e-14  9.93082785e-05  0.00000000e+00  9.93082785e-05 -2.40904896e-16  9.93082785e-05  9.20055326e-19 
 9.94082785e-05  6.34241234e-14  9.94082785e-05  0.00000000e+00  9.94082785e-05  2.39303216e-16  9.94082785e-05 -9.13938247e-19 
 9.95082785e-05 -6.30024418e-14  9.95082785e-05  0.00000000e+00  9.95082785e-05 -2.37712185e-16  9.95082785e-05  9.07861837e-19 
 9.96082785e-05  6.25835638e-14  9.96082785e-05  0.00000000e+00  9.96082785e-05  2.36131732e-16  9.96082785e-05 -9.01825827e-19 
 9.97082785e-05 -6.21674708e-14  9.97082785e-05  0.00000000e+00  9.97082785e-05 -2.34561786e-16  9.97082785e-05  8.95829949e-19 
 9.98082785e-05  6.17541441e-14  9.98082785e-05  0.00000000e+00  9.98082785e-05  2.33002279e-16  9.98082785e-05 -8.89873934e-19 
 9.99082785e-05 -6.13435656e-14  9.99082785e-05  0.00000000e+00  9.99082785e-05 -2.31453140e-16  9.99082785e-05  8.83957519e-19 
 1.00008279e-04  6.09357168e-14  1.00008279e-04  0.00000000e+00  1.00008279e-04  2.29914301e-16  1.00008279e-04 -8.78080439e-19 
 1.00108279e-04 -6.05305796e-14  1.00108279e-04  0.00000000e+00  1.00108279e-04 -2.28385693e-16  1.00108279e-04  8.72242434e-19 
 1.00208279e-04  6.01281360e-14  1.00208279e-04  0.00000000e+00  1.00208279e-04  2.26867248e-16  1.00208279e-04 -8.66443243e-19 
 1.00308279e-04 -5.97283681e-14  1.00308279e-04  0.00000000e+00  1.00308279e-04 -2.25358898e-16  1.00308279e-04  8.60682609e-19 
 1.00408279e-04  5.93312581e-14  1.00408279e-04  0.00000000e+00  1.00408279e-04  2.23860577e-16  1.00408279e-04 -8.54960275e-19 
 1.00508279e-04 -5.89367883e-14  1.00508279e-04  0.00000000e+00  1.00508279e-04 -2.22372218e-16  1.00508279e-04  8.49275986e-19 
 1.00608279e-04  5.85449412e-14  1.00608279e-04  0.00000000e+00  1.00608279e-04  2.20893754e-16  1.00608279e-04 -8.43629490e-19 
 1.00708279e-04 -5.81556994e-14  1.00708279e-04  0.00000000e+00  1.00708279e-04 -2.19425120e-16  1.00708279e-04  8.38020536e-19 
 1.00808279e-04  5.77690454e-14  1.00808279e-04  0.00000000e+00  1.00808279e-04  2.17966250e-16  1.00808279e-04 -8.32448873e-19 
 1.00908279e-04 -5.73849622e-14  1.00908279e-04  0.00000000e+00  1.00908279e-04 -2.16517080e-16  1.00908279e-04  8.26914254e-19 
 1.01008279e-04  5.70034325e-14  1.01008279e-04  0.00000000e+00  1.01008279e-04  2.15077544e-16  1.01008279e-04 -8.21416432e-19 
 1.01108279e-04 -5.66244395e-14  1.01108279e-04  0.00000000e+00  1.01108279e-04 -2.13647580e-16  1.01108279e-04  8.15955163e-19 
 1.01208279e-04  5.62479663e-14  1.01208279e-04  0.00000000e+00  1.01208279e-04  2.12227123e-16  1.01208279e-04 -8.10530204e-19 
 1.01308279e-04 -5.58739961e-14  1.01308279e-04  0.00000000e+00  1.01308279e-04 -2.10816110e-16  1.01308279e-04  8.05141313e-19 
 1.01408279e-04  5.55025123e-14  1.01408279e-04  0.00000000e+00  1.01408279e-04  2.09414478e-16  1.01408279e-04 -7.99788251e-19 
 1.01508279e-04 -5.51334983e-14  1.01508279e-04  0.00000000e+00  1.01508279e-04 -2.08022165e-16  1.01508279e-04  7.94470779e-19 
 1.01608279e-04  5.47669377e-14  1.01608279e-04  0.00000000e+00  1.01608279e-04  2.06639109e-16  1.01608279e-04 -7.89188661e-19 
 1.01708279e-04 -5.44028143e-14  1.01708279e-04  0.00000000e+00  1.01708279e-04 -2.05265248e-16  1.01708279e-04  7.83941662e-19 
 1.01808279e-04  5.40411118e-14  1.01808279e-04  0.00000000e+00  1.01808279e-04  2.03900522e-16  1.01808279e-04 -7.78729548e-19 
 1.01908279e-04 -5.36818141e-14  1.01908279e-04  0.00000000e+00  1.01908279e-04 -2.02544869e-16  1.01908279e-04  7.73552086e-19 
 1.02008279e-04  5.33249052e-14  1.02008279e-04  0.00000000e+00  1.02008279e-04  2.01198229e-16  1.02008279e-04 -7.68409049e-19 
 1.02108279e-04 -5.29703692e-14  1.02108279e-04  0.00000000e+00  1.02108279e-04 -1.99860542e-16  1.02108279e-04  7.63300204e-19 
 1.02208279e-04  5.26181905e-14  1.02208279e-04  0.00000000e+00  1.02208279e-04  1.98531750e-16  1.02208279e-04 -7.58225327e-19 
 1.02308279e-04 -5.22683532e-14  1.02308279e-04  0.00000000e+00  1.02308279e-04 -1.97211792e-16  1.02308279e-04  7.53184190e-19 
 1.02408279e-04  5.19208418e-14  1.02408279e-04  0.00000000e+00  1.02408279e-04  1.95900609e-16  1.02408279e-04 -7.48176571e-19 
 1.02508279e-04 -5.15756410e-14  1.02508279e-04  0.00000000e+00  1.02508279e-04 -1.94598145e-16  1.02508279e-04  7.43202244e-19 
 1.02608279e-04  5.12327352e-14  1.02608279e-04  0.00000000e+00  1.02608279e-04  1.93304340e-16  1.02608279e-04 -7.38260990e-19 
 1.02708279e-04 -5.08921092e-14  1.02708279e-04  0.00000000e+00  1.02708279e-04 -1.92019136e-16  1.02708279e-04  7.33352588e-19 
 1.02808279e-04  5.05537480e-14  1.02808279e-04  0.00000000e+00  1.02808279e-04  1.90742478e-16  1.02808279e-04 -7.28476821e-19 
 1.02908279e-04 -5.02176363e-14  1.02908279e-04  0.00000000e+00  1.02908279e-04 -1.89474308e-16  1.02908279e-04  7.23633470e-19 
 1.03008279e-04  4.98837594e-14  1.03008279e-04  0.00000000e+00  1.03008279e-04  1.88214569e-16  1.03008279e-04 -7.18822321e-19 
 1.03108279e-04 -4.95521023e-14  1.03108279e-04  0.00000000e+00  1.03108279e-04 -1.86963206e-16  1.03108279e-04  7.14043159e-19 
 1.03208279e-04  4.92226502e-14  1.03208279e-04  0.00000000e+00  1.03208279e-04  1.85720162e-16  1.03208279e-04 -7.09295772e-19 
 1.03308279e-04 -4.88953885e-14  1.03308279e-04  0.00000000e+00  1.03308279e-04 -1.84485383e-16  1.03308279e-04  7.04579948e-19 
 1.03408279e-04  4.85703026e-14  1.03408279e-04  0.00000000e+00  1.03408279e-04  1.83258814e-16  1.03408279e-04 -6.99895479e-19 
 1.03508279e-04 -4.82473781e-14  1.03508279e-04  0.00000000e+00  1.03508279e-04 -1.82040399e-16  1.03508279e-04  6.95242154e-19 
 1.03608279e-04  4.79266006e-14  1.03608279e-04  0.00000000e+00  1.03608279e-04  1.80830086e-16  1.03608279e-04 -6.90619767e-19 
 1.03708279e-04 -4.76079559e-14  1.03708279e-04  0.00000000e+00  1.03708279e-04 -1.79627819e-16  1.03708279e-04  6.86028113e-19 
 1.03808279e-04  4.72914296e-14  1.03808279e-04  0.00000000e+00  1.03808279e-04  1.78433545e-16  1.03808279e-04 -6.81466987e-19 
 1.03908279e-04 -4.69770078e-14  1.03908279e-04  0.00000000e+00  1.03908279e-04 -1.77247212e-16  1.03908279e-04  6.76936185e-19 
 1.04008279e-04  4.66646765e-14  1.04008279e-04  0.00000000e+00  1.04008279e-04  1.76068766e-16  1.04008279e-04 -6.72435508e-19 
 1.04108279e-04 -4.63544218e-14  1.04108279e-04  0.00000000e+00  1.04108279e-04 -1.74898156e-16  1.04108279e-04  6.67964753e-19 
 1.04208279e-04  4.60462298e-14  1.04208279e-04  0.00000000e+00  1.04208279e-04  1.73735328e-16  1.04208279e-04 -6.63523723e-19 
 1.04308279e-04 -4.57400869e-14  1.04308279e-04  0.00000000e+00  1.04308279e-04 -1.72580231e-16  1.04308279e-04  6.59112220e-19 
 1.04408279e-04  4.54359793e-14  1.04408279e-04  0.00000000e+00  1.04408279e-04  1.71432814e-16  1.04408279e-04 -6.54730047e-19 
 1.04508279e-04 -4.51338937e-14  1.04508279e-04  0.00000000e+00  1.04508279e-04 -1.70293026e-16  1.04508279e-04  6.50377009e-19 
 1.04608279e-04  4.48338165e-14  1.04608279e-04  0.00000000e+00  1.04608279e-04  1.69160816e-16  1.04608279e-04 -6.46052912e-19 
 1.04708279e-04 -4.45357344e-14  1.04708279e-04  0.00000000e+00  1.04708279e-04 -1.68036134e-16  1.04708279e-04  6.41757565e-19 
 1.04808279e-04  4.42396342e-14  1.04808279e-04  0.00000000e+00  1.04808279e-04  1.66918929e-16  1.04808279e-04 -6.37490776e-19 
 1.04908279e-04 -4.39455025e-14  1.04908279e-04  0.00000000e+00  1.04908279e-04 -1.65809152e-16  1.04908279e-04  6.33252355e-19 
 1.05008279e-04  4.36533265e-14  1.05008279e-04  0.00000000e+00  1.05008279e-04  1.64706753e-16  1.05008279e-04 -6.29042114e-19 
 1.05108279e-04 -4.33630930e-14  1.05108279e-04  0.00000000e+00  1.05108279e-04 -1.63611684e-16  1.05108279e-04  6.24859865e-19 
 1.05208279e-04  4.30747892e-14  1.05208279e-04  0.00000000e+00  1.05208279e-04  1.62523895e-16  1.05208279e-04 -6.20705422e-19 
 1.05308279e-04 -4.27884021e-14  1.05308279e-04  0.00000000e+00  1.05308279e-04 -1.61443339e-16  1.05308279e-04  6.16578600e-19 
 1.05408279e-04  4.25039192e-14  1.05408279e-04  0.00000000e+00  1.05408279e-04  1.60369967e-16  1.05408279e-04 -6.12479216e-19 
 1.05508279e-04 -4.22213277e-14  1.05508279e-04  0.00000000e+00  1.05508279e-04 -1.59303731e-16  1.05508279e-04  6.08407087e-19 
 1.05608279e-04  4.19406150e-14  1.05608279e-04  0.00000000e+00  1.05608279e-04  1.58244584e-16  1.05608279e-04 -6.04362032e-19 
 1.05708279e-04 -4.16617686e-14  1.05708279e-04  0.00000000e+00  1.05708279e-04 -1.57192479e-16  1.05708279e-04  6.00343870e-19 
 1.05808279e-04  4.13847762e-14  1.05808279e-04  0.00000000e+00  1.05808279e-04  1.56147370e-16  1.05808279e-04 -5.96352425e-19 
 1.05908279e-04 -4.11096254e-14  1.05908279e-04  0.00000000e+00  1.05908279e-04 -1.55109208e-16  1.05908279e-04  5.92387516e-19 
 1.06008279e-04  4.08363039e-14  1.06008279e-04  0.00000000e+00  1.06008279e-04  1.54077949e-16  1.06008279e-04 -5.88448969e-19 
 1.06108279e-04 -4.05647997e-14  1.06108279e-04  0.00000000e+00  1.06108279e-04 -1.53053547e-16  1.06108279e-04  5.84536607e-19 
 1.06208279e-04  4.02951006e-14  1.06208279e-04  0.00000000e+00  1.06208279e-04  1.52035955e-16  1.06208279e-04 -5.80650257e-19 
 1.06308279e-04 -4.00271946e-14  1.06308279e-04  0.00000000e+00  1.06308279e-04 -1.51025129e-16  1.06308279e-04  5.76789746e-19 
 1.06408279e-04  3.97610698e-14  1.06408279e-04  0.00000000e+00  1.06408279e-04  1.50021023e-16  1.06408279e-04 -5.72954902e-19 
 1.06508279e-04 -3.94967144e-14  1.06508279e-04  0.00000000e+00  1.06508279e-04 -1.49023593e-16  1.06508279e-04  5.69145555e-19 
 1.06608279e-04  3.92341166e-14  1.06608279e-04  0.00000000e+00  1.06608279e-04  1.48032795e-16  1.06608279e-04 -5.65361534e-19 
 1.06708279e-04 -3.89732646e-14  1.06708279e-04  0.00000000e+00  1.06708279e-04 -1.47048584e-16  1.06708279e-04  5.61602671e-19 
 1.06808279e-04  3.87141470e-14  1.06808279e-04  0.00000000e+00  1.06808279e-04  1.46070917e-16  1.06808279e-04 -5.57868800e-19 
 1.06908279e-04 -3.84567521e-14  1.06908279e-04  0.00000000e+00  1.06908279e-04 -1.45099750e-16  1.06908279e-04  5.54159754e-19 
 1.07008279e-04  3.82010686e-14  1.07008279e-04  0.00000000e+00  1.07008279e-04  1.44135040e-16  1.07008279e-04 -5.50475367e-19 
 1.07108279e-04 -3.79470850e-14  1.07108279e-04  0.00000000e+00  1.07108279e-04 -1.43176744e-16  1.07108279e-04  5.46815477e-19 
 1.07208279e-04  3.76947900e-14  1.07208279e-04  0.00000000e+00  1.07208279e-04  1.42224819e-16  1.07208279e-04 -5.43179920e-19 
 1.07308279e-04 -3.74441725e-14  1.07308279e-04  0.00000000e+00  1.07308279e-04 -1.41279223e-16  1.07308279e-04  5.39568534e-19 
 1.07408279e-04  3.71952211e-14  1.07408279e-04  0.00000000e+00  1.07408279e-04  1.40339914e-16  1.07408279e-04 -5.35981159e-19 
 1.07508279e-04 -3.69479250e-14  1.07508279e-04  0.00000000e+00  1.07508279e-04 -1.39406850e-16  1.07508279e-04  5.32417635e-19 
 1.07608279e-04  3.67022731e-14  1.07608279e-04  0.00000000e+00  1.07608279e-04  1.38479990e-16  1.07608279e-04 -5.28877803e-19 
 1.07708279e-04 -3.64582543e-14  1.07708279e-04  0.00000000e+00  1.07708279e-04 -1.37559292e-16  1.07708279e-04  5.25361507e-19 
 1.07808279e-04  3.62158580e-14  1.07808279e-04  0.00000000e+00  1.07808279e-04  1.36644715e-16  1.07808279e-04 -5.21868589e-19 
 1.07908279e-04 -3.59750733e-14  1.07908279e-04  0.00000000e+00  1.07908279e-04 -1.35736219e-16  1.07908279e-04  5.18398893e-19 
 1.08008279e-04  3.57358894e-14  1.08008279e-04  0.00000000e+00  1.08008279e-04  1.34833764e-16  1.08008279e-04 -5.14952266e-19 
 1.08108279e-04 -3.54982958e-14  1.08108279e-04  0.00000000e+00  1.08108279e-04 -1.33937308e-16  1.08108279e-04  5.11528555e-19 
 1.08208279e-04  3.52622818e-14  1.08208279e-04  0.00000000e+00  1.08208279e-04  1.33046812e-16  1.08208279e-04 -5.08127607e-19 
 1.08308279e-04 -3.50278371e-14  1.08308279e-04  0.00000000e+00  1.08308279e-04 -1.32162237e-16  1.08308279e-04  5.04749270e-19 
 1.08408279e-04  3.47949510e-14  1.08408279e-04  0.00000000e+00  1.08408279e-04  1.31283544e-16  1.08408279e-04 -5.01393394e-19 
 1.08508279e-04 -3.45636133e-14  1.08508279e-04  0.00000000e+00  1.08508279e-04 -1.30410692e-16  1.08508279e-04  4.98059830e-19 
 1.08608279e-04  3.43338137e-14  1.08608279e-04  0.00000000e+00  1.08608279e-04  1.29543643e-16  1.08608279e-04 -4.94748430e-19 
 1.08708279e-04 -3.41055419e-14  1.08708279e-04  0.00000000e+00  1.08708279e-04 -1.28682360e-16  1.08708279e-04  4.91459045e-19 
 1.08808279e-04  3.38787878e-14  1.08808279e-04  0.00000000e+00  1.08808279e-04  1.27826802e-16  1.08808279e-04 -4.88191531e-19 
 1.08908279e-04 -3.36535413e-14  1.08908279e-04  0.00000000e+00  1.08908279e-04 -1.26976933e-16  1.08908279e-04  4.84945741e-19 
 1.09008279e-04  3.34297924e-14  1.09008279e-04  0.00000000e+00  1.09008279e-04  1.26132714e-16  1.09008279e-04 -4.81721531e-19 
 1.09108279e-04 -3.32075311e-14  1.09108279e-04  0.00000000e+00  1.09108279e-04 -1.25294108e-16  1.09108279e-04  4.78518757e-19 
 1.09208279e-04  3.29867475e-14  1.09208279e-04  0.00000000e+00  1.09208279e-04  1.24461078e-16  1.09208279e-04 -4.75337278e-19 
 1.09308279e-04 -3.27674318e-14  1.09308279e-04  0.00000000e+00  1.09308279e-04 -1.23633586e-16  1.09308279e-04  4.72176951e-19 
 1.09408279e-04  3.25495743e-14  1.09408279e-04  0.00000000e+00  1.09408279e-04  1.22811596e-16  1.09408279e-04 -4.69037635e-19 
 1.09508279e-04 -3.23331652e-14  1.09508279e-04  0.00000000e+00  1.09508279e-04 -1.21995071e-16  1.09508279e-04  4.65919192e-19 
 1.09608279e-04  3.21181950e-14  1.09608279e-04  0.00000000e+00  1.09608279e-04  1.21183974e-16  1.09608279e-04 -4.62821482e-19 
 1.09708279e-04 -3.19046539e-14  1.09708279e-04  0.00000000e+00  1.09708279e-04 -1.20378271e-16  1.09708279e-04  4.59744367e-19 
 1.09808279e-04  3.16925327e-14  1.09808279e-04  0.00000000e+00  1.09808279e-04  1.19577924e-16  1.09808279e-04 -4.56687711e-19 
 1.09908279e-04 -3.14818217e-14  1.09908279e-04  0.00000000e+00  1.09908279e-04 -1.18782898e-16  1.09908279e-04  4.53651377e-19 
 1.10000000e-04  3.12536884e-14  1.10000000e-04  0.00000000e+00  1.10000000e-04  1.17922137e-16  1.10000000e-04 -4.50363989e-19 
 1.10001424e-04  6.08944721e-07  1.10001424e-04  2.84820173e-03  1.10001424e-04  9.17479196e-05  1.10001424e-04  2.78897133e-06 
 1.10004272e-04  5.22357499e-06  1.10004272e-04  8.54460519e-03  1.10004272e-04  4.58630098e-04  1.10004272e-04  1.91803519e-05 
 1.10008646e-04  4.35131481e-05  1.10008646e-04  1.72922312e-02  1.10008646e-04  1.73456031e-03  1.10008646e-04  1.14862696e-04 
 1.10013487e-04  1.80607121e-04  1.10013487e-04  2.69733362e-02  1.10013487e-04  4.14615138e-03  1.10013487e-04  3.83511355e-04 
 1.10019605e-04  6.03200043e-04  1.10019605e-04  3.92096404e-02  1.10019605e-04  8.67241022e-03  1.10019605e-04  1.07228761e-03 
 1.10028528e-04  1.94765236e-03  1.10028528e-04  5.70552010e-02  1.10028528e-04  1.81315385e-02  1.10028528e-04  2.97028501e-03 
 1.10043141e-04  6.56313234e-03  1.10043141e-04  8.62822715e-02  1.10043141e-04  4.04198417e-02  1.10043141e-04  8.78820059e-03 
 1.10069652e-04  2.35171523e-02  1.10069652e-04  1.39304416e-01  1.10069652e-04  9.90515990e-02  1.10069652e-04  2.83992975e-02 
 1.10122674e-04  8.60490911e-02  1.10122674e-04  2.45348704e-01  1.10122674e-04  2.64045982e-01  1.10122674e-04  9.65746909e-02 
 1.10208293e-04  2.33914150e-01  1.10208293e-04  4.16585862e-01  1.10208293e-04  5.95249186e-01  1.10208293e-04  2.52791802e-01 
 1.10308293e-04  4.31746698e-01  1.10308293e-04  6.16585862e-01  1.10308293e-04  1.01096730e+00  1.10308293e-04  4.59406135e-01 
 1.10408293e-04  6.32186271e-01  1.10408293e-04  8.16585862e-01  1.10408293e-04  1.42863060e+00  1.10408293e-04  6.68424665e-01 
 1.10508293e-04  8.32174982e-01  1.10508293e-04  1.01658586e+00  1.10508293e-04  1.84579998e+00  1.10508293e-04  8.77012138e-01 
 1.10608293e-04  1.03216383e+00  1.10608293e-04  1.21658586e+00  1.10608293e-04  2.26298530e+00  1.10608293e-04  1.08560128e+00 
 1.10708293e-04  1.23216049e+00  1.10708293e-04  1.41658586e+00  1.10708293e-04  2.68017758e+00  1.10708293e-04  1.29419772e+00 
 1.10808293e-04  1.43215635e+00  1.10808293e-04  1.61658586e+00  1.10808293e-04  3.09736888e+00  1.10808293e-04  1.50279340e+00 
 1.10908293e-04  1.63215216e+00  1.10908293e-04  1.81658586e+00  1.10908293e-04  3.51456016e+00  1.10908293e-04  1.71138904e+00 
 1.11000000e-04  1.81556247e+00  1.11000000e-04  2.00000000e+00  1.11000000e-04  3.89715407e+00  1.11000000e-04  1.90268599e+00 
 1.11010000e-04  1.83510246e+00  1.11010000e-04  2.00000000e+00  1.11010000e-04  3.93445230e+00  1.11010000e-04  1.92285479e+00 
 1.11030000e-04  1.87238776e+00  1.11030000e-04  2.00000000e+00  1.11030000e-04  4.00061303e+00  1.11030000e-04  1.96092451e+00 
 1.11070000e-04  1.93125415e+00  1.11070000e-04  2.00000000e+00  1.11070000e-04  4.08942624e+00  1.11070000e-04  2.01957719e+00 
 1.11150000e-04  1.98865428e+00  1.11150000e-04  2.00000000e+00  1.11150000e-04  4.16183264e+00  1.11150000e-04  2.07536755e+00 
 1.11250000e-04  2.00109794e+00  1.11250000e-04  2.00000000e+00  1.11250000e-04  4.17333086e+00  1.11250000e-04  2.08706661e+00 
 1.11350000e-04  2.00004328e+00  1.11350000e-04  2.00000000e+00  1.11350000e-04  4.17194549e+00  1.11350000e-04  2.08602838e+00 
 1.11450000e-04  1.99992690e+00  1.11450000e-04  2.00000000e+00  1.11450000e-04  4.17188484e+00  1.11450000e-04  2.08593005e+00 
 1.11550000e-04  1.99996257e+00  1.11550000e-04  2.00000000e+00  1.11550000e-04  4.17191548e+00  1.11550000e-04  2.08595787e+00 
 1.11650000e-04  1.99995618e+00  1.11650000e-04  2.00000000e+00  1.11650000e-04  4.17191300e+00  1.11650000e-04  2.08595683e+00 
 1.11750000e-04  1.99996029e+00  1.11750000e-04  2.00000000e+00  1.11750000e-04  4.17191310e+00  1.11750000e-04  2.08595641e+00 
 1.11850000e-04  1.99995653e+00  1.11850000e-04  2.00000000e+00  1.11850000e-04  4.17191281e+00  1.11850000e-04  2.08595651e+00 
 1.11950000e-04  1.99995977e+00  1.11950000e-04  2.00000000e+00  1.11950000e-04  4.17191311e+00  1.11950000e-04  2.08595647e+00 
 1.12050000e-04  1.99995702e+00  1.12050000e-04  2.00000000e+00  1.12050000e-04  4.17191286e+00  1.12050000e-04  2.08595650e+00 
 1.12150000e-04  1.99995935e+00  1.12150000e-04  2.00000000e+00  1.12150000e-04  4.17191307e+00  1.12150000e-04  2.08595648e+00 
 1.12250000e-04  1.99995738e+00  1.12250000e-04  2.00000000e+00  1.12250000e-04  4.17191289e+00  1.12250000e-04  2.08595650e+00 
 1.12350000e-04  1.99995905e+00  1.12350000e-04  2.00000000e+00  1.12350000e-04  4.17191305e+00  1.12350000e-04  2.08595648e+00 
 1.12450000e-04  1.99995763e+00  1.12450000e-04  2.00000000e+00  1.12450000e-04  4.17191291e+00  1.12450000e-04  2.08595649e+00 
 1.12550000e-04  1.99995883e+00  1.12550000e-04  2.00000000e+00  1.12550000e-04  4.17191303e+00  1.12550000e-04  2.08595648e+00 
 1.12650000e-04  1.99995781e+00  1.12650000e-04  2.00000000e+00  1.12650000e-04  4.17191293e+00  1.12650000e-04  2.08595649e+00 
 1.12750000e-04  1.99995868e+00  1.12750000e-04  2.00000000e+00  1.12750000e-04  4.17191301e+00  1.12750000e-04  2.08595648e+00 
 1.12850000e-04  1.99995795e+00  1.12850000e-04  2.00000000e+00  1.12850000e-04  4.17191294e+00  1.12850000e-04  2.08595649e+00 
 1.12950000e-04  1.99995856e+00  1.12950000e-04  2.00000000e+00  1.12950000e-04  4.17191300e+00  1.12950000e-04  2.08595648e+00 
 1.13050000e-04  1.99995804e+00  1.13050000e-04  2.00000000e+00  1.13050000e-04  4.17191295e+00  1.13050000e-04  2.08595649e+00 
 1.13150000e-04  1.99995848e+00  1.13150000e-04  2.00000000e+00  1.13150000e-04  4.17191299e+00  1.13150000e-04  2.08595648e+00 
 1.13250000e-04  1.99995811e+00  1.13250000e-04  2.00000000e+00  1.13250000e-04  4.17191296e+00  1.13250000e-04  2.08595649e+00 
 1.13350000e-04  1.99995843e+00  1.13350000e-04  2.00000000e+00  1.13350000e-04  4.17191299e+00  1.13350000e-04  2.08595649e+00 
 1.13450000e-04  1.99995816e+00  1.13450000e-04  2.00000000e+00  1.13450000e-04  4.17191296e+00  1.13450000e-04  2.08595649e+00 
 1.13550000e-04  1.99995839e+00  1.13550000e-04  2.00000000e+00  1.13550000e-04  4.17191298e+00  1.13550000e-04  2.08595649e+00 
 1.13650000e-04  1.99995819e+00  1.13650000e-04  2.00000000e+00  1.13650000e-04  4.17191297e+00  1.13650000e-04  2.08595649e+00 
 1.13750000e-04  1.99995836e+00  1.13750000e-04  2.00000000e+00  1.13750000e-04  4.17191298e+00  1.13750000e-04  2.08595649e+00 
 1.13850000e-04  1.99995822e+00  1.13850000e-04  2.00000000e+00  1.13850000e-04  4.17191297e+00  1.13850000e-04  2.08595649e+00 
 1.13950000e-04  1.99995834e+00  1.13950000e-04  2.00000000e+00  1.13950000e-04  4.17191298e+00  1.13950000e-04  2.08595649e+00 
 1.14050000e-04  1.99995823e+00  1.14050000e-04  2.00000000e+00  1.14050000e-04  4.17191297e+00  1.14050000e-04  2.08595649e+00 
 1.14150000e-04  1.99995832e+00  1.14150000e-04  2.00000000e+00  1.14150000e-04  4.17191298e+00  1.14150000e-04  2.08595649e+00 
 1.14250000e-04  1.99995825e+00  1.14250000e-04  2.00000000e+00  1.14250000e-04  4.17191297e+00  1.14250000e-04  2.08595649e+00 
 1.14350000e-04  1.99995831e+00  1.14350000e-04  2.00000000e+00  1.14350000e-04  4.17191298e+00  1.14350000e-04  2.08595649e+00 
 1.14450000e-04  1.99995826e+00  1.14450000e-04  2.00000000e+00  1.14450000e-04  4.17191297e+00  1.14450000e-04  2.08595649e+00 
 1.14550000e-04  1.99995830e+00  1.14550000e-04  2.00000000e+00  1.14550000e-04  4.17191298e+00  1.14550000e-04  2.08595649e+00 
 1.14650000e-04  1.99995826e+00  1.14650000e-04  2.00000000e+00  1.14650000e-04  4.17191297e+00  1.14650000e-04  2.08595649e+00 
 1.14750000e-04  1.99995830e+00  1.14750000e-04  2.00000000e+00  1.14750000e-04  4.17191298e+00  1.14750000e-04  2.08595649e+00 
 1.14850000e-04  1.99995827e+00  1.14850000e-04  2.00000000e+00  1.14850000e-04  4.17191297e+00  1.14850000e-04  2.08595649e+00 
 1.14950000e-04  1.99995829e+00  1.14950000e-04  2.00000000e+00  1.14950000e-04  4.17191297e+00  1.14950000e-04  2.08595649e+00 
 1.15050000e-04  1.99995827e+00  1.15050000e-04  2.00000000e+00  1.15050000e-04  4.17191297e+00  1.15050000e-04  2.08595649e+00 
 1.15150000e-04  1.99995829e+00  1.15150000e-04  2.00000000e+00  1.15150000e-04  4.17191297e+00  1.15150000e-04  2.08595649e+00 
 1.15250000e-04  1.99995827e+00  1.15250000e-04  2.00000000e+00  1.15250000e-04  4.17191297e+00  1.15250000e-04  2.08595649e+00 
 1.15350000e-04  1.99995829e+00  1.15350000e-04  2.00000000e+00  1.15350000e-04  4.17191297e+00  1.15350000e-04  2.08595649e+00 
 1.15450000e-04  1.99995828e+00  1.15450000e-04  2.00000000e+00  1.15450000e-04  4.17191297e+00  1.15450000e-04  2.08595649e+00 
 1.15550000e-04  1.99995828e+00  1.15550000e-04  2.00000000e+00  1.15550000e-04  4.17191297e+00  1.15550000e-04  2.08595649e+00 
 1.15650000e-04  1.99995828e+00  1.15650000e-04  2.00000000e+00  1.15650000e-04  4.17191297e+00  1.15650000e-04  2.08595649e+00 
 1.15750000e-04  1.99995828e+00  1.15750000e-04  2.00000000e+00  1.15750000e-04  4.17191297e+00  1.15750000e-04  2.08595649e+00 
 1.15850000e-04  1.99995828e+00  1.15850000e-04  2.00000000e+00  1.15850000e-04  4.17191297e+00  1.15850000e-04  2.08595649e+00 
 1.15950000e-04  1.99995828e+00  1.15950000e-04  2.00000000e+00  1.15950000e-04  4.17191297e+00  1.15950000e-04  2.08595649e+00 
 1.16050000e-04  1.99995828e+00  1.16050000e-04  2.00000000e+00  1.16050000e-04  4.17191297e+00  1.16050000e-04  2.08595649e+00 
 1.16150000e-04  1.99995828e+00  1.16150000e-04  2.00000000e+00  1.16150000e-04  4.17191297e+00  1.16150000e-04  2.08595649e+00 
 1.16250000e-04  1.99995828e+00  1.16250000e-04  2.00000000e+00  1.16250000e-04  4.17191297e+00  1.16250000e-04  2.08595649e+00 
 1.16350000e-04  1.99995828e+00  1.16350000e-04  2.00000000e+00  1.16350000e-04  4.17191297e+00  1.16350000e-04  2.08595649e+00 
 1.16450000e-04  1.99995828e+00  1.16450000e-04  2.00000000e+00  1.16450000e-04  4.17191297e+00  1.16450000e-04  2.08595649e+00 
 1.16550000e-04  1.99995828e+00  1.16550000e-04  2.00000000e+00  1.16550000e-04  4.17191297e+00  1.16550000e-04  2.08595649e+00 
 1.16650000e-04  1.99995828e+00  1.16650000e-04  2.00000000e+00  1.16650000e-04  4.17191297e+00  1.16650000e-04  2.08595649e+00 
 1.16750000e-04  1.99995828e+00  1.16750000e-04  2.00000000e+00  1.16750000e-04  4.17191297e+00  1.16750000e-04  2.08595649e+00 
 1.16850000e-04  1.99995828e+00  1.16850000e-04  2.00000000e+00  1.16850000e-04  4.17191297e+00  1.16850000e-04  2.08595649e+00 
 1.16950000e-04  1.99995828e+00  1.16950000e-04  2.00000000e+00  1.16950000e-04  4.17191297e+00  1.16950000e-04  2.08595649e+00 
 1.17050000e-04  1.99995828e+00  1.17050000e-04  2.00000000e+00  1.17050000e-04  4.17191297e+00  1.17050000e-04  2.08595649e+00 
 1.17150000e-04  1.99995828e+00  1.17150000e-04  2.00000000e+00  1.17150000e-04  4.17191297e+00  1.17150000e-04  2.08595649e+00 
 1.17250000e-04  1.99995828e+00  1.17250000e-04  2.00000000e+00  1.17250000e-04  4.17191297e+00  1.17250000e-04  2.08595649e+00 
 1.17350000e-04  1.99995828e+00  1.17350000e-04  2.00000000e+00  1.17350000e-04  4.17191297e+00  1.17350000e-04  2.08595649e+00 
 1.17450000e-04  1.99995828e+00  1.17450000e-04  2.00000000e+00  1.17450000e-04  4.17191297e+00  1.17450000e-04  2.08595649e+00 
 1.17550000e-04  1.99995828e+00  1.17550000e-04  2.00000000e+00  1.17550000e-04  4.17191297e+00  1.17550000e-04  2.08595649e+00 
 1.17650000e-04  1.99995828e+00  1.17650000e-04  2.00000000e+00  1.17650000e-04  4.17191297e+00  1.17650000e-04  2.08595649e+00 
 1.17750000e-04  1.99995828e+00  1.17750000e-04  2.00000000e+00  1.17750000e-04  4.17191297e+00  1.17750000e-04  2.08595649e+00 
 1.17850000e-04  1.99995828e+00  1.17850000e-04  2.00000000e+00  1.17850000e-04  4.17191297e+00  1.17850000e-04  2.08595649e+00 
 1.17950000e-04  1.99995828e+00  1.17950000e-04  2.00000000e+00  1.17950000e-04  4.17191297e+00  1.17950000e-04  2.08595649e+00 
 1.18050000e-04  1.99995828e+00  1.18050000e-04  2.00000000e+00  1.18050000e-04  4.17191297e+00  1.18050000e-04  2.08595649e+00 
 1.18150000e-04  1.99995828e+00  1.18150000e-04  2.00000000e+00  1.18150000e-04  4.17191297e+00  1.18150000e-04  2.08595649e+00 
 1.18250000e-04  1.99995828e+00  1.18250000e-04  2.00000000e+00  1.18250000e-04  4.17191297e+00  1.18250000e-04  2.08595649e+00 
 1.18350000e-04  1.99995828e+00  1.18350000e-04  2.00000000e+00  1.18350000e-04  4.17191297e+00  1.18350000e-04  2.08595649e+00 
 1.18450000e-04  1.99995828e+00  1.18450000e-04  2.00000000e+00  1.18450000e-04  4.17191297e+00  1.18450000e-04  2.08595649e+00 
 1.18550000e-04  1.99995828e+00  1.18550000e-04  2.00000000e+00  1.18550000e-04  4.17191297e+00  1.18550000e-04  2.08595649e+00 
 1.18650000e-04  1.99995828e+00  1.18650000e-04  2.00000000e+00  1.18650000e-04  4.17191297e+00  1.18650000e-04  2.08595649e+00 
 1.18750000e-04  1.99995828e+00  1.18750000e-04  2.00000000e+00  1.18750000e-04  4.17191297e+00  1.18750000e-04  2.08595649e+00 
 1.18850000e-04  1.99995828e+00  1.18850000e-04  2.00000000e+00  1.18850000e-04  4.17191297e+00  1.18850000e-04  2.08595649e+00 
 1.18950000e-04  1.99995828e+00  1.18950000e-04  2.00000000e+00  1.18950000e-04  4.17191297e+00  1.18950000e-04  2.08595649e+00 
 1.19050000e-04  1.99995828e+00  1.19050000e-04  2.00000000e+00  1.19050000e-04  4.17191297e+00  1.19050000e-04  2.08595649e+00 
 1.19150000e-04  1.99995828e+00  1.19150000e-04  2.00000000e+00  1.19150000e-04  4.17191297e+00  1.19150000e-04  2.08595649e+00 
 1.19250000e-04  1.99995828e+00  1.19250000e-04  2.00000000e+00  1.19250000e-04  4.17191297e+00  1.19250000e-04  2.08595649e+00 
 1.19350000e-04  1.99995828e+00  1.19350000e-04  2.00000000e+00  1.19350000e-04  4.17191297e+00  1.19350000e-04  2.08595649e+00 
 1.19450000e-04  1.99995828e+00  1.19450000e-04  2.00000000e+00  1.19450000e-04  4.17191297e+00  1.19450000e-04  2.08595649e+00 
 1.19550000e-04  1.99995828e+00  1.19550000e-04  2.00000000e+00  1.19550000e-04  4.17191297e+00  1.19550000e-04  2.08595649e+00 
 1.19650000e-04  1.99995828e+00  1.19650000e-04  2.00000000e+00  1.19650000e-04  4.17191297e+00  1.19650000e-04  2.08595649e+00 
 1.19750000e-04  1.99995828e+00  1.19750000e-04  2.00000000e+00  1.19750000e-04  4.17191297e+00  1.19750000e-04  2.08595649e+00 
 1.19850000e-04  1.99995828e+00  1.19850000e-04  2.00000000e+00  1.19850000e-04  4.17191297e+00  1.19850000e-04  2.08595649e+00 
 1.19950000e-04  1.99995828e+00  1.19950000e-04  2.00000000e+00  1.19950000e-04  4.17191297e+00  1.19950000e-04  2.08595649e+00 
 1.20050000e-04  1.99995828e+00  1.20050000e-04  2.00000000e+00  1.20050000e-04  4.17191297e+00  1.20050000e-04  2.08595649e+00 
 1.20150000e-04  1.99995828e+00  1.20150000e-04  2.00000000e+00  1.20150000e-04  4.17191297e+00  1.20150000e-04  2.08595649e+00 
 1.20250000e-04  1.99995828e+00  1.20250000e-04  2.00000000e+00  1.20250000e-04  4.17191297e+00  1.20250000e-04  2.08595649e+00 
 1.20350000e-04  1.99995828e+00  1.20350000e-04  2.00000000e+00  1.20350000e-04  4.17191297e+00  1.20350000e-04  2.08595649e+00 
 1.20450000e-04  1.99995828e+00  1.20450000e-04  2.00000000e+00  1.20450000e-04  4.17191297e+00  1.20450000e-04  2.08595649e+00 
 1.20550000e-04  1.99995828e+00  1.20550000e-04  2.00000000e+00  1.20550000e-04  4.17191297e+00  1.20550000e-04  2.08595649e+00 
 1.20650000e-04  1.99995828e+00  1.20650000e-04  2.00000000e+00  1.20650000e-04  4.17191297e+00  1.20650000e-04  2.08595649e+00 
 1.20750000e-04  1.99995828e+00  1.20750000e-04  2.00000000e+00  1.20750000e-04  4.17191297e+00  1.20750000e-04  2.08595649e+00 
 1.20850000e-04  1.99995828e+00  1.20850000e-04  2.00000000e+00  1.20850000e-04  4.17191297e+00  1.20850000e-04  2.08595649e+00 
 1.20950000e-04  1.99995828e+00  1.20950000e-04  2.00000000e+00  1.20950000e-04  4.17191297e+00  1.20950000e-04  2.08595649e+00 
 1.21050000e-04  1.99995828e+00  1.21050000e-04  2.00000000e+00  1.21050000e-04  4.17191297e+00  1.21050000e-04  2.08595649e+00 
 1.21150000e-04  1.99995828e+00  1.21150000e-04  2.00000000e+00  1.21150000e-04  4.17191297e+00  1.21150000e-04  2.08595649e+00 
 1.21250000e-04  1.99995828e+00  1.21250000e-04  2.00000000e+00  1.21250000e-04  4.17191297e+00  1.21250000e-04  2.08595649e+00 
 1.21350000e-04  1.99995828e+00  1.21350000e-04  2.00000000e+00  1.21350000e-04  4.17191297e+00  1.21350000e-04  2.08595649e+00 
 1.21450000e-04  1.99995828e+00  1.21450000e-04  2.00000000e+00  1.21450000e-04  4.17191297e+00  1.21450000e-04  2.08595649e+00 
 1.21550000e-04  1.99995828e+00  1.21550000e-04  2.00000000e+00  1.21550000e-04  4.17191297e+00  1.21550000e-04  2.08595649e+00 
 1.21650000e-04  1.99995828e+00  1.21650000e-04  2.00000000e+00  1.21650000e-04  4.17191297e+00  1.21650000e-04  2.08595649e+00 
 1.21750000e-04  1.99995828e+00  1.21750000e-04  2.00000000e+00  1.21750000e-04  4.17191297e+00  1.21750000e-04  2.08595649e+00 
 1.21850000e-04  1.99995828e+00  1.21850000e-04  2.00000000e+00  1.21850000e-04  4.17191297e+00  1.21850000e-04  2.08595649e+00 
 1.21950000e-04  1.99995828e+00  1.21950000e-04  2.00000000e+00  1.21950000e-04  4.17191297e+00  1.21950000e-04  2.08595649e+00 
 1.22050000e-04  1.99995828e+00  1.22050000e-04  2.00000000e+00  1.22050000e-04  4.17191297e+00  1.22050000e-04  2.08595649e+00 
 1.22150000e-04  1.99995828e+00  1.22150000e-04  2.00000000e+00  1.22150000e-04  4.17191297e+00  1.22150000e-04  2.08595649e+00 
 1.22250000e-04  1.99995828e+00  1.22250000e-04  2.00000000e+00  1.22250000e-04  4.17191297e+00  1.22250000e-04  2.08595649e+00 
 1.22350000e-04  1.99995828e+00  1.22350000e-04  2.00000000e+00  1.22350000e-04  4.17191297e+00  1.22350000e-04  2.08595649e+00 
 1.22450000e-04  1.99995828e+00  1.22450000e-04  2.00000000e+00  1.22450000e-04  4.17191297e+00  1.22450000e-04  2.08595649e+00 
 1.22550000e-04  1.99995828e+00  1.22550000e-04  2.00000000e+00  1.22550000e-04  4.17191297e+00  1.22550000e-04  2.08595649e+00 
 1.22650000e-04  1.99995828e+00  1.22650000e-04  2.00000000e+00  1.22650000e-04  4.17191297e+00  1.22650000e-04  2.08595649e+00 
 1.22750000e-04  1.99995828e+00  1.22750000e-04  2.00000000e+00  1.22750000e-04  4.17191297e+00  1.22750000e-04  2.08595649e+00 
 1.22850000e-04  1.99995828e+00  1.22850000e-04  2.00000000e+00  1.22850000e-04  4.17191297e+00  1.22850000e-04  2.08595649e+00 
 1.22950000e-04  1.99995828e+00  1.22950000e-04  2.00000000e+00  1.22950000e-04  4.17191297e+00  1.22950000e-04  2.08595649e+00 
 1.23050000e-04  1.99995828e+00  1.23050000e-04  2.00000000e+00  1.23050000e-04  4.17191297e+00  1.23050000e-04  2.08595649e+00 
 1.23150000e-04  1.99995828e+00  1.23150000e-04  2.00000000e+00  1.23150000e-04  4.17191297e+00  1.23150000e-04  2.08595649e+00 
 1.23250000e-04  1.99995828e+00  1.23250000e-04  2.00000000e+00  1.23250000e-04  4.17191297e+00  1.23250000e-04  2.08595649e+00 
 1.23350000e-04  1.99995828e+00  1.23350000e-04  2.00000000e+00  1.23350000e-04  4.17191297e+00  1.23350000e-04  2.08595649e+00 
 1.23450000e-04  1.99995828e+00  1.23450000e-04  2.00000000e+00  1.23450000e-04  4.17191297e+00  1.23450000e-04  2.08595649e+00 
 1.23550000e-04  1.99995828e+00  1.23550000e-04  2.00000000e+00  1.23550000e-04  4.17191297e+00  1.23550000e-04  2.08595649e+00 
 1.23650000e-04  1.99995828e+00  1.23650000e-04  2.00000000e+00  1.23650000e-04  4.17191297e+00  1.23650000e-04  2.08595649e+00 
 1.23750000e-04  1.99995828e+00  1.23750000e-04  2.00000000e+00  1.23750000e-04  4.17191297e+00  1.23750000e-04  2.08595649e+00 
 1.23850000e-04  1.99995828e+00  1.23850000e-04  2.00000000e+00  1.23850000e-04  4.17191297e+00  1.23850000e-04  2.08595649e+00 
 1.23950000e-04  1.99995828e+00  1.23950000e-04  2.00000000e+00  1.23950000e-04  4.17191297e+00  1.23950000e-04  2.08595649e+00 
 1.24050000e-04  1.99995828e+00  1.24050000e-04  2.00000000e+00  1.24050000e-04  4.17191297e+00  1.24050000e-04  2.08595649e+00 
 1.24150000e-04  1.99995828e+00  1.24150000e-04  2.00000000e+00  1.24150000e-04  4.17191297e+00  1.24150000e-04  2.08595649e+00 
 1.24250000e-04  1.99995828e+00  1.24250000e-04  2.00000000e+00  1.24250000e-04  4.17191297e+00  1.24250000e-04  2.08595649e+00 
 1.24350000e-04  1.99995828e+00  1.24350000e-04  2.00000000e+00  1.24350000e-04  4.17191297e+00  1.24350000e-04  2.08595649e+00 
 1.24450000e-04  1.99995828e+00  1.24450000e-04  2.00000000e+00  1.24450000e-04  4.17191297e+00  1.24450000e-04  2.08595649e+00 
 1.24550000e-04  1.99995828e+00  1.24550000e-04  2.00000000e+00  1.24550000e-04  4.17191297e+00  1.24550000e-04  2.08595649e+00 
 1.24650000e-04  1.99995828e+00  1.24650000e-04  2.00000000e+00  1.24650000e-04  4.17191297e+00  1.24650000e-04  2.08595649e+00 
 1.24750000e-04  1.99995828e+00  1.24750000e-04  2.00000000e+00  1.24750000e-04  4.17191297e+00  1.24750000e-04  2.08595649e+00 
 1.24850000e-04  1.99995828e+00  1.24850000e-04  2.00000000e+00  1.24850000e-04  4.17191297e+00  1.24850000e-04  2.08595649e+00 
 1.24950000e-04  1.99995828e+00  1.24950000e-04  2.00000000e+00  1.24950000e-04  4.17191297e+00  1.24950000e-04  2.08595649e+00 
 1.25050000e-04  1.99995828e+00  1.25050000e-04  2.00000000e+00  1.25050000e-04  4.17191297e+00  1.25050000e-04  2.08595649e+00 
 1.25150000e-04  1.99995828e+00  1.25150000e-04  2.00000000e+00  1.25150000e-04  4.17191297e+00  1.25150000e-04  2.08595649e+00 
 1.25250000e-04  1.99995828e+00  1.25250000e-04  2.00000000e+00  1.25250000e-04  4.17191297e+00  1.25250000e-04  2.08595649e+00 
 1.25350000e-04  1.99995828e+00  1.25350000e-04  2.00000000e+00  1.25350000e-04  4.17191297e+00  1.25350000e-04  2.08595649e+00 
 1.25450000e-04  1.99995828e+00  1.25450000e-04  2.00000000e+00  1.25450000e-04  4.17191297e+00  1.25450000e-04  2.08595649e+00 
 1.25550000e-04  1.99995828e+00  1.25550000e-04  2.00000000e+00  1.25550000e-04  4.17191297e+00  1.25550000e-04  2.08595649e+00 
 1.25650000e-04  1.99995828e+00  1.25650000e-04  2.00000000e+00  1.25650000e-04  4.17191297e+00  1.25650000e-04  2.08595649e+00 
 1.25750000e-04  1.99995828e+00  1.25750000e-04  2.00000000e+00  1.25750000e-04  4.17191297e+00  1.25750000e-04  2.08595649e+00 
 1.25850000e-04  1.99995828e+00  1.25850000e-04  2.00000000e+00  1.25850000e-04  4.17191297e+00  1.25850000e-04  2.08595649e+00 
 1.25950000e-04  1.99995828e+00  1.25950000e-04  2.00000000e+00  1.25950000e-04  4.17191297e+00  1.25950000e-04  2.08595649e+00 
 1.26050000e-04  1.99995828e+00  1.26050000e-04  2.00000000e+00  1.26050000e-04  4.17191297e+00  1.26050000e-04  2.08595649e+00 
 1.26150000e-04  1.99995828e+00  1.26150000e-04  2.00000000e+00  1.26150000e-04  4.17191297e+00  1.26150000e-04  2.08595649e+00 
 1.26250000e-04  1.99995828e+00  1.26250000e-04  2.00000000e+00  1.26250000e-04  4.17191297e+00  1.26250000e-04  2.08595649e+00 
 1.26350000e-04  1.99995828e+00  1.26350000e-04  2.00000000e+00  1.26350000e-04  4.17191297e+00  1.26350000e-04  2.08595649e+00 
 1.26450000e-04  1.99995828e+00  1.26450000e-04  2.00000000e+00  1.26450000e-04  4.17191297e+00  1.26450000e-04  2.08595649e+00 
 1.26550000e-04  1.99995828e+00  1.26550000e-04  2.00000000e+00  1.26550000e-04  4.17191297e+00  1.26550000e-04  2.08595649e+00 
 1.26650000e-04  1.99995828e+00  1.26650000e-04  2.00000000e+00  1.26650000e-04  4.17191297e+00  1.26650000e-04  2.08595649e+00 
 1.26750000e-04  1.99995828e+00  1.26750000e-04  2.00000000e+00  1.26750000e-04  4.17191297e+00  1.26750000e-04  2.08595649e+00 
 1.26850000e-04  1.99995828e+00  1.26850000e-04  2.00000000e+00  1.26850000e-04  4.17191297e+00  1.26850000e-04  2.08595649e+00 
 1.26950000e-04  1.99995828e+00  1.26950000e-04  2.00000000e+00  1.26950000e-04  4.17191297e+00  1.26950000e-04  2.08595649e+00 
 1.27050000e-04  1.99995828e+00  1.27050000e-04  2.00000000e+00  1.27050000e-04  4.17191297e+00  1.27050000e-04  2.08595649e+00 
 1.27150000e-04  1.99995828e+00  1.27150000e-04  2.00000000e+00  1.27150000e-04  4.17191297e+00  1.27150000e-04  2.08595649e+00 
 1.27250000e-04  1.99995828e+00  1.27250000e-04  2.00000000e+00  1.27250000e-04  4.17191297e+00  1.27250000e-04  2.08595649e+00 
 1.27350000e-04  1.99995828e+00  1.27350000e-04  2.00000000e+00  1.27350000e-04  4.17191297e+00  1.27350000e-04  2.08595649e+00 
 1.27450000e-04  1.99995828e+00  1.27450000e-04  2.00000000e+00  1.27450000e-04  4.17191297e+00  1.27450000e-04  2.08595649e+00 
 1.27550000e-04  1.99995828e+00  1.27550000e-04  2.00000000e+00  1.27550000e-04  4.17191297e+00  1.27550000e-04  2.08595649e+00 
 1.27650000e-04  1.99995828e+00  1.27650000e-04  2.00000000e+00  1.27650000e-04  4.17191297e+00  1.27650000e-04  2.08595649e+00 
 1.27750000e-04  1.99995828e+00  1.27750000e-04  2.00000000e+00  1.27750000e-04  4.17191297e+00  1.27750000e-04  2.08595649e+00 
 1.27850000e-04  1.99995828e+00  1.27850000e-04  2.00000000e+00  1.27850000e-04  4.17191297e+00  1.27850000e-04  2.08595649e+00 
 1.27950000e-04  1.99995828e+00  1.27950000e-04  2.00000000e+00  1.27950000e-04  4.17191297e+00  1.27950000e-04  2.08595649e+00 
 1.28050000e-04  1.99995828e+00  1.28050000e-04  2.00000000e+00  1.28050000e-04  4.17191297e+00  1.28050000e-04  2.08595649e+00 
 1.28150000e-04  1.99995828e+00  1.28150000e-04  2.00000000e+00  1.28150000e-04  4.17191297e+00  1.28150000e-04  2.08595649e+00 
 1.28250000e-04  1.99995828e+00  1.28250000e-04  2.00000000e+00  1.28250000e-04  4.17191297e+00  1.28250000e-04  2.08595649e+00 
 1.28350000e-04  1.99995828e+00  1.28350000e-04  2.00000000e+00  1.28350000e-04  4.17191297e+00  1.28350000e-04  2.08595649e+00 
 1.28450000e-04  1.99995828e+00  1.28450000e-04  2.00000000e+00  1.28450000e-04  4.17191297e+00  1.28450000e-04  2.08595649e+00 
 1.28550000e-04  1.99995828e+00  1.28550000e-04  2.00000000e+00  1.28550000e-04  4.17191297e+00  1.28550000e-04  2.08595649e+00 
 1.28650000e-04  1.99995828e+00  1.28650000e-04  2.00000000e+00  1.28650000e-04  4.17191297e+00  1.28650000e-04  2.08595649e+00 
 1.28750000e-04  1.99995828e+00  1.28750000e-04  2.00000000e+00  1.28750000e-04  4.17191297e+00  1.28750000e-04  2.08595649e+00 
 1.28850000e-04  1.99995828e+00  1.28850000e-04  2.00000000e+00  1.28850000e-04  4.17191297e+00  1.28850000e-04  2.08595649e+00 
 1.28950000e-04  1.99995828e+00  1.28950000e-04  2.00000000e+00  1.28950000e-04  4.17191297e+00  1.28950000e-04  2.08595649e+00 
 1.29050000e-04  1.99995828e+00  1.29050000e-04  2.00000000e+00  1.29050000e-04  4.17191297e+00  1.29050000e-04  2.08595649e+00 
 1.29150000e-04  1.99995828e+00  1.29150000e-04  2.00000000e+00  1.29150000e-04  4.17191297e+00  1.29150000e-04  2.08595649e+00 
 1.29250000e-04  1.99995828e+00  1.29250000e-04  2.00000000e+00  1.29250000e-04  4.17191297e+00  1.29250000e-04  2.08595649e+00 
 1.29350000e-04  1.99995828e+00  1.29350000e-04  2.00000000e+00  1.29350000e-04  4.17191297e+00  1.29350000e-04  2.08595649e+00 
 1.29450000e-04  1.99995828e+00  1.29450000e-04  2.00000000e+00  1.29450000e-04  4.17191297e+00  1.29450000e-04  2.08595649e+00 
 1.29550000e-04  1.99995828e+00  1.29550000e-04  2.00000000e+00  1.29550000e-04  4.17191297e+00  1.29550000e-04  2.08595649e+00 
 1.29650000e-04  1.99995828e+00  1.29650000e-04  2.00000000e+00  1.29650000e-04  4.17191297e+00  1.29650000e-04  2.08595649e+00 
 1.29750000e-04  1.99995828e+00  1.29750000e-04  2.00000000e+00  1.29750000e-04  4.17191297e+00  1.29750000e-04  2.08595649e+00 
 1.29850000e-04  1.99995828e+00  1.29850000e-04  2.00000000e+00  1.29850000e-04  4.17191297e+00  1.29850000e-04  2.08595649e+00 
 1.29950000e-04  1.99995828e+00  1.29950000e-04  2.00000000e+00  1.29950000e-04  4.17191297e+00  1.29950000e-04  2.08595649e+00 
 1.30050000e-04  1.99995828e+00  1.30050000e-04  2.00000000e+00  1.30050000e-04  4.17191297e+00  1.30050000e-04  2.08595649e+00 
 1.30150000e-04  1.99995828e+00  1.30150000e-04  2.00000000e+00  1.30150000e-04  4.17191297e+00  1.30150000e-04  2.08595649e+00 
 1.30250000e-04  1.99995828e+00  1.30250000e-04  2.00000000e+00  1.30250000e-04  4.17191297e+00  1.30250000e-04  2.08595649e+00 
 1.30350000e-04  1.99995828e+00  1.30350000e-04  2.00000000e+00  1.30350000e-04  4.17191297e+00  1.30350000e-04  2.08595649e+00 
 1.30450000e-04  1.99995828e+00  1.30450000e-04  2.00000000e+00  1.30450000e-04  4.17191297e+00  1.30450000e-04  2.08595649e+00 
 1.30550000e-04  1.99995828e+00  1.30550000e-04  2.00000000e+00  1.30550000e-04  4.17191297e+00  1.30550000e-04  2.08595649e+00 
 1.30650000e-04  1.99995828e+00  1.30650000e-04  2.00000000e+00  1.30650000e-04  4.17191297e+00  1.30650000e-04  2.08595649e+00 
 1.30750000e-04  1.99995828e+00  1.30750000e-04  2.00000000e+00  1.30750000e-04  4.17191297e+00  1.30750000e-04  2.08595649e+00 
 1.30850000e-04  1.99995828e+00  1.30850000e-04  2.00000000e+00  1.30850000e-04  4.17191297e+00  1.30850000e-04  2.08595649e+00 
 1.30950000e-04  1.99995828e+00  1.30950000e-04  2.00000000e+00  1.30950000e-04  4.17191297e+00  1.30950000e-04  2.08595649e+00 
 1.31050000e-04  1.99995828e+00  1.31050000e-04  2.00000000e+00  1.31050000e-04  4.17191297e+00  1.31050000e-04  2.08595649e+00 
 1.31150000e-04  1.99995828e+00  1.31150000e-04  2.00000000e+00  1.31150000e-04  4.17191297e+00  1.31150000e-04  2.08595649e+00 
 1.31250000e-04  1.99995828e+00  1.31250000e-04  2.00000000e+00  1.31250000e-04  4.17191297e+00  1.31250000e-04  2.08595649e+00 
 1.31350000e-04  1.99995828e+00  1.31350000e-04  2.00000000e+00  1.31350000e-04  4.17191297e+00  1.31350000e-04  2.08595649e+00 
 1.31450000e-04  1.99995828e+00  1.31450000e-04  2.00000000e+00  1.31450000e-04  4.17191297e+00  1.31450000e-04  2.08595649e+00 
 1.31550000e-04  1.99995828e+00  1.31550000e-04  2.00000000e+00  1.31550000e-04  4.17191297e+00  1.31550000e-04  2.08595649e+00 
 1.31650000e-04  1.99995828e+00  1.31650000e-04  2.00000000e+00  1.31650000e-04  4.17191297e+00  1.31650000e-04  2.08595649e+00 
 1.31750000e-04  1.99995828e+00  1.31750000e-04  2.00000000e+00  1.31750000e-04  4.17191297e+00  1.31750000e-04  2.08595649e+00 
 1.31850000e-04  1.99995828e+00  1.31850000e-04  2.00000000e+00  1.31850000e-04  4.17191297e+00  1.31850000e-04  2.08595649e+00 
 1.31950000e-04  1.99995828e+00  1.31950000e-04  2.00000000e+00  1.31950000e-04  4.17191297e+00  1.31950000e-04  2.08595649e+00 
 1.32050000e-04  1.99995828e+00  1.32050000e-04  2.00000000e+00  1.32050000e-04  4.17191297e+00  1.32050000e-04  2.08595649e+00 
 1.32150000e-04  1.99995828e+00  1.32150000e-04  2.00000000e+00  1.32150000e-04  4.17191297e+00  1.32150000e-04  2.08595649e+00 
 1.32250000e-04  1.99995828e+00  1.32250000e-04  2.00000000e+00  1.32250000e-04  4.17191297e+00  1.32250000e-04  2.08595649e+00 
 1.32350000e-04  1.99995828e+00  1.32350000e-04  2.00000000e+00  1.32350000e-04  4.17191297e+00  1.32350000e-04  2.08595649e+00 
 1.32450000e-04  1.99995828e+00  1.32450000e-04  2.00000000e+00  1.32450000e-04  4.17191297e+00  1.32450000e-04  2.08595649e+00 
 1.32550000e-04  1.99995828e+00  1.32550000e-04  2.00000000e+00  1.32550000e-04  4.17191297e+00  1.32550000e-04  2.08595649e+00 
 1.32650000e-04  1.99995828e+00  1.32650000e-04  2.00000000e+00  1.32650000e-04  4.17191297e+00  1.32650000e-04  2.08595649e+00 
 1.32750000e-04  1.99995828e+00  1.32750000e-04  2.00000000e+00  1.32750000e-04  4.17191297e+00  1.32750000e-04  2.08595649e+00 
 1.32850000e-04  1.99995828e+00  1.32850000e-04  2.00000000e+00  1.32850000e-04  4.17191297e+00  1.32850000e-04  2.08595649e+00 
 1.32950000e-04  1.99995828e+00  1.32950000e-04  2.00000000e+00  1.32950000e-04  4.17191297e+00  1.32950000e-04  2.08595649e+00 
 1.33050000e-04  1.99995828e+00  1.33050000e-04  2.00000000e+00  1.33050000e-04  4.17191297e+00  1.33050000e-04  2.08595649e+00 
 1.33150000e-04  1.99995828e+00  1.33150000e-04  2.00000000e+00  1.33150000e-04  4.17191297e+00  1.33150000e-04  2.08595649e+00 
 1.33250000e-04  1.99995828e+00  1.33250000e-04  2.00000000e+00  1.33250000e-04  4.17191297e+00  1.33250000e-04  2.08595649e+00 
 1.33350000e-04  1.99995828e+00  1.33350000e-04  2.00000000e+00  1.33350000e-04  4.17191297e+00  1.33350000e-04  2.08595649e+00 
 1.33450000e-04  1.99995828e+00  1.33450000e-04  2.00000000e+00  1.33450000e-04  4.17191297e+00  1.33450000e-04  2.08595649e+00 
 1.33550000e-04  1.99995828e+00  1.33550000e-04  2.00000000e+00  1.33550000e-04  4.17191297e+00  1.33550000e-04  2.08595649e+00 
 1.33650000e-04  1.99995828e+00  1.33650000e-04  2.00000000e+00  1.33650000e-04  4.17191297e+00  1.33650000e-04  2.08595649e+00 
 1.33750000e-04  1.99995828e+00  1.33750000e-04  2.00000000e+00  1.33750000e-04  4.17191297e+00  1.33750000e-04  2.08595649e+00 
 1.33850000e-04  1.99995828e+00  1.33850000e-04  2.00000000e+00  1.33850000e-04  4.17191297e+00  1.33850000e-04  2.08595649e+00 
 1.33950000e-04  1.99995828e+00  1.33950000e-04  2.00000000e+00  1.33950000e-04  4.17191297e+00  1.33950000e-04  2.08595649e+00 
 1.34050000e-04  1.99995828e+00  1.34050000e-04  2.00000000e+00  1.34050000e-04  4.17191297e+00  1.34050000e-04  2.08595649e+00 
 1.34150000e-04  1.99995828e+00  1.34150000e-04  2.00000000e+00  1.34150000e-04  4.17191297e+00  1.34150000e-04  2.08595649e+00 
 1.34250000e-04  1.99995828e+00  1.34250000e-04  2.00000000e+00  1.34250000e-04  4.17191297e+00  1.34250000e-04  2.08595649e+00 
 1.34350000e-04  1.99995828e+00  1.34350000e-04  2.00000000e+00  1.34350000e-04  4.17191297e+00  1.34350000e-04  2.08595649e+00 
 1.34450000e-04  1.99995828e+00  1.34450000e-04  2.00000000e+00  1.34450000e-04  4.17191297e+00  1.34450000e-04  2.08595649e+00 
 1.34550000e-04  1.99995828e+00  1.34550000e-04  2.00000000e+00  1.34550000e-04  4.17191297e+00  1.34550000e-04  2.08595649e+00 
 1.34650000e-04  1.99995828e+00  1.34650000e-04  2.00000000e+00  1.34650000e-04  4.17191297e+00  1.34650000e-04  2.08595649e+00 
 1.34750000e-04  1.99995828e+00  1.34750000e-04  2.00000000e+00  1.34750000e-04  4.17191297e+00  1.34750000e-04  2.08595649e+00 
 1.34850000e-04  1.99995828e+00  1.34850000e-04  2.00000000e+00  1.34850000e-04  4.17191297e+00  1.34850000e-04  2.08595649e+00 
 1.34950000e-04  1.99995828e+00  1.34950000e-04  2.00000000e+00  1.34950000e-04  4.17191297e+00  1.34950000e-04  2.08595649e+00 
 1.35050000e-04  1.99995828e+00  1.35050000e-04  2.00000000e+00  1.35050000e-04  4.17191297e+00  1.35050000e-04  2.08595649e+00 
 1.35150000e-04  1.99995828e+00  1.35150000e-04  2.00000000e+00  1.35150000e-04  4.17191297e+00  1.35150000e-04  2.08595649e+00 
 1.35250000e-04  1.99995828e+00  1.35250000e-04  2.00000000e+00  1.35250000e-04  4.17191297e+00  1.35250000e-04  2.08595649e+00 
 1.35350000e-04  1.99995828e+00  1.35350000e-04  2.00000000e+00  1.35350000e-04  4.17191297e+00  1.35350000e-04  2.08595649e+00 
 1.35450000e-04  1.99995828e+00  1.35450000e-04  2.00000000e+00  1.35450000e-04  4.17191297e+00  1.35450000e-04  2.08595649e+00 
 1.35550000e-04  1.99995828e+00  1.35550000e-04  2.00000000e+00  1.35550000e-04  4.17191297e+00  1.35550000e-04  2.08595649e+00 
 1.35650000e-04  1.99995828e+00  1.35650000e-04  2.00000000e+00  1.35650000e-04  4.17191297e+00  1.35650000e-04  2.08595649e+00 
 1.35750000e-04  1.99995828e+00  1.35750000e-04  2.00000000e+00  1.35750000e-04  4.17191297e+00  1.35750000e-04  2.08595649e+00 
 1.35850000e-04  1.99995828e+00  1.35850000e-04  2.00000000e+00  1.35850000e-04  4.17191297e+00  1.35850000e-04  2.08595649e+00 
 1.35950000e-04  1.99995828e+00  1.35950000e-04  2.00000000e+00  1.35950000e-04  4.17191297e+00  1.35950000e-04  2.08595649e+00 
 1.36050000e-04  1.99995828e+00  1.36050000e-04  2.00000000e+00  1.36050000e-04  4.17191297e+00  1.36050000e-04  2.08595649e+00 
 1.36150000e-04  1.99995828e+00  1.36150000e-04  2.00000000e+00  1.36150000e-04  4.17191297e+00  1.36150000e-04  2.08595649e+00 
 1.36250000e-04  1.99995828e+00  1.36250000e-04  2.00000000e+00  1.36250000e-04  4.17191297e+00  1.36250000e-04  2.08595649e+00 
 1.36350000e-04  1.99995828e+00  1.36350000e-04  2.00000000e+00  1.36350000e-04  4.17191297e+00  1.36350000e-04  2.08595649e+00 
 1.36450000e-04  1.99995828e+00  1.36450000e-04  2.00000000e+00  1.36450000e-04  4.17191297e+00  1.36450000e-04  2.08595649e+00 
 1.36550000e-04  1.99995828e+00  1.36550000e-04  2.00000000e+00  1.36550000e-04  4.17191297e+00  1.36550000e-04  2.08595649e+00 
 1.36650000e-04  1.99995828e+00  1.36650000e-04  2.00000000e+00  1.36650000e-04  4.17191297e+00  1.36650000e-04  2.08595649e+00 
 1.36750000e-04  1.99995828e+00  1.36750000e-04  2.00000000e+00  1.36750000e-04  4.17191297e+00  1.36750000e-04  2.08595649e+00 
 1.36850000e-04  1.99995828e+00  1.36850000e-04  2.00000000e+00  1.36850000e-04  4.17191297e+00  1.36850000e-04  2.08595649e+00 
 1.36950000e-04  1.99995828e+00  1.36950000e-04  2.00000000e+00  1.36950000e-04  4.17191297e+00  1.36950000e-04  2.08595649e+00 
 1.37050000e-04  1.99995828e+00  1.37050000e-04  2.00000000e+00  1.37050000e-04  4.17191297e+00  1.37050000e-04  2.08595649e+00 
 1.37150000e-04  1.99995828e+00  1.37150000e-04  2.00000000e+00  1.37150000e-04  4.17191297e+00  1.37150000e-04  2.08595649e+00 
 1.37250000e-04  1.99995828e+00  1.37250000e-04  2.00000000e+00  1.37250000e-04  4.17191297e+00  1.37250000e-04  2.08595649e+00 
 1.37350000e-04  1.99995828e+00  1.37350000e-04  2.00000000e+00  1.37350000e-04  4.17191297e+00  1.37350000e-04  2.08595649e+00 
 1.37450000e-04  1.99995828e+00  1.37450000e-04  2.00000000e+00  1.37450000e-04  4.17191297e+00  1.37450000e-04  2.08595649e+00 
 1.37550000e-04  1.99995828e+00  1.37550000e-04  2.00000000e+00  1.37550000e-04  4.17191297e+00  1.37550000e-04  2.08595649e+00 
 1.37650000e-04  1.99995828e+00  1.37650000e-04  2.00000000e+00  1.37650000e-04  4.17191297e+00  1.37650000e-04  2.08595649e+00 
 1.37750000e-04  1.99995828e+00  1.37750000e-04  2.00000000e+00  1.37750000e-04  4.17191297e+00  1.37750000e-04  2.08595649e+00 
 1.37850000e-04  1.99995828e+00  1.37850000e-04  2.00000000e+00  1.37850000e-04  4.17191297e+00  1.37850000e-04  2.08595649e+00 
 1.37950000e-04  1.99995828e+00  1.37950000e-04  2.00000000e+00  1.37950000e-04  4.17191297e+00  1.37950000e-04  2.08595649e+00 
 1.38050000e-04  1.99995828e+00  1.38050000e-04  2.00000000e+00  1.38050000e-04  4.17191297e+00  1.38050000e-04  2.08595649e+00 
 1.38150000e-04  1.99995828e+00  1.38150000e-04  2.00000000e+00  1.38150000e-04  4.17191297e+00  1.38150000e-04  2.08595649e+00 
 1.38250000e-04  1.99995828e+00  1.38250000e-04  2.00000000e+00  1.38250000e-04  4.17191297e+00  1.38250000e-04  2.08595649e+00 
 1.38350000e-04  1.99995828e+00  1.38350000e-04  2.00000000e+00  1.38350000e-04  4.17191297e+00  1.38350000e-04  2.08595649e+00 
 1.38450000e-04  1.99995828e+00  1.38450000e-04  2.00000000e+00  1.38450000e-04  4.17191297e+00  1.38450000e-04  2.08595649e+00 
 1.38550000e-04  1.99995828e+00  1.38550000e-04  2.00000000e+00  1.38550000e-04  4.17191297e+00  1.38550000e-04  2.08595649e+00 
 1.38650000e-04  1.99995828e+00  1.38650000e-04  2.00000000e+00  1.38650000e-04  4.17191297e+00  1.38650000e-04  2.08595649e+00 
 1.38750000e-04  1.99995828e+00  1.38750000e-04  2.00000000e+00  1.38750000e-04  4.17191297e+00  1.38750000e-04  2.08595649e+00 
 1.38850000e-04  1.99995828e+00  1.38850000e-04  2.00000000e+00  1.38850000e-04  4.17191297e+00  1.38850000e-04  2.08595649e+00 
 1.38950000e-04  1.99995828e+00  1.38950000e-04  2.00000000e+00  1.38950000e-04  4.17191297e+00  1.38950000e-04  2.08595649e+00 
 1.39050000e-04  1.99995828e+00  1.39050000e-04  2.00000000e+00  1.39050000e-04  4.17191297e+00  1.39050000e-04  2.08595649e+00 
 1.39150000e-04  1.99995828e+00  1.39150000e-04  2.00000000e+00  1.39150000e-04  4.17191297e+00  1.39150000e-04  2.08595649e+00 
 1.39250000e-04  1.99995828e+00  1.39250000e-04  2.00000000e+00  1.39250000e-04  4.17191297e+00  1.39250000e-04  2.08595649e+00 
 1.39350000e-04  1.99995828e+00  1.39350000e-04  2.00000000e+00  1.39350000e-04  4.17191297e+00  1.39350000e-04  2.08595649e+00 
 1.39450000e-04  1.99995828e+00  1.39450000e-04  2.00000000e+00  1.39450000e-04  4.17191297e+00  1.39450000e-04  2.08595649e+00 
 1.39550000e-04  1.99995828e+00  1.39550000e-04  2.00000000e+00  1.39550000e-04  4.17191297e+00  1.39550000e-04  2.08595649e+00 
 1.39650000e-04  1.99995828e+00  1.39650000e-04  2.00000000e+00  1.39650000e-04  4.17191297e+00  1.39650000e-04  2.08595649e+00 
 1.39750000e-04  1.99995828e+00  1.39750000e-04  2.00000000e+00  1.39750000e-04  4.17191297e+00  1.39750000e-04  2.08595649e+00 
 1.39850000e-04  1.99995828e+00  1.39850000e-04  2.00000000e+00  1.39850000e-04  4.17191297e+00  1.39850000e-04  2.08595649e+00 
 1.39950000e-04  1.99995828e+00  1.39950000e-04  2.00000000e+00  1.39950000e-04  4.17191297e+00  1.39950000e-04  2.08595649e+00 
 1.40050000e-04  1.99995828e+00  1.40050000e-04  2.00000000e+00  1.40050000e-04  4.17191297e+00  1.40050000e-04  2.08595649e+00 
 1.40150000e-04  1.99995828e+00  1.40150000e-04  2.00000000e+00  1.40150000e-04  4.17191297e+00  1.40150000e-04  2.08595649e+00 
 1.40250000e-04  1.99995828e+00  1.40250000e-04  2.00000000e+00  1.40250000e-04  4.17191297e+00  1.40250000e-04  2.08595649e+00 
 1.40350000e-04  1.99995828e+00  1.40350000e-04  2.00000000e+00  1.40350000e-04  4.17191297e+00  1.40350000e-04  2.08595649e+00 
 1.40450000e-04  1.99995828e+00  1.40450000e-04  2.00000000e+00  1.40450000e-04  4.17191297e+00  1.40450000e-04  2.08595649e+00 
 1.40550000e-04  1.99995828e+00  1.40550000e-04  2.00000000e+00  1.40550000e-04  4.17191297e+00  1.40550000e-04  2.08595649e+00 
 1.40650000e-04  1.99995828e+00  1.40650000e-04  2.00000000e+00  1.40650000e-04  4.17191297e+00  1.40650000e-04  2.08595649e+00 
 1.40750000e-04  1.99995828e+00  1.40750000e-04  2.00000000e+00  1.40750000e-04  4.17191297e+00  1.40750000e-04  2.08595649e+00 
 1.40850000e-04  1.99995828e+00  1.40850000e-04  2.00000000e+00  1.40850000e-04  4.17191297e+00  1.40850000e-04  2.08595649e+00 
 1.40950000e-04  1.99995828e+00  1.40950000e-04  2.00000000e+00  1.40950000e-04  4.17191297e+00  1.40950000e-04  2.08595649e+00 
 1.41050000e-04  1.99995828e+00  1.41050000e-04  2.00000000e+00  1.41050000e-04  4.17191297e+00  1.41050000e-04  2.08595649e+00 
 1.41150000e-04  1.99995828e+00  1.41150000e-04  2.00000000e+00  1.41150000e-04  4.17191297e+00  1.41150000e-04  2.08595649e+00 
 1.41250000e-04  1.99995828e+00  1.41250000e-04  2.00000000e+00  1.41250000e-04  4.17191297e+00  1.41250000e-04  2.08595649e+00 
 1.41350000e-04  1.99995828e+00  1.41350000e-04  2.00000000e+00  1.41350000e-04  4.17191297e+00  1.41350000e-04  2.08595649e+00 
 1.41450000e-04  1.99995828e+00  1.41450000e-04  2.00000000e+00  1.41450000e-04  4.17191297e+00  1.41450000e-04  2.08595649e+00 
 1.41550000e-04  1.99995828e+00  1.41550000e-04  2.00000000e+00  1.41550000e-04  4.17191297e+00  1.41550000e-04  2.08595649e+00 
 1.41650000e-04  1.99995828e+00  1.41650000e-04  2.00000000e+00  1.41650000e-04  4.17191297e+00  1.41650000e-04  2.08595649e+00 
 1.41750000e-04  1.99995828e+00  1.41750000e-04  2.00000000e+00  1.41750000e-04  4.17191297e+00  1.41750000e-04  2.08595649e+00 
 1.41850000e-04  1.99995828e+00  1.41850000e-04  2.00000000e+00  1.41850000e-04  4.17191297e+00  1.41850000e-04  2.08595649e+00 
 1.41950000e-04  1.99995828e+00  1.41950000e-04  2.00000000e+00  1.41950000e-04  4.17191297e+00  1.41950000e-04  2.08595649e+00 
 1.42050000e-04  1.99995828e+00  1.42050000e-04  2.00000000e+00  1.42050000e-04  4.17191297e+00  1.42050000e-04  2.08595649e+00 
 1.42150000e-04  1.99995828e+00  1.42150000e-04  2.00000000e+00  1.42150000e-04  4.17191297e+00  1.42150000e-04  2.08595649e+00 
 1.42250000e-04  1.99995828e+00  1.42250000e-04  2.00000000e+00  1.42250000e-04  4.17191297e+00  1.42250000e-04  2.08595649e+00 
 1.42350000e-04  1.99995828e+00  1.42350000e-04  2.00000000e+00  1.42350000e-04  4.17191297e+00  1.42350000e-04  2.08595649e+00 
 1.42450000e-04  1.99995828e+00  1.42450000e-04  2.00000000e+00  1.42450000e-04  4.17191297e+00  1.42450000e-04  2.08595649e+00 
 1.42550000e-04  1.99995828e+00  1.42550000e-04  2.00000000e+00  1.42550000e-04  4.17191297e+00  1.42550000e-04  2.08595649e+00 
 1.42650000e-04  1.99995828e+00  1.42650000e-04  2.00000000e+00  1.42650000e-04  4.17191297e+00  1.42650000e-04  2.08595649e+00 
 1.42750000e-04  1.99995828e+00  1.42750000e-04  2.00000000e+00  1.42750000e-04  4.17191297e+00  1.42750000e-04  2.08595649e+00 
 1.42850000e-04  1.99995828e+00  1.42850000e-04  2.00000000e+00  1.42850000e-04  4.17191297e+00  1.42850000e-04  2.08595649e+00 
 1.42950000e-04  1.99995828e+00  1.42950000e-04  2.00000000e+00  1.42950000e-04  4.17191297e+00  1.42950000e-04  2.08595649e+00 
 1.43050000e-04  1.99995828e+00  1.43050000e-04  2.00000000e+00  1.43050000e-04  4.17191297e+00  1.43050000e-04  2.08595649e+00 
 1.43150000e-04  1.99995828e+00  1.43150000e-04  2.00000000e+00  1.43150000e-04  4.17191297e+00  1.43150000e-04  2.08595649e+00 
 1.43250000e-04  1.99995828e+00  1.43250000e-04  2.00000000e+00  1.43250000e-04  4.17191297e+00  1.43250000e-04  2.08595649e+00 
 1.43350000e-04  1.99995828e+00  1.43350000e-04  2.00000000e+00  1.43350000e-04  4.17191297e+00  1.43350000e-04  2.08595649e+00 
 1.43450000e-04  1.99995828e+00  1.43450000e-04  2.00000000e+00  1.43450000e-04  4.17191297e+00  1.43450000e-04  2.08595649e+00 
 1.43550000e-04  1.99995828e+00  1.43550000e-04  2.00000000e+00  1.43550000e-04  4.17191297e+00  1.43550000e-04  2.08595649e+00 
 1.43650000e-04  1.99995828e+00  1.43650000e-04  2.00000000e+00  1.43650000e-04  4.17191297e+00  1.43650000e-04  2.08595649e+00 
 1.43750000e-04  1.99995828e+00  1.43750000e-04  2.00000000e+00  1.43750000e-04  4.17191297e+00  1.43750000e-04  2.08595649e+00 
 1.43850000e-04  1.99995828e+00  1.43850000e-04  2.00000000e+00  1.43850000e-04  4.17191297e+00  1.43850000e-04  2.08595649e+00 
 1.43950000e-04  1.99995828e+00  1.43950000e-04  2.00000000e+00  1.43950000e-04  4.17191297e+00  1.43950000e-04  2.08595649e+00 
 1.44050000e-04  1.99995828e+00  1.44050000e-04  2.00000000e+00  1.44050000e-04  4.17191297e+00  1.44050000e-04  2.08595649e+00 
 1.44150000e-04  1.99995828e+00  1.44150000e-04  2.00000000e+00  1.44150000e-04  4.17191297e+00  1.44150000e-04  2.08595649e+00 
 1.44250000e-04  1.99995828e+00  1.44250000e-04  2.00000000e+00  1.44250000e-04  4.17191297e+00  1.44250000e-04  2.08595649e+00 
 1.44350000e-04  1.99995828e+00  1.44350000e-04  2.00000000e+00  1.44350000e-04  4.17191297e+00  1.44350000e-04  2.08595649e+00 
 1.44450000e-04  1.99995828e+00  1.44450000e-04  2.00000000e+00  1.44450000e-04  4.17191297e+00  1.44450000e-04  2.08595649e+00 
 1.44550000e-04  1.99995828e+00  1.44550000e-04  2.00000000e+00  1.44550000e-04  4.17191297e+00  1.44550000e-04  2.08595649e+00 
 1.44650000e-04  1.99995828e+00  1.44650000e-04  2.00000000e+00  1.44650000e-04  4.17191297e+00  1.44650000e-04  2.08595649e+00 
 1.44750000e-04  1.99995828e+00  1.44750000e-04  2.00000000e+00  1.44750000e-04  4.17191297e+00  1.44750000e-04  2.08595649e+00 
 1.44850000e-04  1.99995828e+00  1.44850000e-04  2.00000000e+00  1.44850000e-04  4.17191297e+00  1.44850000e-04  2.08595649e+00 
 1.44950000e-04  1.99995828e+00  1.44950000e-04  2.00000000e+00  1.44950000e-04  4.17191297e+00  1.44950000e-04  2.08595649e+00 
 1.45050000e-04  1.99995828e+00  1.45050000e-04  2.00000000e+00  1.45050000e-04  4.17191297e+00  1.45050000e-04  2.08595649e+00 
 1.45150000e-04  1.99995828e+00  1.45150000e-04  2.00000000e+00  1.45150000e-04  4.17191297e+00  1.45150000e-04  2.08595649e+00 
 1.45250000e-04  1.99995828e+00  1.45250000e-04  2.00000000e+00  1.45250000e-04  4.17191297e+00  1.45250000e-04  2.08595649e+00 
 1.45350000e-04  1.99995828e+00  1.45350000e-04  2.00000000e+00  1.45350000e-04  4.17191297e+00  1.45350000e-04  2.08595649e+00 
 1.45450000e-04  1.99995828e+00  1.45450000e-04  2.00000000e+00  1.45450000e-04  4.17191297e+00  1.45450000e-04  2.08595649e+00 
 1.45550000e-04  1.99995828e+00  1.45550000e-04  2.00000000e+00  1.45550000e-04  4.17191297e+00  1.45550000e-04  2.08595649e+00 
 1.45650000e-04  1.99995828e+00  1.45650000e-04  2.00000000e+00  1.45650000e-04  4.17191297e+00  1.45650000e-04  2.08595649e+00 
 1.45750000e-04  1.99995828e+00  1.45750000e-04  2.00000000e+00  1.45750000e-04  4.17191297e+00  1.45750000e-04  2.08595649e+00 
 1.45850000e-04  1.99995828e+00  1.45850000e-04  2.00000000e+00  1.45850000e-04  4.17191297e+00  1.45850000e-04  2.08595649e+00 
 1.45950000e-04  1.99995828e+00  1.45950000e-04  2.00000000e+00  1.45950000e-04  4.17191297e+00  1.45950000e-04  2.08595649e+00 
 1.46050000e-04  1.99995828e+00  1.46050000e-04  2.00000000e+00  1.46050000e-04  4.17191297e+00  1.46050000e-04  2.08595649e+00 
 1.46150000e-04  1.99995828e+00  1.46150000e-04  2.00000000e+00  1.46150000e-04  4.17191297e+00  1.46150000e-04  2.08595649e+00 
 1.46250000e-04  1.99995828e+00  1.46250000e-04  2.00000000e+00  1.46250000e-04  4.17191297e+00  1.46250000e-04  2.08595649e+00 
 1.46350000e-04  1.99995828e+00  1.46350000e-04  2.00000000e+00  1.46350000e-04  4.17191297e+00  1.46350000e-04  2.08595649e+00 
 1.46450000e-04  1.99995828e+00  1.46450000e-04  2.00000000e+00  1.46450000e-04  4.17191297e+00  1.46450000e-04  2.08595649e+00 
 1.46550000e-04  1.99995828e+00  1.46550000e-04  2.00000000e+00  1.46550000e-04  4.17191297e+00  1.46550000e-04  2.08595649e+00 
 1.46650000e-04  1.99995828e+00  1.46650000e-04  2.00000000e+00  1.46650000e-04  4.17191297e+00  1.46650000e-04  2.08595649e+00 
 1.46750000e-04  1.99995828e+00  1.46750000e-04  2.00000000e+00  1.46750000e-04  4.17191297e+00  1.46750000e-04  2.08595649e+00 
 1.46850000e-04  1.99995828e+00  1.46850000e-04  2.00000000e+00  1.46850000e-04  4.17191297e+00  1.46850000e-04  2.08595649e+00 
 1.46950000e-04  1.99995828e+00  1.46950000e-04  2.00000000e+00  1.46950000e-04  4.17191297e+00  1.46950000e-04  2.08595649e+00 
 1.47050000e-04  1.99995828e+00  1.47050000e-04  2.00000000e+00  1.47050000e-04  4.17191297e+00  1.47050000e-04  2.08595649e+00 
 1.47150000e-04  1.99995828e+00  1.47150000e-04  2.00000000e+00  1.47150000e-04  4.17191297e+00  1.47150000e-04  2.08595649e+00 
 1.47250000e-04  1.99995828e+00  1.47250000e-04  2.00000000e+00  1.47250000e-04  4.17191297e+00  1.47250000e-04  2.08595649e+00 
 1.47350000e-04  1.99995828e+00  1.47350000e-04  2.00000000e+00  1.47350000e-04  4.17191297e+00  1.47350000e-04  2.08595649e+00 
 1.47450000e-04  1.99995828e+00  1.47450000e-04  2.00000000e+00  1.47450000e-04  4.17191297e+00  1.47450000e-04  2.08595649e+00 
 1.47550000e-04  1.99995828e+00  1.47550000e-04  2.00000000e+00  1.47550000e-04  4.17191297e+00  1.47550000e-04  2.08595649e+00 
 1.47650000e-04  1.99995828e+00  1.47650000e-04  2.00000000e+00  1.47650000e-04  4.17191297e+00  1.47650000e-04  2.08595649e+00 
 1.47750000e-04  1.99995828e+00  1.47750000e-04  2.00000000e+00  1.47750000e-04  4.17191297e+00  1.47750000e-04  2.08595649e+00 
 1.47850000e-04  1.99995828e+00  1.47850000e-04  2.00000000e+00  1.47850000e-04  4.17191297e+00  1.47850000e-04  2.08595649e+00 
 1.47950000e-04  1.99995828e+00  1.47950000e-04  2.00000000e+00  1.47950000e-04  4.17191297e+00  1.47950000e-04  2.08595649e+00 
 1.48050000e-04  1.99995828e+00  1.48050000e-04  2.00000000e+00  1.48050000e-04  4.17191297e+00  1.48050000e-04  2.08595649e+00 
 1.48150000e-04  1.99995828e+00  1.48150000e-04  2.00000000e+00  1.48150000e-04  4.17191297e+00  1.48150000e-04  2.08595649e+00 
 1.48250000e-04  1.99995828e+00  1.48250000e-04  2.00000000e+00  1.48250000e-04  4.17191297e+00  1.48250000e-04  2.08595649e+00 
 1.48350000e-04  1.99995828e+00  1.48350000e-04  2.00000000e+00  1.48350000e-04  4.17191297e+00  1.48350000e-04  2.08595649e+00 
 1.48450000e-04  1.99995828e+00  1.48450000e-04  2.00000000e+00  1.48450000e-04  4.17191297e+00  1.48450000e-04  2.08595649e+00 
 1.48550000e-04  1.99995828e+00  1.48550000e-04  2.00000000e+00  1.48550000e-04  4.17191297e+00  1.48550000e-04  2.08595649e+00 
 1.48650000e-04  1.99995828e+00  1.48650000e-04  2.00000000e+00  1.48650000e-04  4.17191297e+00  1.48650000e-04  2.08595649e+00 
 1.48750000e-04  1.99995828e+00  1.48750000e-04  2.00000000e+00  1.48750000e-04  4.17191297e+00  1.48750000e-04  2.08595649e+00 
 1.48850000e-04  1.99995828e+00  1.48850000e-04  2.00000000e+00  1.48850000e-04  4.17191297e+00  1.48850000e-04  2.08595649e+00 
 1.48950000e-04  1.99995828e+00  1.48950000e-04  2.00000000e+00  1.48950000e-04  4.17191297e+00  1.48950000e-04  2.08595649e+00 
 1.49050000e-04  1.99995828e+00  1.49050000e-04  2.00000000e+00  1.49050000e-04  4.17191297e+00  1.49050000e-04  2.08595649e+00 
 1.49150000e-04  1.99995828e+00  1.49150000e-04  2.00000000e+00  1.49150000e-04  4.17191297e+00  1.49150000e-04  2.08595649e+00 
 1.49250000e-04  1.99995828e+00  1.49250000e-04  2.00000000e+00  1.49250000e-04  4.17191297e+00  1.49250000e-04  2.08595649e+00 
 1.49350000e-04  1.99995828e+00  1.49350000e-04  2.00000000e+00  1.49350000e-04  4.17191297e+00  1.49350000e-04  2.08595649e+00 
 1.49450000e-04  1.99995828e+00  1.49450000e-04  2.00000000e+00  1.49450000e-04  4.17191297e+00  1.49450000e-04  2.08595649e+00 
 1.49550000e-04  1.99995828e+00  1.49550000e-04  2.00000000e+00  1.49550000e-04  4.17191297e+00  1.49550000e-04  2.08595649e+00 
 1.49650000e-04  1.99995828e+00  1.49650000e-04  2.00000000e+00  1.49650000e-04  4.17191297e+00  1.49650000e-04  2.08595649e+00 
 1.49750000e-04  1.99995828e+00  1.49750000e-04  2.00000000e+00  1.49750000e-04  4.17191297e+00  1.49750000e-04  2.08595649e+00 
 1.49850000e-04  1.99995828e+00  1.49850000e-04  2.00000000e+00  1.49850000e-04  4.17191297e+00  1.49850000e-04  2.08595649e+00 
 1.49925000e-04  1.99995828e+00  1.49925000e-04  2.00000000e+00  1.49925000e-04  4.17191297e+00  1.49925000e-04  2.08595649e+00 
 1.50000000e-04  1.99995828e+00  1.50000000e-04  2.00000000e+00  1.50000000e-04  4.17191297e+00  1.50000000e-04  2.08595649e+00 
